variant,zone_consts,zone,extra_ms,phase,age_path_ms,total_hard,z0_hard,z1_hard,z2_hard,z3_hard,soft_pct,fleet_max_ey_m,profile,duration_s,git_sha
baseline,"0.0215,0.0035,0.004,50,100,350",3,20,0.0,110.5,0,0,0,0,0,4.27,0.4845,12.5,95,da06be4-dirty
baseline,"0.0215,0.0035,0.004,50,100,350",3,20,1.0,110.5,0,0,0,0,0,4.37,0.4895,12.5,95,da06be4-dirty
baseline,"0.0215,0.0035,0.004,50,100,350",3,20,2.0,110.5,0,0,0,0,0,4.46,0.4946,12.5,95,da06be4-dirty
baseline,"0.0215,0.0035,0.004,50,100,350",3,20,3.0,110.5,0,0,0,0,0,4.54,0.4996,12.5,95,da06be4-dirty
baseline,"0.0215,0.0035,0.004,50,100,350",3,20,4.0,110.5,0,0,0,0,0,4.59,0.5046,12.5,95,da06be4-dirty
baseline,"0.0215,0.0035,0.004,50,100,350",3,20,5.0,110.5,0,0,0,0,0,4.69,0.5097,12.5,95,da06be4-dirty
baseline,"0.0215,0.0035,0.004,50,100,350",3,20,6.0,110.5,0,0,0,0,0,4.73,0.5147,12.5,95,da06be4-dirty
baseline,"0.0215,0.0035,0.004,50,100,350",3,20,7.0,110.5,0,0,0,0,0,4.77,0.5197,12.5,95,da06be4-dirty
baseline,"0.0215,0.0035,0.004,50,100,350",3,20,8.0,110.5,0,0,0,0,0,4.83,0.5248,12.5,95,da06be4-dirty
baseline,"0.0215,0.0035,0.004,50,100,350",3,20,9.0,110.5,0,0,0,0,0,5.06,0.5298,12.5,95,da06be4-dirty
baseline,"0.0215,0.0035,0.004,50,100,350",3,20,10.0,110.5,0,0,0,0,0,5.29,0.5348,12.5,95,da06be4-dirty
baseline,"0.0215,0.0035,0.004,50,100,350",3,20,11.0,110.5,0,0,0,0,0,5.43,0.5399,12.5,95,da06be4-dirty
baseline,"0.0215,0.0035,0.004,50,100,350",3,20,12.0,110.5,0,0,0,0,0,5.52,0.5449,12.5,95,da06be4-dirty
baseline,"0.0215,0.0035,0.004,50,100,350",3,20,13.0,110.5,0,0,0,0,0,5.59,0.5499,12.5,95,da06be4-dirty
baseline,"0.0215,0.0035,0.004,50,100,350",3,20,14.0,110.5,0,0,0,0,0,5.69,0.555,12.5,95,da06be4-dirty
baseline,"0.0215,0.0035,0.004,50,100,350",3,20,15.0,110.5,0,0,0,0,0,5.8,0.56,12.5,95,da06be4-dirty
baseline,"0.0215,0.0035,0.004,50,100,350",3,20,16.0,110.5,0,0,0,0,0,5.86,0.5651,12.5,95,da06be4-dirty
baseline,"0.0215,0.0035,0.004,50,100,350",3,20,17.0,110.5,0,0,0,0,0,5.92,0.5701,12.5,95,da06be4-dirty
baseline,"0.0215,0.0035,0.004,50,100,350",3,20,18.0,110.5,0,0,0,0,0,5.99,0.5752,12.5,95,da06be4-dirty
baseline,"0.0215,0.0035,0.004,50,100,350",3,20,19.0,110.5,0,0,0,0,0,6.04,0.5802,12.5,95,da06be4-dirty
baseline,"0.0215,0.0035,0.004,50,100,350",3,20,19.9,110.5,0,0,0,0,0,6.09,0.5847,12.5,95,da06be4-dirty
baseline,"0.0215,0.0035,0.004,50,100,350",3,30,0.0,120.5,0,0,0,0,0,4.62,0.499,12.5,95,da06be4-dirty
baseline,"0.0215,0.0035,0.004,50,100,350",3,30,1.0,120.5,0,0,0,0,0,4.74,0.5041,12.5,95,da06be4-dirty
baseline,"0.0215,0.0035,0.004,50,100,350",3,30,2.0,120.5,0,0,0,0,0,4.83,0.5093,12.5,95,da06be4-dirty
baseline,"0.0215,0.0035,0.004,50,100,350",3,30,3.0,120.5,0,0,0,0,0,4.95,0.5144,12.5,95,da06be4-dirty
baseline,"0.0215,0.0035,0.004,50,100,350",3,30,4.0,120.5,0,0,0,0,0,5.01,0.5195,12.5,95,da06be4-dirty
baseline,"0.0215,0.0035,0.004,50,100,350",3,30,5.0,120.5,0,0,0,0,0,5.08,0.5246,12.5,95,da06be4-dirty
baseline,"0.0215,0.0035,0.004,50,100,350",3,30,6.0,120.5,0,0,0,0,0,5.12,0.5297,12.5,95,da06be4-dirty
baseline,"0.0215,0.0035,0.004,50,100,350",3,30,7.0,120.5,0,0,0,0,0,5.19,0.5349,12.5,95,da06be4-dirty
baseline,"0.0215,0.0035,0.004,50,100,350",3,30,8.0,120.5,0,0,0,0,0,5.25,0.54,12.5,95,da06be4-dirty
baseline,"0.0215,0.0035,0.004,50,100,350",3,30,9.0,120.5,0,0,0,0,0,5.54,0.5451,12.5,95,da06be4-dirty
baseline,"0.0215,0.0035,0.004,50,100,350",3,30,10.0,120.5,0,0,0,0,0,5.8,0.5502,12.5,95,da06be4-dirty
baseline,"0.0215,0.0035,0.004,50,100,350",3,30,11.0,120.5,0,0,0,0,0,5.91,0.5554,12.5,95,da06be4-dirty
baseline,"0.0215,0.0035,0.004,50,100,350",3,30,12.0,120.5,0,0,0,0,0,5.99,0.5605,12.5,95,da06be4-dirty
baseline,"0.0215,0.0035,0.004,50,100,350",3,30,13.0,120.5,0,0,0,0,0,6.06,0.5656,12.5,95,da06be4-dirty
baseline,"0.0215,0.0035,0.004,50,100,350",3,30,14.0,120.5,0,0,0,0,0,6.15,0.5707,12.5,95,da06be4-dirty
baseline,"0.0215,0.0035,0.004,50,100,350",3,30,15.0,120.5,0,0,0,0,0,6.26,0.5759,12.5,95,da06be4-dirty
baseline,"0.0215,0.0035,0.004,50,100,350",3,30,16.0,120.5,0,0,0,0,0,6.33,0.581,12.5,95,da06be4-dirty
baseline,"0.0215,0.0035,0.004,50,100,350",3,30,17.0,120.5,0,0,0,0,0,6.38,0.5861,12.5,95,da06be4-dirty
baseline,"0.0215,0.0035,0.004,50,100,350",3,30,18.0,120.5,0,0,0,0,0,6.42,0.5912,12.5,95,da06be4-dirty
baseline,"0.0215,0.0035,0.004,50,100,350",3,30,19.0,120.5,0,0,0,0,0,6.49,0.5964,12.5,95,da06be4-dirty
baseline,"0.0215,0.0035,0.004,50,100,350",3,30,19.9,120.5,0,0,0,0,0,6.49,0.6009,12.5,95,da06be4-dirty
baseline,"0.0215,0.0035,0.004,50,100,350",3,40,0.0,130.5,0,0,0,0,0,4.76,0.5725,12.5,95,da06be4-dirty
baseline,"0.0215,0.0035,0.004,50,100,350",3,40,1.0,130.5,0,0,0,0,0,4.87,0.5748,12.5,95,da06be4-dirty
baseline,"0.0215,0.0035,0.004,50,100,350",3,40,2.0,130.5,0,0,0,0,0,4.97,0.5771,12.5,95,da06be4-dirty
baseline,"0.0215,0.0035,0.004,50,100,350",3,40,3.0,130.5,0,0,0,0,0,5.06,0.5795,12.5,95,da06be4-dirty
baseline,"0.0215,0.0035,0.004,50,100,350",3,40,4.0,130.5,0,0,0,0,0,5.13,0.5819,12.5,95,da06be4-dirty
baseline,"0.0215,0.0035,0.004,50,100,350",3,40,5.0,130.5,0,0,0,0,0,5.19,0.5843,12.5,95,da06be4-dirty
baseline,"0.0215,0.0035,0.004,50,100,350",3,40,6.0,130.5,0,0,0,0,0,5.25,0.5868,12.5,95,da06be4-dirty
baseline,"0.0215,0.0035,0.004,50,100,350",3,40,7.0,130.5,0,0,0,0,0,5.31,0.5893,12.5,95,da06be4-dirty
baseline,"0.0215,0.0035,0.004,50,100,350",3,40,8.0,130.5,0,0,0,0,0,5.35,0.5918,12.5,95,da06be4-dirty
baseline,"0.0215,0.0035,0.004,50,100,350",3,40,9.0,130.5,0,0,0,0,0,5.62,0.5944,12.5,95,da06be4-dirty
baseline,"0.0215,0.0035,0.004,50,100,350",3,40,10.0,130.5,0,0,0,0,0,5.78,0.597,12.5,95,da06be4-dirty
baseline,"0.0215,0.0035,0.004,50,100,350",3,40,11.0,130.5,0,0,0,0,0,5.88,0.5996,12.5,95,da06be4-dirty
baseline,"0.0215,0.0035,0.004,50,100,350",3,40,12.0,130.5,0,0,0,0,0,5.99,0.6023,12.5,95,da06be4-dirty
baseline,"0.0215,0.0035,0.004,50,100,350",3,40,13.0,130.5,0,0,0,0,0,6.08,0.605,12.5,95,da06be4-dirty
baseline,"0.0215,0.0035,0.004,50,100,350",3,40,14.0,130.5,0,0,0,0,0,6.17,0.6077,12.5,95,da06be4-dirty
baseline,"0.0215,0.0035,0.004,50,100,350",3,40,15.0,130.5,0,0,0,0,0,6.25,0.6105,12.5,95,da06be4-dirty
baseline,"0.0215,0.0035,0.004,50,100,350",3,40,16.0,130.5,0,0,0,0,0,6.31,0.6133,12.5,95,da06be4-dirty
baseline,"0.0215,0.0035,0.004,50,100,350",3,40,17.0,130.5,0,0,0,0,0,6.38,0.6161,12.5,95,da06be4-dirty
baseline,"0.0215,0.0035,0.004,50,100,350",3,40,18.0,130.5,0,0,0,0,0,6.47,0.619,12.5,95,da06be4-dirty
baseline,"0.0215,0.0035,0.004,50,100,350",3,40,19.0,130.5,0,0,0,0,0,6.52,0.6218,12.5,95,da06be4-dirty
baseline,"0.0215,0.0035,0.004,50,100,350",3,40,19.9,130.5,0,0,0,0,0,6.56,0.6262,12.5,95,da06be4-dirty
baseline,"0.0215,0.0035,0.004,50,100,350",3,50,0.0,140.5,0,0,0,0,0,4.47,0.6547,12.5,95,da06be4-dirty
baseline,"0.0215,0.0035,0.004,50,100,350",3,50,1.0,140.5,0,0,0,0,0,4.58,0.6575,12.5,95,da06be4-dirty
baseline,"0.0215,0.0035,0.004,50,100,350",3,50,2.0,140.5,0,0,0,0,0,4.67,0.6604,12.5,95,da06be4-dirty
baseline,"0.0215,0.0035,0.004,50,100,350",3,50,3.0,140.5,0,0,0,0,0,4.75,0.6633,12.5,95,da06be4-dirty
baseline,"0.0215,0.0035,0.004,50,100,350",3,50,4.0,140.5,0,0,0,0,0,4.81,0.6662,12.5,95,da06be4-dirty
baseline,"0.0215,0.0035,0.004,50,100,350",3,50,5.0,140.5,0,0,0,0,0,4.87,0.6692,12.5,95,da06be4-dirty
baseline,"0.0215,0.0035,0.004,50,100,350",3,50,6.0,140.5,0,0,0,0,0,4.93,0.6722,12.5,95,da06be4-dirty
baseline,"0.0215,0.0035,0.004,50,100,350",3,50,7.0,140.5,0,0,0,0,0,5.0,0.6752,12.5,95,da06be4-dirty
baseline,"0.0215,0.0035,0.004,50,100,350",3,50,8.0,140.5,0,0,0,0,0,5.06,0.6783,12.5,95,da06be4-dirty
baseline,"0.0215,0.0035,0.004,50,100,350",3,50,9.0,140.5,0,0,0,0,0,5.32,0.6813,12.5,95,da06be4-dirty
baseline,"0.0215,0.0035,0.004,50,100,350",3,50,10.0,140.5,0,0,0,0,0,5.48,0.6845,12.5,95,da06be4-dirty
baseline,"0.0215,0.0035,0.004,50,100,350",3,50,11.0,140.5,0,0,0,0,0,5.67,0.6876,12.5,95,da06be4-dirty
baseline,"0.0215,0.0035,0.004,50,100,350",3,50,12.0,140.5,0,0,0,0,0,5.8,0.6908,12.5,95,da06be4-dirty
baseline,"0.0215,0.0035,0.004,50,100,350",3,50,13.0,140.5,0,0,0,0,0,5.94,0.694,12.5,95,da06be4-dirty
baseline,"0.0215,0.0035,0.004,50,100,350",3,50,14.0,140.5,0,0,0,0,0,6.03,0.6972,12.5,95,da06be4-dirty
baseline,"0.0215,0.0035,0.004,50,100,350",3,50,15.0,140.5,0,0,0,0,0,6.28,0.7004,12.5,95,da06be4-dirty
baseline,"0.0215,0.0035,0.004,50,100,350",3,50,16.0,140.5,0,0,0,0,0,6.41,0.7037,12.5,95,da06be4-dirty
baseline,"0.0215,0.0035,0.004,50,100,350",3,50,17.0,140.5,0,0,0,0,0,6.53,0.707,12.5,95,da06be4-dirty
baseline,"0.0215,0.0035,0.004,50,100,350",3,50,18.0,140.5,0,0,0,0,0,6.67,0.7104,12.5,95,da06be4-dirty
baseline,"0.0215,0.0035,0.004,50,100,350",3,50,19.0,140.5,0,0,0,0,0,6.8,0.7137,12.5,95,da06be4-dirty
baseline,"0.0215,0.0035,0.004,50,100,350",3,50,19.9,140.5,0,0,0,0,0,6.93,0.719,12.5,95,da06be4-dirty
baseline,"0.0215,0.0035,0.004,50,100,350",3,60,0.0,150.5,0,0,0,0,0,4.66,0.7318,12.5,95,da06be4-dirty
baseline,"0.0215,0.0035,0.004,50,100,350",3,60,1.0,150.5,0,0,0,0,0,4.79,0.7351,12.5,95,da06be4-dirty
baseline,"0.0215,0.0035,0.004,50,100,350",3,60,2.0,150.5,0,0,0,0,0,4.87,0.7385,12.5,95,da06be4-dirty
baseline,"0.0215,0.0035,0.004,50,100,350",3,60,3.0,150.5,0,0,0,0,0,4.97,0.7418,12.5,95,da06be4-dirty
baseline,"0.0215,0.0035,0.004,50,100,350",3,60,4.0,150.5,0,0,0,0,0,5.01,0.7453,12.5,95,da06be4-dirty
baseline,"0.0215,0.0035,0.004,50,100,350",3,60,5.0,150.5,0,0,0,0,0,5.11,0.7487,12.5,95,da06be4-dirty
baseline,"0.0215,0.0035,0.004,50,100,350",3,60,6.0,150.5,0,0,0,0,0,5.12,0.7522,12.5,95,da06be4-dirty
baseline,"0.0215,0.0035,0.004,50,100,350",3,60,7.0,150.5,0,0,0,0,0,5.27,0.7557,12.5,95,da06be4-dirty
baseline,"0.0215,0.0035,0.004,50,100,350",3,60,8.0,150.5,0,0,0,0,0,5.4,0.7592,12.5,95,da06be4-dirty
baseline,"0.0215,0.0035,0.004,50,100,350",3,60,9.0,150.5,0,0,0,0,0,5.72,0.7627,12.5,95,da06be4-dirty
baseline,"0.0215,0.0035,0.004,50,100,350",3,60,10.0,150.5,0,0,0,0,0,5.89,0.7663,12.5,95,da06be4-dirty
baseline,"0.0215,0.0035,0.004,50,100,350",3,60,11.0,150.5,0,0,0,0,0,6.04,0.7699,12.5,95,da06be4-dirty
baseline,"0.0215,0.0035,0.004,50,100,350",3,60,12.0,150.5,0,0,0,0,0,6.17,0.7735,12.5,95,da06be4-dirty
baseline,"0.0215,0.0035,0.004,50,100,350",3,60,13.0,150.5,0,0,0,0,0,6.35,0.7771,12.5,95,da06be4-dirty
baseline,"0.0215,0.0035,0.004,50,100,350",3,60,14.0,150.5,0,0,0,0,0,6.53,0.7808,12.5,95,da06be4-dirty
baseline,"0.0215,0.0035,0.004,50,100,350",3,60,15.0,150.5,0,0,0,0,0,6.67,0.7845,12.5,95,da06be4-dirty
baseline,"0.0215,0.0035,0.004,50,100,350",3,60,16.0,150.5,0,0,0,0,0,6.8,0.7882,12.5,95,da06be4-dirty
baseline,"0.0215,0.0035,0.004,50,100,350",3,60,17.0,150.5,0,0,0,0,0,6.92,0.792,12.5,95,da06be4-dirty
baseline,"0.0215,0.0035,0.004,50,100,350",3,60,18.0,150.5,0,0,0,0,0,7.01,0.7957,12.5,95,da06be4-dirty
baseline,"0.0215,0.0035,0.004,50,100,350",3,60,19.0,150.5,0,0,0,0,0,7.14,0.7995,12.5,95,da06be4-dirty
baseline,"0.0215,0.0035,0.004,50,100,350",3,60,19.9,150.5,5,0,0,0,5,7.29,0.8017,12.5,95,da06be4-dirty
baseline,"0.0215,0.0035,0.004,50,100,350",3,70,0.0,160.5,0,0,0,0,0,5.54,0.7964,12.5,95,da06be4-dirty
baseline,"0.0215,0.0035,0.004,50,100,350",3,70,1.0,160.5,1,0,0,0,1,5.68,0.8001,12.5,95,da06be4-dirty
baseline,"0.0215,0.0035,0.004,50,100,350",3,70,2.0,160.5,7,0,0,0,7,5.81,0.8039,12.5,95,da06be4-dirty
baseline,"0.0215,0.0035,0.004,50,100,350",3,70,3.0,160.5,10,0,0,0,10,5.91,0.8077,12.5,95,da06be4-dirty
baseline,"0.0215,0.0035,0.004,50,100,350",3,70,4.0,160.5,13,0,0,0,13,5.98,0.8115,12.5,95,da06be4-dirty
baseline,"0.0215,0.0035,0.004,50,100,350",3,70,5.0,160.5,15,0,0,0,15,6.09,0.8153,12.5,95,da06be4-dirty
baseline,"0.0215,0.0035,0.004,50,100,350",3,70,6.0,160.5,17,0,0,0,17,6.17,0.8191,12.5,95,da06be4-dirty
baseline,"0.0215,0.0035,0.004,50,100,350",3,70,7.0,160.5,18,0,0,0,18,6.25,0.823,12.5,95,da06be4-dirty
baseline,"0.0215,0.0035,0.004,50,100,350",3,70,8.0,160.5,20,0,0,0,20,6.34,0.8269,12.5,95,da06be4-dirty
baseline,"0.0215,0.0035,0.004,50,100,350",3,70,9.0,160.5,21,0,0,0,21,6.63,0.8308,12.5,95,da06be4-dirty
baseline,"0.0215,0.0035,0.004,50,100,350",3,70,10.0,160.5,23,0,0,0,23,6.81,0.8348,12.5,95,da06be4-dirty
baseline,"0.0215,0.0035,0.004,50,100,350",3,70,11.0,160.5,24,0,0,0,24,6.93,0.8387,12.5,95,da06be4-dirty
baseline,"0.0215,0.0035,0.004,50,100,350",3,70,12.0,160.5,25,0,0,0,25,7.05,0.8427,12.5,95,da06be4-dirty
baseline,"0.0215,0.0035,0.004,50,100,350",3,70,13.0,160.5,26,0,0,0,26,7.17,0.8467,12.5,95,da06be4-dirty
baseline,"0.0215,0.0035,0.004,50,100,350",3,70,14.0,160.5,27,0,0,0,27,7.28,0.8507,12.5,95,da06be4-dirty
baseline,"0.0215,0.0035,0.004,50,100,350",3,70,15.0,160.5,29,1,0,0,28,7.41,0.8548,12.5,95,da06be4-dirty
baseline,"0.0215,0.0035,0.004,50,100,350",3,70,16.0,160.5,29,1,0,0,28,7.48,0.8588,12.5,95,da06be4-dirty
baseline,"0.0215,0.0035,0.004,50,100,350",3,70,17.0,160.5,30,1,0,0,29,7.55,0.8629,12.5,95,da06be4-dirty
baseline,"0.0215,0.0035,0.004,50,100,350",3,70,18.0,160.5,31,1,0,0,30,7.66,0.867,12.5,95,da06be4-dirty
baseline,"0.0215,0.0035,0.004,50,100,350",3,70,19.0,160.5,32,2,0,0,30,7.74,0.8711,12.5,95,da06be4-dirty
baseline,"0.0215,0.0035,0.004,50,100,350",3,70,19.9,160.5,32,2,0,0,30,7.86,0.8707,12.5,95,da06be4-dirty
baseline,"0.0215,0.0035,0.004,50,100,350",3,80,0.0,170.5,26,1,0,0,25,6.37,0.8505,12.5,95,da06be4-dirty
baseline,"0.0215,0.0035,0.004,50,100,350",3,80,1.0,170.5,27,1,0,0,26,6.48,0.8546,12.5,95,da06be4-dirty
baseline,"0.0215,0.0035,0.004,50,100,350",3,80,2.0,170.5,29,2,0,0,27,6.55,0.8587,12.5,95,da06be4-dirty
baseline,"0.0215,0.0035,0.004,50,100,350",3,80,3.0,170.5,29,2,0,0,27,6.67,0.8628,12.5,95,da06be4-dirty
baseline,"0.0215,0.0035,0.004,50,100,350",3,80,4.0,170.5,30,2,0,0,28,6.75,0.8669,12.5,95,da06be4-dirty
baseline,"0.0215,0.0035,0.004,50,100,350",3,80,5.0,170.5,32,3,0,0,29,6.82,0.8711,12.5,95,da06be4-dirty
baseline,"0.0215,0.0035,0.004,50,100,350",3,80,6.0,170.5,32,3,0,0,29,6.86,0.8753,12.5,95,da06be4-dirty
baseline,"0.0215,0.0035,0.004,50,100,350",3,80,7.0,170.5,33,3,0,0,30,6.93,0.8795,12.5,95,da06be4-dirty
baseline,"0.0215,0.0035,0.004,50,100,350",3,80,8.0,170.5,33,3,0,0,30,7.0,0.8837,12.5,95,da06be4-dirty
baseline,"0.0215,0.0035,0.004,50,100,350",3,80,9.0,170.5,35,4,0,0,31,7.24,0.8879,12.5,95,da06be4-dirty
baseline,"0.0215,0.0035,0.004,50,100,350",3,80,10.0,170.5,35,3,0,0,32,7.45,0.8922,12.5,95,da06be4-dirty
baseline,"0.0215,0.0035,0.004,50,100,350",3,80,11.0,170.5,36,3,0,0,33,7.56,0.8964,12.5,95,da06be4-dirty
baseline,"0.0215,0.0035,0.004,50,100,350",3,80,12.0,170.5,36,3,0,0,33,7.67,0.9007,12.5,95,da06be4-dirty
baseline,"0.0215,0.0035,0.004,50,100,350",3,80,13.0,170.5,37,3,0,0,34,7.76,0.905,12.5,95,da06be4-dirty
baseline,"0.0215,0.0035,0.004,50,100,350",3,80,14.0,170.5,38,4,0,0,34,7.86,0.9094,12.5,95,da06be4-dirty
baseline,"0.0215,0.0035,0.004,50,100,350",3,80,15.0,170.5,39,4,0,0,35,7.95,0.9137,12.5,95,da06be4-dirty
baseline,"0.0215,0.0035,0.004,50,100,350",3,80,16.0,170.5,48,4,0,0,44,8.0,0.9181,12.5,95,da06be4-dirty
baseline,"0.0215,0.0035,0.004,50,100,350",3,80,17.0,170.5,54,4,0,0,50,8.11,0.9224,12.5,95,da06be4-dirty
baseline,"0.0215,0.0035,0.004,50,100,350",3,80,18.0,170.5,57,4,0,0,53,8.19,0.9268,12.5,95,da06be4-dirty
baseline,"0.0215,0.0035,0.004,50,100,350",3,80,19.0,170.5,61,5,0,0,56,8.29,0.9312,12.5,95,da06be4-dirty
baseline,"0.0215,0.0035,0.004,50,100,350",3,80,19.9,170.5,62,5,0,0,57,8.55,0.928,12.5,95,da06be4-dirty
baseline,"0.0215,0.0035,0.004,50,100,350",3,90,0.0,180.5,58,5,0,0,53,7.17,0.8998,12.5,95,da06be4-dirty
baseline,"0.0215,0.0035,0.004,50,100,350",3,90,1.0,180.5,60,5,0,0,55,7.29,0.9042,12.5,95,da06be4-dirty
baseline,"0.0215,0.0035,0.004,50,100,350",3,90,2.0,180.5,62,5,0,0,57,7.41,0.9086,12.5,95,da06be4-dirty
baseline,"0.0215,0.0035,0.004,50,100,350",3,90,3.0,180.5,63,5,0,0,58,7.51,0.913,12.5,95,da06be4-dirty
baseline,"0.0215,0.0035,0.004,50,100,350",3,90,4.0,180.5,66,5,0,0,61,7.57,0.9174,12.5,95,da06be4-dirty
baseline,"0.0215,0.0035,0.004,50,100,350",3,90,5.0,180.5,68,6,0,0,62,7.64,0.9219,12.5,95,da06be4-dirty
baseline,"0.0215,0.0035,0.004,50,100,350",3,90,6.0,180.5,69,6,0,0,63,7.71,0.9264,12.5,95,da06be4-dirty
baseline,"0.0215,0.0035,0.004,50,100,350",3,90,7.0,180.5,71,6,0,0,65,7.79,0.9308,12.5,95,da06be4-dirty
baseline,"0.0215,0.0035,0.004,50,100,350",3,90,8.0,180.5,73,6,0,0,67,7.83,0.9353,12.5,95,da06be4-dirty
baseline,"0.0215,0.0035,0.004,50,100,350",3,90,9.0,180.5,74,6,0,0,68,8.09,0.9399,12.5,95,da06be4-dirty
baseline,"0.0215,0.0035,0.004,50,100,350",3,90,10.0,180.5,77,6,0,0,71,8.26,0.9444,12.5,95,da06be4-dirty
baseline,"0.0215,0.0035,0.004,50,100,350",3,90,11.0,180.5,78,6,0,0,72,8.4,0.949,12.5,95,da06be4-dirty
baseline,"0.0215,0.0035,0.004,50,100,350",3,90,12.0,180.5,79,6,0,0,73,8.52,0.9535,12.5,95,da06be4-dirty
baseline,"0.0215,0.0035,0.004,50,100,350",3,90,13.0,180.5,81,6,0,0,75,8.58,0.9581,12.5,95,da06be4-dirty
baseline,"0.0215,0.0035,0.004,50,100,350",3,90,14.0,180.5,82,6,0,0,76,8.71,0.9627,12.5,95,da06be4-dirty
baseline,"0.0215,0.0035,0.004,50,100,350",3,90,15.0,180.5,83,6,0,0,77,8.81,0.9674,12.5,95,da06be4-dirty
baseline,"0.0215,0.0035,0.004,50,100,350",3,90,16.0,180.5,86,7,0,0,79,8.87,0.972,12.5,95,da06be4-dirty
baseline,"0.0215,0.0035,0.004,50,100,350",3,90,17.0,180.5,87,7,0,0,80,8.96,0.9766,12.5,95,da06be4-dirty
baseline,"0.0215,0.0035,0.004,50,100,350",3,90,18.0,180.5,88,7,0,0,81,9.05,0.9813,12.5,95,da06be4-dirty
baseline,"0.0215,0.0035,0.004,50,100,350",3,90,19.0,180.5,90,7,0,0,83,9.11,0.986,12.5,95,da06be4-dirty
baseline,"0.0215,0.0035,0.004,50,100,350",3,90,19.9,180.5,89,7,0,0,82,9.25,0.9831,12.5,95,da06be4-dirty
baseline,"0.0215,0.0035,0.004,50,100,350",3,100,0.0,190.5,86,9,0,0,77,7.73,0.9539,12.5,95,da06be4-dirty
baseline,"0.0215,0.0035,0.004,50,100,350",3,100,1.0,190.5,87,9,0,0,78,7.84,0.9585,12.5,95,da06be4-dirty
baseline,"0.0215,0.0035,0.004,50,100,350",3,100,2.0,190.5,88,9,0,0,79,7.93,0.9632,12.5,95,da06be4-dirty
baseline,"0.0215,0.0035,0.004,50,100,350",3,100,3.0,190.5,89,9,0,0,80,8.03,0.9679,12.5,95,da06be4-dirty
baseline,"0.0215,0.0035,0.004,50,100,350",3,100,4.0,190.5,90,9,0,0,81,8.08,0.9726,12.5,95,da06be4-dirty
baseline,"0.0215,0.0035,0.004,50,100,350",3,100,5.0,190.5,91,9,0,0,82,8.17,0.9774,12.5,95,da06be4-dirty
baseline,"0.0215,0.0035,0.004,50,100,350",3,100,6.0,190.5,93,10,0,0,83,8.22,0.9821,12.5,95,da06be4-dirty
baseline,"0.0215,0.0035,0.004,50,100,350",3,100,7.0,190.5,95,10,0,0,85,8.28,0.9869,12.5,95,da06be4-dirty
baseline,"0.0215,0.0035,0.004,50,100,350",3,100,8.0,190.5,95,10,0,0,85,8.34,0.9917,12.5,95,da06be4-dirty
baseline,"0.0215,0.0035,0.004,50,100,350",3,100,9.0,190.5,96,10,0,0,86,8.61,0.9965,12.5,95,da06be4-dirty
baseline,"0.0215,0.0035,0.004,50,100,350",3,100,10.0,190.5,97,9,0,0,88,8.78,1.0013,12.5,95,da06be4-dirty
baseline,"0.0215,0.0035,0.004,50,100,350",3,100,11.0,190.5,98,9,0,0,89,8.89,1.0062,12.5,95,da06be4-dirty
baseline,"0.0215,0.0035,0.004,50,100,350",3,100,12.0,190.5,98,9,0,0,89,8.96,1.011,12.5,95,da06be4-dirty
baseline,"0.0215,0.0035,0.004,50,100,350",3,100,13.0,190.5,101,9,0,0,92,9.06,1.0159,12.5,95,da06be4-dirty
baseline,"0.0215,0.0035,0.004,50,100,350",3,100,14.0,190.5,102,10,0,0,92,9.18,1.0208,12.5,95,da06be4-dirty
baseline,"0.0215,0.0035,0.004,50,100,350",3,100,15.0,190.5,103,10,0,0,93,9.27,1.0257,12.5,95,da06be4-dirty
baseline,"0.0215,0.0035,0.004,50,100,350",3,100,16.0,190.5,104,10,0,0,94,9.36,1.0306,12.5,95,da06be4-dirty
baseline,"0.0215,0.0035,0.004,50,100,350",3,100,17.0,190.5,105,10,0,0,95,9.4,1.0356,12.5,95,da06be4-dirty
baseline,"0.0215,0.0035,0.004,50,100,350",3,100,18.0,190.5,105,10,0,0,95,9.47,1.0405,12.5,95,da06be4-dirty
baseline,"0.0215,0.0035,0.004,50,100,350",3,100,19.0,190.5,106,10,0,0,96,9.54,1.0455,12.5,95,da06be4-dirty
baseline,"0.0215,0.0035,0.004,50,100,350",3,100,19.9,190.5,106,10,0,0,96,9.63,1.0435,12.5,95,da06be4-dirty
baseline,"0.0215,0.0035,0.004,50,100,350",2,60,0.0,150.5,0,0,0,0,0,4.86,0.4398,12.5,95,da06be4-dirty
baseline,"0.0215,0.0035,0.004,50,100,350",2,60,1.0,150.5,0,0,0,0,0,4.93,0.4446,12.5,95,da06be4-dirty
baseline,"0.0215,0.0035,0.004,50,100,350",2,60,2.0,150.5,0,0,0,0,0,4.98,0.4494,12.5,95,da06be4-dirty
baseline,"0.0215,0.0035,0.004,50,100,350",2,60,3.0,150.5,0,0,0,0,0,5.02,0.4543,12.5,95,da06be4-dirty
baseline,"0.0215,0.0035,0.004,50,100,350",2,60,4.0,150.5,0,0,0,0,0,5.06,0.4591,12.5,95,da06be4-dirty
baseline,"0.0215,0.0035,0.004,50,100,350",2,60,5.0,150.5,0,0,0,0,0,5.11,0.4639,12.5,95,da06be4-dirty
baseline,"0.0215,0.0035,0.004,50,100,350",2,60,6.0,150.5,0,0,0,0,0,5.15,0.4688,12.5,95,da06be4-dirty
baseline,"0.0215,0.0035,0.004,50,100,350",2,60,7.0,150.5,0,0,0,0,0,5.22,0.4736,12.5,95,da06be4-dirty
baseline,"0.0215,0.0035,0.004,50,100,350",2,60,8.0,150.5,0,0,0,0,0,5.25,0.4784,12.5,95,da06be4-dirty
baseline,"0.0215,0.0035,0.004,50,100,350",2,60,9.0,150.5,0,0,0,0,0,5.27,0.4833,12.5,95,da06be4-dirty
baseline,"0.0215,0.0035,0.004,50,100,350",2,60,10.0,150.5,0,0,0,0,0,5.34,0.4881,12.5,95,da06be4-dirty
baseline,"0.0215,0.0035,0.004,50,100,350",2,60,11.0,150.5,0,0,0,0,0,5.43,0.493,12.5,95,da06be4-dirty
baseline,"0.0215,0.0035,0.004,50,100,350",2,60,12.0,150.5,0,0,0,0,0,5.53,0.4978,12.5,95,da06be4-dirty
baseline,"0.0215,0.0035,0.004,50,100,350",2,60,13.0,150.5,0,0,0,0,0,5.58,0.5027,12.5,95,da06be4-dirty
baseline,"0.0215,0.0035,0.004,50,100,350",2,60,14.0,150.5,0,0,0,0,0,5.65,0.5075,12.5,95,da06be4-dirty
baseline,"0.0215,0.0035,0.004,50,100,350",2,60,15.0,150.5,0,0,0,0,0,5.74,0.5124,12.5,95,da06be4-dirty
baseline,"0.0215,0.0035,0.004,50,100,350",2,60,16.0,150.5,0,0,0,0,0,5.82,0.5172,12.5,95,da06be4-dirty
baseline,"0.0215,0.0035,0.004,50,100,350",2,60,17.0,150.5,0,0,0,0,0,5.89,0.5221,12.5,95,da06be4-dirty
baseline,"0.0215,0.0035,0.004,50,100,350",2,60,18.0,150.5,0,0,0,0,0,5.97,0.527,12.5,95,da06be4-dirty
baseline,"0.0215,0.0035,0.004,50,100,350",2,60,19.0,150.5,0,0,0,0,0,6.06,0.5318,12.5,95,da06be4-dirty
baseline,"0.0215,0.0035,0.004,50,100,350",2,60,19.9,150.5,0,0,0,0,0,6.14,0.5362,12.5,95,da06be4-dirty
baseline,"0.0215,0.0035,0.004,50,100,350",2,70,0.0,160.5,0,0,0,0,0,5.23,0.4399,12.5,95,da06be4-dirty
baseline,"0.0215,0.0035,0.004,50,100,350",2,70,1.0,160.5,0,0,0,0,0,5.29,0.4447,12.5,95,da06be4-dirty
baseline,"0.0215,0.0035,0.004,50,100,350",2,70,2.0,160.5,0,0,0,0,0,5.37,0.4495,12.5,95,da06be4-dirty
baseline,"0.0215,0.0035,0.004,50,100,350",2,70,3.0,160.5,0,0,0,0,0,5.43,0.4543,12.5,95,da06be4-dirty
baseline,"0.0215,0.0035,0.004,50,100,350",2,70,4.0,160.5,0,0,0,0,0,5.46,0.4591,12.5,95,da06be4-dirty
baseline,"0.0215,0.0035,0.004,50,100,350",2,70,5.0,160.5,0,0,0,0,0,5.53,0.464,12.5,95,da06be4-dirty
baseline,"0.0215,0.0035,0.004,50,100,350",2,70,6.0,160.5,0,0,0,0,0,5.6,0.4688,12.5,95,da06be4-dirty
baseline,"0.0215,0.0035,0.004,50,100,350",2,70,7.0,160.5,0,0,0,0,0,5.66,0.4737,12.5,95,da06be4-dirty
baseline,"0.0215,0.0035,0.004,50,100,350",2,70,8.0,160.5,0,0,0,0,0,5.69,0.4785,12.5,95,da06be4-dirty
baseline,"0.0215,0.0035,0.004,50,100,350",2,70,9.0,160.5,0,0,0,0,0,5.72,0.4833,12.5,95,da06be4-dirty
baseline,"0.0215,0.0035,0.004,50,100,350",2,70,10.0,160.5,0,0,0,0,0,5.79,0.4882,12.5,95,da06be4-dirty
baseline,"0.0215,0.0035,0.004,50,100,350",2,70,11.0,160.5,0,0,0,0,0,5.82,0.493,12.5,95,da06be4-dirty
baseline,"0.0215,0.0035,0.004,50,100,350",2,70,12.0,160.5,0,0,0,0,0,5.87,0.4979,12.5,95,da06be4-dirty
baseline,"0.0215,0.0035,0.004,50,100,350",2,70,13.0,160.5,0,0,0,0,0,5.91,0.5027,12.5,95,da06be4-dirty
baseline,"0.0215,0.0035,0.004,50,100,350",2,70,14.0,160.5,0,0,0,0,0,5.97,0.5076,12.5,95,da06be4-dirty
baseline,"0.0215,0.0035,0.004,50,100,350",2,70,15.0,160.5,0,0,0,0,0,6.03,0.5124,12.5,95,da06be4-dirty
baseline,"0.0215,0.0035,0.004,50,100,350",2,70,16.0,160.5,0,0,0,0,0,6.08,0.5173,12.5,95,da06be4-dirty
baseline,"0.0215,0.0035,0.004,50,100,350",2,70,17.0,160.5,0,0,0,0,0,6.17,0.5222,12.5,95,da06be4-dirty
baseline,"0.0215,0.0035,0.004,50,100,350",2,70,18.0,160.5,0,0,0,0,0,6.23,0.527,12.5,95,da06be4-dirty
baseline,"0.0215,0.0035,0.004,50,100,350",2,70,19.0,160.5,0,0,0,0,0,6.28,0.5319,12.5,95,da06be4-dirty
baseline,"0.0215,0.0035,0.004,50,100,350",2,70,19.9,160.5,0,0,0,0,0,6.36,0.5363,12.5,95,da06be4-dirty
baseline,"0.0215,0.0035,0.004,50,100,350",2,80,0.0,170.5,0,0,0,0,0,5.54,0.4398,12.5,95,da06be4-dirty
baseline,"0.0215,0.0035,0.004,50,100,350",2,80,1.0,170.5,0,0,0,0,0,5.59,0.4447,12.5,95,da06be4-dirty
baseline,"0.0215,0.0035,0.004,50,100,350",2,80,2.0,170.5,0,0,0,0,0,5.64,0.4495,12.5,95,da06be4-dirty
baseline,"0.0215,0.0035,0.004,50,100,350",2,80,3.0,170.5,0,0,0,0,0,5.69,0.4543,12.5,95,da06be4-dirty
baseline,"0.0215,0.0035,0.004,50,100,350",2,80,4.0,170.5,0,0,0,0,0,5.75,0.4591,12.5,95,da06be4-dirty
baseline,"0.0215,0.0035,0.004,50,100,350",2,80,5.0,170.5,0,0,0,0,0,5.79,0.464,12.5,95,da06be4-dirty
baseline,"0.0215,0.0035,0.004,50,100,350",2,80,6.0,170.5,0,0,0,0,0,5.83,0.4688,12.5,95,da06be4-dirty
baseline,"0.0215,0.0035,0.004,50,100,350",2,80,7.0,170.5,0,0,0,0,0,5.89,0.4736,12.5,95,da06be4-dirty
baseline,"0.0215,0.0035,0.004,50,100,350",2,80,8.0,170.5,0,0,0,0,0,5.92,0.4785,12.5,95,da06be4-dirty
baseline,"0.0215,0.0035,0.004,50,100,350",2,80,9.0,170.5,0,0,0,0,0,5.95,0.4833,12.5,95,da06be4-dirty
baseline,"0.0215,0.0035,0.004,50,100,350",2,80,10.0,170.5,0,0,0,0,0,6.0,0.4882,12.5,95,da06be4-dirty
baseline,"0.0215,0.0035,0.004,50,100,350",2,80,11.0,170.5,0,0,0,0,0,6.05,0.493,12.5,95,da06be4-dirty
baseline,"0.0215,0.0035,0.004,50,100,350",2,80,12.0,170.5,0,0,0,0,0,6.07,0.4979,12.5,95,da06be4-dirty
baseline,"0.0215,0.0035,0.004,50,100,350",2,80,13.0,170.5,0,0,0,0,0,6.12,0.5027,12.5,95,da06be4-dirty
baseline,"0.0215,0.0035,0.004,50,100,350",2,80,14.0,170.5,0,0,0,0,0,6.15,0.5076,12.5,95,da06be4-dirty
baseline,"0.0215,0.0035,0.004,50,100,350",2,80,15.0,170.5,0,0,0,0,0,6.2,0.5124,12.5,95,da06be4-dirty
baseline,"0.0215,0.0035,0.004,50,100,350",2,80,16.0,170.5,0,0,0,0,0,6.28,0.5173,12.5,95,da06be4-dirty
baseline,"0.0215,0.0035,0.004,50,100,350",2,80,17.0,170.5,0,0,0,0,0,6.34,0.5221,12.5,95,da06be4-dirty
baseline,"0.0215,0.0035,0.004,50,100,350",2,80,18.0,170.5,0,0,0,0,0,6.42,0.527,12.5,95,da06be4-dirty
baseline,"0.0215,0.0035,0.004,50,100,350",2,80,19.0,170.5,0,0,0,0,0,6.47,0.5319,12.5,95,da06be4-dirty
baseline,"0.0215,0.0035,0.004,50,100,350",2,80,19.9,170.5,0,0,0,0,0,6.54,0.5363,12.5,95,da06be4-dirty
baseline,"0.0215,0.0035,0.004,50,100,350",2,90,0.0,180.5,0,0,0,0,0,5.92,0.4398,12.5,95,da06be4-dirty
baseline,"0.0215,0.0035,0.004,50,100,350",2,90,1.0,180.5,0,0,0,0,0,5.98,0.4446,12.5,95,da06be4-dirty
baseline,"0.0215,0.0035,0.004,50,100,350",2,90,2.0,180.5,0,0,0,0,0,6.05,0.4494,12.5,95,da06be4-dirty
baseline,"0.0215,0.0035,0.004,50,100,350",2,90,3.0,180.5,0,0,0,0,0,6.12,0.4543,12.5,95,da06be4-dirty
baseline,"0.0215,0.0035,0.004,50,100,350",2,90,4.0,180.5,0,0,0,0,0,6.16,0.4591,12.5,95,da06be4-dirty
baseline,"0.0215,0.0035,0.004,50,100,350",2,90,5.0,180.5,0,0,0,0,0,6.22,0.4639,12.5,95,da06be4-dirty
baseline,"0.0215,0.0035,0.004,50,100,350",2,90,6.0,180.5,0,0,0,0,0,6.28,0.4687,12.5,95,da06be4-dirty
baseline,"0.0215,0.0035,0.004,50,100,350",2,90,7.0,180.5,0,0,0,0,0,6.36,0.4736,12.5,95,da06be4-dirty
baseline,"0.0215,0.0035,0.004,50,100,350",2,90,8.0,180.5,0,0,0,0,0,6.39,0.4784,12.5,95,da06be4-dirty
baseline,"0.0215,0.0035,0.004,50,100,350",2,90,9.0,180.5,0,0,0,0,0,6.4,0.4833,12.5,95,da06be4-dirty
baseline,"0.0215,0.0035,0.004,50,100,350",2,90,10.0,180.5,0,0,0,0,0,6.56,0.4881,12.5,95,da06be4-dirty
baseline,"0.0215,0.0035,0.004,50,100,350",2,90,11.0,180.5,0,0,0,0,0,6.62,0.493,12.5,95,da06be4-dirty
baseline,"0.0215,0.0035,0.004,50,100,350",2,90,12.0,180.5,0,0,0,0,0,6.64,0.4978,12.5,95,da06be4-dirty
baseline,"0.0215,0.0035,0.004,50,100,350",2,90,13.0,180.5,0,0,0,0,0,6.67,0.5027,12.5,95,da06be4-dirty
baseline,"0.0215,0.0035,0.004,50,100,350",2,90,14.0,180.5,0,0,0,0,0,6.75,0.5075,12.5,95,da06be4-dirty
baseline,"0.0215,0.0035,0.004,50,100,350",2,90,15.0,180.5,0,0,0,0,0,6.77,0.5124,12.5,95,da06be4-dirty
baseline,"0.0215,0.0035,0.004,50,100,350",2,90,16.0,180.5,0,0,0,0,0,6.86,0.5172,12.5,95,da06be4-dirty
baseline,"0.0215,0.0035,0.004,50,100,350",2,90,17.0,180.5,0,0,0,0,0,6.93,0.5221,12.5,95,da06be4-dirty
baseline,"0.0215,0.0035,0.004,50,100,350",2,90,18.0,180.5,0,0,0,0,0,7.01,0.527,12.5,95,da06be4-dirty
baseline,"0.0215,0.0035,0.004,50,100,350",2,90,19.0,180.5,0,0,0,0,0,7.06,0.5318,12.5,95,da06be4-dirty
baseline,"0.0215,0.0035,0.004,50,100,350",2,90,19.9,180.5,0,0,0,0,0,7.13,0.5362,12.5,95,da06be4-dirty
baseline,"0.0215,0.0035,0.004,50,100,350",2,100,0.0,190.5,0,0,0,0,0,6.6,0.4397,12.5,95,da06be4-dirty
baseline,"0.0215,0.0035,0.004,50,100,350",2,100,1.0,190.5,0,0,0,0,0,6.66,0.4446,12.5,95,da06be4-dirty
baseline,"0.0215,0.0035,0.004,50,100,350",2,100,2.0,190.5,0,0,0,0,0,6.72,0.4494,12.5,95,da06be4-dirty
baseline,"0.0215,0.0035,0.004,50,100,350",2,100,3.0,190.5,0,0,0,0,0,6.77,0.4542,12.5,95,da06be4-dirty
baseline,"0.0215,0.0035,0.004,50,100,350",2,100,4.0,190.5,0,0,0,0,0,6.84,0.459,12.5,95,da06be4-dirty
baseline,"0.0215,0.0035,0.004,50,100,350",2,100,5.0,190.5,0,0,0,0,0,6.88,0.4639,12.5,95,da06be4-dirty
baseline,"0.0215,0.0035,0.004,50,100,350",2,100,6.0,190.5,0,0,0,0,0,6.93,0.4687,12.5,95,da06be4-dirty
baseline,"0.0215,0.0035,0.004,50,100,350",2,100,7.0,190.5,0,0,0,0,0,6.99,0.4735,12.5,95,da06be4-dirty
baseline,"0.0215,0.0035,0.004,50,100,350",2,100,8.0,190.5,0,0,0,0,0,7.02,0.4784,12.5,95,da06be4-dirty
baseline,"0.0215,0.0035,0.004,50,100,350",2,100,9.0,190.5,0,0,0,0,0,7.06,0.4832,12.5,95,da06be4-dirty
baseline,"0.0215,0.0035,0.004,50,100,350",2,100,10.0,190.5,0,0,0,0,0,7.17,0.4881,12.5,95,da06be4-dirty
baseline,"0.0215,0.0035,0.004,50,100,350",2,100,11.0,190.5,0,0,0,0,0,7.22,0.4929,12.5,95,da06be4-dirty
baseline,"0.0215,0.0035,0.004,50,100,350",2,100,12.0,190.5,0,0,0,0,0,7.24,0.4978,12.5,95,da06be4-dirty
baseline,"0.0215,0.0035,0.004,50,100,350",2,100,13.0,190.5,0,0,0,0,0,7.28,0.5026,12.5,95,da06be4-dirty
baseline,"0.0215,0.0035,0.004,50,100,350",2,100,14.0,190.5,0,0,0,0,0,7.36,0.5075,12.5,95,da06be4-dirty
baseline,"0.0215,0.0035,0.004,50,100,350",2,100,15.0,190.5,0,0,0,0,0,7.45,0.5123,12.5,95,da06be4-dirty
baseline,"0.0215,0.0035,0.004,50,100,350",2,100,16.0,190.5,0,0,0,0,0,7.55,0.5172,12.5,95,da06be4-dirty
baseline,"0.0215,0.0035,0.004,50,100,350",2,100,17.0,190.5,0,0,0,0,0,7.65,0.5221,12.5,95,da06be4-dirty
baseline,"0.0215,0.0035,0.004,50,100,350",2,100,18.0,190.5,0,0,0,0,0,7.77,0.5269,12.5,95,da06be4-dirty
baseline,"0.0215,0.0035,0.004,50,100,350",2,100,19.0,190.5,0,0,0,0,0,7.84,0.5318,12.5,95,da06be4-dirty
baseline,"0.0215,0.0035,0.004,50,100,350",2,100,19.9,190.5,0,0,0,0,0,7.94,0.5362,12.5,95,da06be4-dirty
baseline,"0.0215,0.0035,0.004,50,100,350",2,110,0.0,200.5,0,0,0,0,0,7.82,0.4395,12.5,95,da06be4-dirty
baseline,"0.0215,0.0035,0.004,50,100,350",2,110,1.0,200.5,0,0,0,0,0,7.84,0.4443,12.5,95,da06be4-dirty
baseline,"0.0215,0.0035,0.004,50,100,350",2,110,2.0,200.5,0,0,0,0,0,7.93,0.4491,12.5,95,da06be4-dirty
baseline,"0.0215,0.0035,0.004,50,100,350",2,110,3.0,200.5,0,0,0,0,0,7.97,0.4539,12.5,95,da06be4-dirty
baseline,"0.0215,0.0035,0.004,50,100,350",2,110,4.0,200.5,0,0,0,0,0,8.0,0.4588,12.5,95,da06be4-dirty
baseline,"0.0215,0.0035,0.004,50,100,350",2,110,5.0,200.5,0,0,0,0,0,8.03,0.4636,12.5,95,da06be4-dirty
baseline,"0.0215,0.0035,0.004,50,100,350",2,110,6.0,200.5,0,0,0,0,0,8.09,0.4684,12.5,95,da06be4-dirty
baseline,"0.0215,0.0035,0.004,50,100,350",2,110,7.0,200.5,0,0,0,0,0,8.14,0.4733,12.5,95,da06be4-dirty
baseline,"0.0215,0.0035,0.004,50,100,350",2,110,8.0,200.5,0,0,0,0,0,8.18,0.4781,12.5,95,da06be4-dirty
baseline,"0.0215,0.0035,0.004,50,100,350",2,110,9.0,200.5,0,0,0,0,0,8.21,0.483,12.5,95,da06be4-dirty
baseline,"0.0215,0.0035,0.004,50,100,350",2,110,10.0,200.5,0,0,0,0,0,8.29,0.4878,12.5,95,da06be4-dirty
baseline,"0.0215,0.0035,0.004,50,100,350",2,110,11.0,200.5,0,0,0,0,0,8.35,0.4926,12.5,95,da06be4-dirty
baseline,"0.0215,0.0035,0.004,50,100,350",2,110,12.0,200.5,0,0,0,0,0,8.38,0.4975,12.5,95,da06be4-dirty
baseline,"0.0215,0.0035,0.004,50,100,350",2,110,13.0,200.5,0,0,0,0,0,8.4,0.5023,12.5,95,da06be4-dirty
baseline,"0.0215,0.0035,0.004,50,100,350",2,110,14.0,200.5,0,0,0,0,0,8.47,0.5072,12.5,95,da06be4-dirty
baseline,"0.0215,0.0035,0.004,50,100,350",2,110,15.0,200.5,0,0,0,0,0,8.52,0.512,12.5,95,da06be4-dirty
baseline,"0.0215,0.0035,0.004,50,100,350",2,110,16.0,200.5,0,0,0,0,0,8.63,0.5169,12.5,95,da06be4-dirty
baseline,"0.0215,0.0035,0.004,50,100,350",2,110,17.0,200.5,0,0,0,0,0,8.74,0.5218,12.5,95,da06be4-dirty
baseline,"0.0215,0.0035,0.004,50,100,350",2,110,18.0,200.5,0,0,0,0,0,8.83,0.5266,12.5,95,da06be4-dirty
baseline,"0.0215,0.0035,0.004,50,100,350",2,110,19.0,200.5,0,0,0,0,0,8.91,0.5315,12.5,95,da06be4-dirty
baseline,"0.0215,0.0035,0.004,50,100,350",2,110,19.9,200.5,0,0,0,0,0,9.04,0.5359,12.5,95,da06be4-dirty
baseline,"0.0215,0.0035,0.004,50,100,350",2,120,0.0,210.5,0,0,0,0,0,9.18,0.4868,12.5,95,da06be4-dirty
baseline,"0.0215,0.0035,0.004,50,100,350",2,120,1.0,210.5,0,0,0,0,0,9.23,0.4894,12.5,95,da06be4-dirty
baseline,"0.0215,0.0035,0.004,50,100,350",2,120,2.0,210.5,0,0,0,0,0,9.31,0.4919,12.5,95,da06be4-dirty
baseline,"0.0215,0.0035,0.004,50,100,350",2,120,3.0,210.5,0,0,0,0,0,9.36,0.4945,12.5,95,da06be4-dirty
baseline,"0.0215,0.0035,0.004,50,100,350",2,120,4.0,210.5,0,0,0,0,0,9.4,0.4971,12.5,95,da06be4-dirty
baseline,"0.0215,0.0035,0.004,50,100,350",2,120,5.0,210.5,0,0,0,0,0,9.46,0.4997,12.5,95,da06be4-dirty
baseline,"0.0215,0.0035,0.004,50,100,350",2,120,6.0,210.5,0,0,0,0,0,9.51,0.5023,12.5,95,da06be4-dirty
baseline,"0.0215,0.0035,0.004,50,100,350",2,120,7.0,210.5,0,0,0,0,0,9.59,0.505,12.5,95,da06be4-dirty
baseline,"0.0215,0.0035,0.004,50,100,350",2,120,8.0,210.5,0,0,0,0,0,9.64,0.5076,12.5,95,da06be4-dirty
baseline,"0.0215,0.0035,0.004,50,100,350",2,120,9.0,210.5,0,0,0,0,0,9.65,0.5103,12.5,95,da06be4-dirty
baseline,"0.0215,0.0035,0.004,50,100,350",2,120,10.0,210.5,0,0,0,0,0,9.79,0.5167,12.5,95,da06be4-dirty
baseline,"0.0215,0.0035,0.004,50,100,350",2,120,11.0,210.5,0,0,0,0,0,9.83,0.5194,12.5,95,da06be4-dirty
baseline,"0.0215,0.0035,0.004,50,100,350",2,120,12.0,210.5,0,0,0,0,0,9.85,0.522,12.5,95,da06be4-dirty
baseline,"0.0215,0.0035,0.004,50,100,350",2,120,13.0,210.5,0,0,0,0,0,9.92,0.5247,12.5,95,da06be4-dirty
baseline,"0.0215,0.0035,0.004,50,100,350",2,120,14.0,210.5,0,0,0,0,0,9.96,0.5274,12.5,95,da06be4-dirty
baseline,"0.0215,0.0035,0.004,50,100,350",2,120,15.0,210.5,0,0,0,0,0,10.01,0.5301,12.5,95,da06be4-dirty
baseline,"0.0215,0.0035,0.004,50,100,350",2,120,16.0,210.5,0,0,0,0,0,10.09,0.5328,12.5,95,da06be4-dirty
baseline,"0.0215,0.0035,0.004,50,100,350",2,120,17.0,210.5,0,0,0,0,0,10.18,0.5355,12.5,95,da06be4-dirty
baseline,"0.0215,0.0035,0.004,50,100,350",2,120,18.0,210.5,0,0,0,0,0,10.24,0.5383,12.5,95,da06be4-dirty
baseline,"0.0215,0.0035,0.004,50,100,350",2,120,19.0,210.5,0,0,0,0,0,10.31,0.541,12.5,95,da06be4-dirty
baseline,"0.0215,0.0035,0.004,50,100,350",2,120,19.9,210.5,0,0,0,0,0,10.4,0.5438,12.5,95,da06be4-dirty
baseline,"0.0215,0.0035,0.004,50,100,350",2,130,0.0,220.5,0,0,0,0,0,10.85,0.5576,12.5,95,da06be4-dirty
baseline,"0.0215,0.0035,0.004,50,100,350",2,130,1.0,220.5,0,0,0,0,0,10.91,0.5604,12.5,95,da06be4-dirty
baseline,"0.0215,0.0035,0.004,50,100,350",2,130,2.0,220.5,0,0,0,0,0,10.97,0.5632,12.5,95,da06be4-dirty
baseline,"0.0215,0.0035,0.004,50,100,350",2,130,3.0,220.5,0,0,0,0,0,11.0,0.566,12.5,95,da06be4-dirty
baseline,"0.0215,0.0035,0.004,50,100,350",2,130,4.0,220.5,0,0,0,0,0,11.04,0.5688,12.5,95,da06be4-dirty
baseline,"0.0215,0.0035,0.004,50,100,350",2,130,5.0,220.5,0,0,0,0,0,11.09,0.5716,12.5,95,da06be4-dirty
baseline,"0.0215,0.0035,0.004,50,100,350",2,130,6.0,220.5,0,0,0,0,0,11.17,0.5745,12.5,95,da06be4-dirty
baseline,"0.0215,0.0035,0.004,50,100,350",2,130,7.0,220.5,0,0,0,0,0,11.18,0.5773,12.5,95,da06be4-dirty
baseline,"0.0215,0.0035,0.004,50,100,350",2,130,8.0,220.5,0,0,0,0,0,11.24,0.5802,12.5,95,da06be4-dirty
baseline,"0.0215,0.0035,0.004,50,100,350",2,130,9.0,220.5,0,0,0,0,0,11.25,0.5831,12.5,95,da06be4-dirty
baseline,"0.0215,0.0035,0.004,50,100,350",2,130,10.0,220.5,0,0,0,0,0,11.37,0.5898,12.5,95,da06be4-dirty
baseline,"0.0215,0.0035,0.004,50,100,350",2,130,11.0,220.5,0,0,0,0,0,11.38,0.5926,12.5,95,da06be4-dirty
baseline,"0.0215,0.0035,0.004,50,100,350",2,130,12.0,220.5,0,0,0,0,0,11.48,0.5955,12.5,95,da06be4-dirty
baseline,"0.0215,0.0035,0.004,50,100,350",2,130,13.0,220.5,0,0,0,0,0,11.56,0.5984,12.5,95,da06be4-dirty
baseline,"0.0215,0.0035,0.004,50,100,350",2,130,14.0,220.5,0,0,0,0,0,11.62,0.6013,12.5,95,da06be4-dirty
baseline,"0.0215,0.0035,0.004,50,100,350",2,130,15.0,220.5,0,0,0,0,0,11.68,0.6042,12.5,95,da06be4-dirty
baseline,"0.0215,0.0035,0.004,50,100,350",2,130,16.0,220.5,0,0,0,0,0,11.81,0.6071,12.5,95,da06be4-dirty
baseline,"0.0215,0.0035,0.004,50,100,350",2,130,17.0,220.5,0,0,0,0,0,11.88,0.61,12.5,95,da06be4-dirty
baseline,"0.0215,0.0035,0.004,50,100,350",2,130,18.0,220.5,0,0,0,0,0,12.0,0.613,12.5,95,da06be4-dirty
baseline,"0.0215,0.0035,0.004,50,100,350",2,130,19.0,220.5,0,0,0,0,0,12.02,0.6159,12.5,95,da06be4-dirty
baseline,"0.0215,0.0035,0.004,50,100,350",2,130,19.9,220.5,0,0,0,0,0,12.15,0.6187,12.5,95,da06be4-dirty
baseline,"0.0215,0.0035,0.004,50,100,350",2,140,0.0,230.5,0,0,0,0,0,13.38,0.6414,12.5,95,da06be4-dirty
baseline,"0.0215,0.0035,0.004,50,100,350",2,140,1.0,230.5,0,0,0,0,0,13.43,0.6445,12.5,95,da06be4-dirty
baseline,"0.0215,0.0035,0.004,50,100,350",2,140,2.0,230.5,0,0,0,0,0,13.52,0.6476,12.5,95,da06be4-dirty
baseline,"0.0215,0.0035,0.004,50,100,350",2,140,3.0,230.5,0,0,0,0,0,13.55,0.6507,12.5,95,da06be4-dirty
baseline,"0.0215,0.0035,0.004,50,100,350",2,140,4.0,230.5,0,0,0,0,0,13.63,0.6538,12.5,95,da06be4-dirty
baseline,"0.0215,0.0035,0.004,50,100,350",2,140,5.0,230.5,0,0,0,0,0,13.68,0.6569,12.5,95,da06be4-dirty
baseline,"0.0215,0.0035,0.004,50,100,350",2,140,6.0,230.5,0,0,0,0,0,13.71,0.6601,12.5,95,da06be4-dirty
baseline,"0.0215,0.0035,0.004,50,100,350",2,140,7.0,230.5,0,0,0,0,0,13.79,0.6632,12.5,95,da06be4-dirty
baseline,"0.0215,0.0035,0.004,50,100,350",2,140,8.0,230.5,0,0,0,0,0,13.84,0.6664,12.5,95,da06be4-dirty
baseline,"0.0215,0.0035,0.004,50,100,350",2,140,9.0,230.5,0,0,0,0,0,13.88,0.6696,12.5,95,da06be4-dirty
baseline,"0.0215,0.0035,0.004,50,100,350",2,140,10.0,230.5,0,0,0,0,0,14.01,0.6766,12.5,95,da06be4-dirty
baseline,"0.0215,0.0035,0.004,50,100,350",2,140,11.0,230.5,0,0,0,0,0,14.07,0.6798,12.5,95,da06be4-dirty
baseline,"0.0215,0.0035,0.004,50,100,350",2,140,12.0,230.5,0,0,0,0,0,14.16,0.683,12.5,95,da06be4-dirty
baseline,"0.0215,0.0035,0.004,50,100,350",2,140,13.0,230.5,0,0,0,0,0,14.2,0.6861,12.5,95,da06be4-dirty
baseline,"0.0215,0.0035,0.004,50,100,350",2,140,14.0,230.5,0,0,0,0,0,14.24,0.6893,12.5,95,da06be4-dirty
baseline,"0.0215,0.0035,0.004,50,100,350",2,140,15.0,230.5,0,0,0,0,0,14.29,0.6925,12.5,95,da06be4-dirty
baseline,"0.0215,0.0035,0.004,50,100,350",2,140,16.0,230.5,0,0,0,0,0,14.38,0.6957,12.5,95,da06be4-dirty
baseline,"0.0215,0.0035,0.004,50,100,350",2,140,17.0,230.5,0,0,0,0,0,14.49,0.6989,12.5,95,da06be4-dirty
baseline,"0.0215,0.0035,0.004,50,100,350",2,140,18.0,230.5,0,0,0,0,0,14.58,0.7022,12.5,95,da06be4-dirty
baseline,"0.0215,0.0035,0.004,50,100,350",2,140,19.0,230.5,0,0,0,0,0,14.62,0.7054,12.5,95,da06be4-dirty
baseline,"0.0215,0.0035,0.004,50,100,350",2,140,19.9,230.5,0,0,0,0,0,14.74,0.709,12.5,95,da06be4-dirty
baseline,"0.0215,0.0035,0.004,50,100,350",2,150,0.0,240.5,0,0,0,0,0,15.47,0.7385,12.5,95,da06be4-dirty
baseline,"0.0215,0.0035,0.004,50,100,350",2,150,1.0,240.5,0,0,0,0,0,15.51,0.7419,12.5,95,da06be4-dirty
baseline,"0.0215,0.0035,0.004,50,100,350",2,150,2.0,240.5,0,0,0,0,0,15.56,0.7454,12.5,95,da06be4-dirty
baseline,"0.0215,0.0035,0.004,50,100,350",2,150,3.0,240.5,0,0,0,0,0,15.63,0.7488,12.5,95,da06be4-dirty
baseline,"0.0215,0.0035,0.004,50,100,350",2,150,4.0,240.5,0,0,0,0,0,15.64,0.7523,12.5,95,da06be4-dirty
baseline,"0.0215,0.0035,0.004,50,100,350",2,150,5.0,240.5,0,0,0,0,0,15.72,0.7558,12.5,95,da06be4-dirty
baseline,"0.0215,0.0035,0.004,50,100,350",2,150,6.0,240.5,0,0,0,0,0,15.74,0.7593,12.5,95,da06be4-dirty
baseline,"0.0215,0.0035,0.004,50,100,350",2,150,7.0,240.5,0,0,0,0,0,15.81,0.7628,12.5,95,da06be4-dirty
baseline,"0.0215,0.0035,0.004,50,100,350",2,150,8.0,240.5,0,0,0,0,0,15.89,0.7664,12.5,95,da06be4-dirty
baseline,"0.0215,0.0035,0.004,50,100,350",2,150,9.0,240.5,0,0,0,0,0,15.93,0.7699,12.5,95,da06be4-dirty
baseline,"0.0215,0.0035,0.004,50,100,350",2,150,10.0,240.5,0,0,0,0,0,15.99,0.7775,12.5,95,da06be4-dirty
baseline,"0.0215,0.0035,0.004,50,100,350",2,150,11.0,240.5,0,0,0,0,0,16.05,0.781,12.5,95,da06be4-dirty
baseline,"0.0215,0.0035,0.004,50,100,350",2,150,12.0,240.5,0,0,0,0,0,16.06,0.7845,12.5,95,da06be4-dirty
baseline,"0.0215,0.0035,0.004,50,100,350",2,150,13.0,240.5,0,0,0,0,0,16.15,0.7881,12.5,95,da06be4-dirty
baseline,"0.0215,0.0035,0.004,50,100,350",2,150,14.0,240.5,0,0,0,0,0,16.26,0.7916,12.5,95,da06be4-dirty
baseline,"0.0215,0.0035,0.004,50,100,350",2,150,15.0,240.5,0,0,0,0,0,16.37,0.7951,12.5,95,da06be4-dirty
baseline,"0.0215,0.0035,0.004,50,100,350",2,150,16.0,240.5,0,0,0,0,0,16.49,0.7987,12.5,95,da06be4-dirty
baseline,"0.0215,0.0035,0.004,50,100,350",2,150,17.0,240.5,7,0,7,0,0,16.66,0.8022,12.5,95,da06be4-dirty
baseline,"0.0215,0.0035,0.004,50,100,350",2,150,18.0,240.5,11,0,11,0,0,16.73,0.8058,12.5,95,da06be4-dirty
baseline,"0.0215,0.0035,0.004,50,100,350",2,150,19.0,240.5,14,0,14,0,0,16.91,0.8094,12.5,95,da06be4-dirty
baseline,"0.0215,0.0035,0.004,50,100,350",2,150,19.9,240.5,18,0,18,0,0,17.16,0.8141,12.5,95,da06be4-dirty
baseline,"0.0215,0.0035,0.004,50,100,350",2,160,0.0,250.5,32,0,32,0,0,17.55,0.8516,12.5,95,da06be4-dirty
baseline,"0.0215,0.0035,0.004,50,100,350",2,160,1.0,250.5,33,0,33,0,0,17.6,0.8555,12.5,95,da06be4-dirty
baseline,"0.0215,0.0035,0.004,50,100,350",2,160,2.0,250.5,35,0,35,0,0,17.68,0.8593,12.5,95,da06be4-dirty
baseline,"0.0215,0.0035,0.004,50,100,350",2,160,3.0,250.5,36,0,36,0,0,17.77,0.8632,12.5,95,da06be4-dirty
baseline,"0.0215,0.0035,0.004,50,100,350",2,160,4.0,250.5,38,0,38,0,0,17.85,0.8671,12.5,95,da06be4-dirty
baseline,"0.0215,0.0035,0.004,50,100,350",2,160,5.0,250.5,38,0,38,0,0,17.93,0.871,12.5,95,da06be4-dirty
baseline,"0.0215,0.0035,0.004,50,100,350",2,160,6.0,250.5,39,0,39,0,0,18.04,0.8749,12.5,95,da06be4-dirty
baseline,"0.0215,0.0035,0.004,50,100,350",2,160,7.0,250.5,41,0,41,0,0,18.13,0.8788,12.5,95,da06be4-dirty
baseline,"0.0215,0.0035,0.004,50,100,350",2,160,8.0,250.5,42,0,42,0,0,18.21,0.8827,12.5,95,da06be4-dirty
baseline,"0.0215,0.0035,0.004,50,100,350",2,160,9.0,250.5,42,0,42,0,0,18.29,0.8866,12.5,95,da06be4-dirty
baseline,"0.0215,0.0035,0.004,50,100,350",2,160,10.0,250.5,45,0,45,0,0,18.42,0.8949,12.5,95,da06be4-dirty
baseline,"0.0215,0.0035,0.004,50,100,350",2,160,11.0,250.5,46,0,46,0,0,18.47,0.8988,12.5,95,da06be4-dirty
baseline,"0.0215,0.0035,0.004,50,100,350",2,160,12.0,250.5,47,0,47,0,0,18.53,0.9027,12.5,95,da06be4-dirty
baseline,"0.0215,0.0035,0.004,50,100,350",2,160,13.0,250.5,47,0,47,0,0,18.61,0.9066,12.5,95,da06be4-dirty
baseline,"0.0215,0.0035,0.004,50,100,350",2,160,14.0,250.5,49,0,49,0,0,18.66,0.9105,12.5,95,da06be4-dirty
baseline,"0.0215,0.0035,0.004,50,100,350",2,160,15.0,250.5,50,0,50,0,0,18.68,0.9144,12.5,95,da06be4-dirty
baseline,"0.0215,0.0035,0.004,50,100,350",2,160,16.0,250.5,50,0,50,0,0,18.82,0.9184,12.5,95,da06be4-dirty
baseline,"0.0215,0.0035,0.004,50,100,350",2,160,17.0,250.5,51,0,51,0,0,18.92,0.9223,12.5,95,da06be4-dirty
baseline,"0.0215,0.0035,0.004,50,100,350",2,160,18.0,250.5,53,0,53,0,0,18.99,0.9262,12.5,95,da06be4-dirty
baseline,"0.0215,0.0035,0.004,50,100,350",2,160,19.0,250.5,53,0,53,0,0,19.03,0.9302,12.5,95,da06be4-dirty
baseline,"0.0215,0.0035,0.004,50,100,350",2,160,19.9,250.5,55,0,55,0,0,19.22,0.9355,12.5,95,da06be4-dirty
baseline,"0.0215,0.0035,0.004,50,100,350",2,170,0.0,260.5,66,0,59,7,0,19.62,0.9787,12.5,95,da06be4-dirty
baseline,"0.0215,0.0035,0.004,50,100,350",2,170,1.0,260.5,70,0,60,10,0,19.65,0.9829,12.5,95,da06be4-dirty
baseline,"0.0215,0.0035,0.004,50,100,350",2,170,2.0,260.5,72,0,60,12,0,19.68,0.9872,12.5,95,da06be4-dirty
baseline,"0.0215,0.0035,0.004,50,100,350",2,170,3.0,260.5,75,0,61,14,0,19.72,0.9915,12.5,95,da06be4-dirty
baseline,"0.0215,0.0035,0.004,50,100,350",2,170,4.0,260.5,78,0,62,16,0,19.82,0.9959,12.5,95,da06be4-dirty
baseline,"0.0215,0.0035,0.004,50,100,350",2,170,5.0,260.5,79,0,63,16,0,19.87,1.0002,12.5,95,da06be4-dirty
baseline,"0.0215,0.0035,0.004,50,100,350",2,170,6.0,260.5,87,0,63,24,0,19.97,1.0045,12.5,95,da06be4-dirty
baseline,"0.0215,0.0035,0.004,50,100,350",2,170,7.0,260.5,91,0,64,27,0,20.04,1.0088,12.5,95,da06be4-dirty
baseline,"0.0215,0.0035,0.004,50,100,350",2,170,8.0,260.5,95,0,64,31,0,20.07,1.0132,12.5,95,da06be4-dirty
baseline,"0.0215,0.0035,0.004,50,100,350",2,170,9.0,260.5,98,0,65,33,0,20.16,1.0176,12.5,95,da06be4-dirty
baseline,"0.0215,0.0035,0.004,50,100,350",2,170,10.0,260.5,107,0,67,40,0,20.25,1.0264,12.5,95,da06be4-dirty
baseline,"0.0215,0.0035,0.004,50,100,350",2,170,11.0,260.5,110,0,67,43,0,20.33,1.0307,12.5,95,da06be4-dirty
baseline,"0.0215,0.0035,0.004,50,100,350",2,170,12.0,260.5,112,0,68,44,0,20.37,1.0351,12.5,95,da06be4-dirty
baseline,"0.0215,0.0035,0.004,50,100,350",2,170,13.0,260.5,113,0,68,45,0,20.43,1.0394,12.5,95,da06be4-dirty
baseline,"0.0215,0.0035,0.004,50,100,350",2,170,14.0,260.5,117,0,69,48,0,20.46,1.0437,12.5,95,da06be4-dirty
baseline,"0.0215,0.0035,0.004,50,100,350",2,170,15.0,260.5,119,0,69,50,0,20.53,1.0481,12.5,95,da06be4-dirty
baseline,"0.0215,0.0035,0.004,50,100,350",2,170,16.0,260.5,122,0,71,51,0,20.64,1.0524,12.5,95,da06be4-dirty
baseline,"0.0215,0.0035,0.004,50,100,350",2,170,17.0,260.5,124,0,71,53,0,20.84,1.0568,12.5,95,da06be4-dirty
baseline,"0.0215,0.0035,0.004,50,100,350",2,170,18.0,260.5,125,0,71,54,0,20.98,1.0611,12.5,95,da06be4-dirty
baseline,"0.0215,0.0035,0.004,50,100,350",2,170,19.0,260.5,128,0,72,56,0,21.09,1.0655,12.5,95,da06be4-dirty
baseline,"0.0215,0.0035,0.004,50,100,350",2,170,19.9,260.5,132,0,73,59,0,21.28,1.0703,12.5,95,da06be4-dirty
baseline,"0.0215,0.0035,0.004,50,100,350",2,180,0.0,270.5,322,0,73,249,0,21.47,1.1132,12.5,95,da06be4-dirty
baseline,"0.0215,0.0035,0.004,50,100,350",2,180,1.0,270.5,327,0,75,252,0,21.58,1.118,12.5,95,da06be4-dirty
baseline,"0.0215,0.0035,0.004,50,100,350",2,180,2.0,270.5,329,0,75,254,0,21.68,1.1227,12.5,95,da06be4-dirty
baseline,"0.0215,0.0035,0.004,50,100,350",2,180,3.0,270.5,332,0,76,256,0,21.78,1.1275,12.5,95,da06be4-dirty
baseline,"0.0215,0.0035,0.004,50,100,350",2,180,4.0,270.5,335,0,76,259,0,21.85,1.1322,12.5,95,da06be4-dirty
baseline,"0.0215,0.0035,0.004,50,100,350",2,180,5.0,270.5,336,0,76,260,0,21.97,1.137,12.5,95,da06be4-dirty
baseline,"0.0215,0.0035,0.004,50,100,350",2,180,6.0,270.5,343,0,77,266,0,22.04,1.1418,12.5,95,da06be4-dirty
baseline,"0.0215,0.0035,0.004,50,100,350",2,180,7.0,270.5,347,0,77,270,0,22.11,1.1466,12.5,95,da06be4-dirty
baseline,"0.0215,0.0035,0.004,50,100,350",2,180,8.0,270.5,347,0,77,270,0,22.18,1.1514,12.5,95,da06be4-dirty
baseline,"0.0215,0.0035,0.004,50,100,350",2,180,9.0,270.5,352,0,79,273,0,22.22,1.1562,12.5,95,da06be4-dirty
baseline,"0.0215,0.0035,0.004,50,100,350",2,180,10.0,270.5,359,0,80,279,0,22.73,1.1657,12.5,95,da06be4-dirty
baseline,"0.0215,0.0035,0.004,50,100,350",2,180,11.0,270.5,363,0,80,283,0,22.87,1.1705,12.5,95,da06be4-dirty
baseline,"0.0215,0.0035,0.004,50,100,350",2,180,12.0,270.5,364,0,80,284,0,23.01,1.1752,12.5,95,da06be4-dirty
baseline,"0.0215,0.0035,0.004,50,100,350",2,180,13.0,270.5,367,0,81,286,0,23.13,1.18,12.5,95,da06be4-dirty
baseline,"0.0215,0.0035,0.004,50,100,350",2,180,14.0,270.5,370,0,81,289,0,23.21,1.1848,12.5,95,da06be4-dirty
baseline,"0.0215,0.0035,0.004,50,100,350",2,180,15.0,270.5,372,0,81,291,0,23.4,1.1895,12.5,95,da06be4-dirty
baseline,"0.0215,0.0035,0.004,50,100,350",2,180,16.0,270.5,376,0,81,295,0,23.52,1.1943,12.5,95,da06be4-dirty
baseline,"0.0215,0.0035,0.004,50,100,350",2,180,17.0,270.5,380,0,83,297,0,23.61,1.1991,12.5,95,da06be4-dirty
baseline,"0.0215,0.0035,0.004,50,100,350",2,180,18.0,270.5,383,0,83,300,0,23.72,1.2039,12.5,95,da06be4-dirty
baseline,"0.0215,0.0035,0.004,50,100,350",2,180,19.0,270.5,384,0,83,301,0,23.84,1.2087,12.5,95,da06be4-dirty
baseline,"0.0215,0.0035,0.004,50,100,350",2,180,19.9,270.5,389,0,84,305,0,24.22,1.213,12.5,95,da06be4-dirty
baseline,"0.0215,0.0035,0.004,50,100,350",2,190,0.0,280.5,567,0,121,446,0,26.07,1.2511,12.5,95,da06be4-dirty
baseline,"0.0215,0.0035,0.004,50,100,350",2,190,1.0,280.5,573,0,124,449,0,26.26,1.2563,12.5,95,da06be4-dirty
baseline,"0.0215,0.0035,0.004,50,100,350",2,190,2.0,280.5,574,0,125,449,0,26.41,1.2615,12.5,95,da06be4-dirty
baseline,"0.0215,0.0035,0.004,50,100,350",2,190,3.0,280.5,578,0,125,453,0,26.52,1.2667,12.5,95,da06be4-dirty
baseline,"0.0215,0.0035,0.004,50,100,350",2,190,4.0,280.5,580,0,126,454,0,26.64,1.2719,12.5,95,da06be4-dirty
baseline,"0.0215,0.0035,0.004,50,100,350",2,190,5.0,280.5,583,0,128,455,0,26.76,1.2771,12.5,95,da06be4-dirty
baseline,"0.0215,0.0035,0.004,50,100,350",2,190,6.0,280.5,587,0,129,458,0,26.83,1.2823,12.5,95,da06be4-dirty
baseline,"0.0215,0.0035,0.004,50,100,350",2,190,7.0,280.5,588,0,129,459,0,26.92,1.2876,12.5,95,da06be4-dirty
baseline,"0.0215,0.0035,0.004,50,100,350",2,190,8.0,280.5,593,0,134,459,0,26.96,1.2928,12.5,95,da06be4-dirty
baseline,"0.0215,0.0035,0.004,50,100,350",2,190,9.0,280.5,602,0,141,461,0,27.02,1.2981,12.5,95,da06be4-dirty
baseline,"0.0215,0.0035,0.004,50,100,350",2,190,10.0,280.5,614,0,149,465,0,27.34,1.3081,12.5,95,da06be4-dirty
baseline,"0.0215,0.0035,0.004,50,100,350",2,190,11.0,280.5,620,0,152,468,0,27.43,1.3133,12.5,95,da06be4-dirty
baseline,"0.0215,0.0035,0.004,50,100,350",2,190,12.0,280.5,623,0,155,468,0,27.47,1.3185,12.5,95,da06be4-dirty
baseline,"0.0215,0.0035,0.004,50,100,350",2,190,13.0,280.5,635,0,158,477,0,27.58,1.3237,12.5,95,da06be4-dirty
baseline,"0.0215,0.0035,0.004,50,100,350",2,190,14.0,280.5,643,0,159,484,0,27.78,1.3289,12.5,95,da06be4-dirty
baseline,"0.0215,0.0035,0.004,50,100,350",2,190,15.0,280.5,650,0,162,488,0,27.89,1.3342,12.5,95,da06be4-dirty
baseline,"0.0215,0.0035,0.004,50,100,350",2,190,16.0,280.5,655,0,163,492,0,28.06,1.3394,12.5,95,da06be4-dirty
baseline,"0.0215,0.0035,0.004,50,100,350",2,190,17.0,280.5,660,0,166,494,0,28.36,1.3446,12.5,95,da06be4-dirty
baseline,"0.0215,0.0035,0.004,50,100,350",2,190,18.0,280.5,667,0,168,499,0,28.63,1.3499,12.5,95,da06be4-dirty
baseline,"0.0215,0.0035,0.004,50,100,350",2,190,19.0,280.5,671,0,170,501,0,28.87,1.3551,12.5,95,da06be4-dirty
baseline,"0.0215,0.0035,0.004,50,100,350",2,190,19.9,280.5,677,0,173,504,0,29.38,1.3555,12.5,95,da06be4-dirty
baseline,"0.0215,0.0035,0.004,50,100,350",2,200,0.0,290.5,801,12,197,592,0,29.65,1.4952,12.5,95,da06be4-dirty
baseline,"0.0215,0.0035,0.004,50,100,350",2,200,1.0,290.5,807,14,198,595,0,29.78,1.4997,12.5,95,da06be4-dirty
baseline,"0.0215,0.0035,0.004,50,100,350",2,200,2.0,290.5,813,16,200,597,0,29.93,1.5041,12.5,95,da06be4-dirty
baseline,"0.0215,0.0035,0.004,50,100,350",2,200,3.0,290.5,819,18,203,598,0,30.08,1.5085,12.5,95,da06be4-dirty
baseline,"0.0215,0.0035,0.004,50,100,350",2,200,4.0,290.5,827,18,203,606,0,30.22,1.5129,12.5,95,da06be4-dirty
baseline,"0.0215,0.0035,0.004,50,100,350",2,200,5.0,290.5,833,20,205,608,0,30.35,1.5174,12.5,95,da06be4-dirty
baseline,"0.0215,0.0035,0.004,50,100,350",2,200,6.0,290.5,840,21,205,614,0,30.57,1.5218,12.5,95,da06be4-dirty
baseline,"0.0215,0.0035,0.004,50,100,350",2,200,7.0,290.5,849,22,209,618,0,30.71,1.5262,12.5,95,da06be4-dirty
baseline,"0.0215,0.0035,0.004,50,100,350",2,200,8.0,290.5,854,24,209,621,0,30.92,1.5307,12.5,95,da06be4-dirty
baseline,"0.0215,0.0035,0.004,50,100,350",2,200,9.0,290.5,859,24,212,623,0,31.09,1.5351,12.5,95,da06be4-dirty
baseline,"0.0215,0.0035,0.004,50,100,350",2,200,10.0,290.5,872,28,215,629,0,31.35,1.547,12.5,95,da06be4-dirty
baseline,"0.0215,0.0035,0.004,50,100,350",2,200,11.0,290.5,876,29,216,631,0,31.57,1.5515,12.5,95,da06be4-dirty
baseline,"0.0215,0.0035,0.004,50,100,350",2,200,12.0,290.5,883,30,218,635,0,31.8,1.5559,12.5,95,da06be4-dirty
baseline,"0.0215,0.0035,0.004,50,100,350",2,200,13.0,290.5,883,30,218,635,0,31.98,1.5604,12.5,95,da06be4-dirty
baseline,"0.0215,0.0035,0.004,50,100,350",2,200,14.0,290.5,888,31,219,638,0,32.16,1.5648,12.5,95,da06be4-dirty
baseline,"0.0215,0.0035,0.004,50,100,350",2,200,15.0,290.5,895,32,221,642,0,32.31,1.5693,12.5,95,da06be4-dirty
baseline,"0.0215,0.0035,0.004,50,100,350",2,200,16.0,290.5,899,32,222,645,0,32.46,1.5737,12.5,95,da06be4-dirty
baseline,"0.0215,0.0035,0.004,50,100,350",2,200,17.0,290.5,903,33,224,646,0,32.72,1.5782,12.5,95,da06be4-dirty
baseline,"0.0215,0.0035,0.004,50,100,350",2,200,18.0,290.5,904,34,224,646,0,32.91,1.5827,12.5,95,da06be4-dirty
baseline,"0.0215,0.0035,0.004,50,100,350",2,200,19.0,290.5,910,34,225,651,0,33.06,1.5871,12.5,95,da06be4-dirty
baseline,"0.0215,0.0035,0.004,50,100,350",2,200,19.9,290.5,915,35,228,652,0,33.53,1.5842,12.5,95,da06be4-dirty
sharp_x0.8,"0.0172,0.0035,0.004,50,100,350",3,20,0.0,110.5,0,0,0,0,0,4.27,0.4845,12.5,95,da06be4-dirty
sharp_x0.8,"0.0172,0.0035,0.004,50,100,350",3,20,1.0,110.5,0,0,0,0,0,4.37,0.4895,12.5,95,da06be4-dirty
sharp_x0.8,"0.0172,0.0035,0.004,50,100,350",3,20,2.0,110.5,0,0,0,0,0,4.46,0.4946,12.5,95,da06be4-dirty
sharp_x0.8,"0.0172,0.0035,0.004,50,100,350",3,20,3.0,110.5,0,0,0,0,0,4.54,0.4996,12.5,95,da06be4-dirty
sharp_x0.8,"0.0172,0.0035,0.004,50,100,350",3,20,4.0,110.5,0,0,0,0,0,4.59,0.5046,12.5,95,da06be4-dirty
sharp_x0.8,"0.0172,0.0035,0.004,50,100,350",3,20,5.0,110.5,0,0,0,0,0,4.69,0.5097,12.5,95,da06be4-dirty
sharp_x0.8,"0.0172,0.0035,0.004,50,100,350",3,20,6.0,110.5,0,0,0,0,0,4.73,0.5147,12.5,95,da06be4-dirty
sharp_x0.8,"0.0172,0.0035,0.004,50,100,350",3,20,7.0,110.5,0,0,0,0,0,4.77,0.5197,12.5,95,da06be4-dirty
sharp_x0.8,"0.0172,0.0035,0.004,50,100,350",3,20,8.0,110.5,0,0,0,0,0,4.83,0.5248,12.5,95,da06be4-dirty
sharp_x0.8,"0.0172,0.0035,0.004,50,100,350",3,20,9.0,110.5,0,0,0,0,0,5.06,0.5298,12.5,95,da06be4-dirty
sharp_x0.8,"0.0172,0.0035,0.004,50,100,350",3,20,10.0,110.5,0,0,0,0,0,5.29,0.5348,12.5,95,da06be4-dirty
sharp_x0.8,"0.0172,0.0035,0.004,50,100,350",3,20,11.0,110.5,0,0,0,0,0,5.43,0.5399,12.5,95,da06be4-dirty
sharp_x0.8,"0.0172,0.0035,0.004,50,100,350",3,20,12.0,110.5,0,0,0,0,0,5.52,0.5449,12.5,95,da06be4-dirty
sharp_x0.8,"0.0172,0.0035,0.004,50,100,350",3,20,13.0,110.5,0,0,0,0,0,5.59,0.5499,12.5,95,da06be4-dirty
sharp_x0.8,"0.0172,0.0035,0.004,50,100,350",3,20,14.0,110.5,0,0,0,0,0,5.69,0.555,12.5,95,da06be4-dirty
sharp_x0.8,"0.0172,0.0035,0.004,50,100,350",3,20,15.0,110.5,0,0,0,0,0,5.8,0.56,12.5,95,da06be4-dirty
sharp_x0.8,"0.0172,0.0035,0.004,50,100,350",3,20,16.0,110.5,0,0,0,0,0,5.86,0.5651,12.5,95,da06be4-dirty
sharp_x0.8,"0.0172,0.0035,0.004,50,100,350",3,20,17.0,110.5,0,0,0,0,0,5.92,0.5701,12.5,95,da06be4-dirty
sharp_x0.8,"0.0172,0.0035,0.004,50,100,350",3,20,18.0,110.5,0,0,0,0,0,5.99,0.5752,12.5,95,da06be4-dirty
sharp_x0.8,"0.0172,0.0035,0.004,50,100,350",3,20,19.0,110.5,0,0,0,0,0,6.04,0.5802,12.5,95,da06be4-dirty
sharp_x0.8,"0.0172,0.0035,0.004,50,100,350",3,20,19.9,110.5,0,0,0,0,0,6.09,0.5847,12.5,95,da06be4-dirty
sharp_x0.8,"0.0172,0.0035,0.004,50,100,350",3,30,0.0,120.5,0,0,0,0,0,4.62,0.499,12.5,95,da06be4-dirty
sharp_x0.8,"0.0172,0.0035,0.004,50,100,350",3,30,1.0,120.5,0,0,0,0,0,4.74,0.5041,12.5,95,da06be4-dirty
sharp_x0.8,"0.0172,0.0035,0.004,50,100,350",3,30,2.0,120.5,0,0,0,0,0,4.83,0.5093,12.5,95,da06be4-dirty
sharp_x0.8,"0.0172,0.0035,0.004,50,100,350",3,30,3.0,120.5,0,0,0,0,0,4.95,0.5144,12.5,95,da06be4-dirty
sharp_x0.8,"0.0172,0.0035,0.004,50,100,350",3,30,4.0,120.5,0,0,0,0,0,5.01,0.5195,12.5,95,da06be4-dirty
sharp_x0.8,"0.0172,0.0035,0.004,50,100,350",3,30,5.0,120.5,0,0,0,0,0,5.08,0.5246,12.5,95,da06be4-dirty
sharp_x0.8,"0.0172,0.0035,0.004,50,100,350",3,30,6.0,120.5,0,0,0,0,0,5.12,0.5297,12.5,95,da06be4-dirty
sharp_x0.8,"0.0172,0.0035,0.004,50,100,350",3,30,7.0,120.5,0,0,0,0,0,5.19,0.5349,12.5,95,da06be4-dirty
sharp_x0.8,"0.0172,0.0035,0.004,50,100,350",3,30,8.0,120.5,0,0,0,0,0,5.25,0.54,12.5,95,da06be4-dirty
sharp_x0.8,"0.0172,0.0035,0.004,50,100,350",3,30,9.0,120.5,0,0,0,0,0,5.54,0.5451,12.5,95,da06be4-dirty
sharp_x0.8,"0.0172,0.0035,0.004,50,100,350",3,30,10.0,120.5,0,0,0,0,0,5.8,0.5502,12.5,95,da06be4-dirty
sharp_x0.8,"0.0172,0.0035,0.004,50,100,350",3,30,11.0,120.5,0,0,0,0,0,5.91,0.5554,12.5,95,da06be4-dirty
sharp_x0.8,"0.0172,0.0035,0.004,50,100,350",3,30,12.0,120.5,0,0,0,0,0,5.99,0.5605,12.5,95,da06be4-dirty
sharp_x0.8,"0.0172,0.0035,0.004,50,100,350",3,30,13.0,120.5,0,0,0,0,0,6.06,0.5656,12.5,95,da06be4-dirty
sharp_x0.8,"0.0172,0.0035,0.004,50,100,350",3,30,14.0,120.5,0,0,0,0,0,6.15,0.5707,12.5,95,da06be4-dirty
sharp_x0.8,"0.0172,0.0035,0.004,50,100,350",3,30,15.0,120.5,0,0,0,0,0,6.26,0.5759,12.5,95,da06be4-dirty
sharp_x0.8,"0.0172,0.0035,0.004,50,100,350",3,30,16.0,120.5,0,0,0,0,0,6.33,0.581,12.5,95,da06be4-dirty
sharp_x0.8,"0.0172,0.0035,0.004,50,100,350",3,30,17.0,120.5,0,0,0,0,0,6.38,0.5861,12.5,95,da06be4-dirty
sharp_x0.8,"0.0172,0.0035,0.004,50,100,350",3,30,18.0,120.5,0,0,0,0,0,6.42,0.5912,12.5,95,da06be4-dirty
sharp_x0.8,"0.0172,0.0035,0.004,50,100,350",3,30,19.0,120.5,0,0,0,0,0,6.49,0.5964,12.5,95,da06be4-dirty
sharp_x0.8,"0.0172,0.0035,0.004,50,100,350",3,30,19.9,120.5,0,0,0,0,0,6.49,0.6009,12.5,95,da06be4-dirty
sharp_x0.8,"0.0172,0.0035,0.004,50,100,350",3,40,0.0,130.5,0,0,0,0,0,4.76,0.5725,12.5,95,da06be4-dirty
sharp_x0.8,"0.0172,0.0035,0.004,50,100,350",3,40,1.0,130.5,0,0,0,0,0,4.87,0.5748,12.5,95,da06be4-dirty
sharp_x0.8,"0.0172,0.0035,0.004,50,100,350",3,40,2.0,130.5,0,0,0,0,0,4.97,0.5771,12.5,95,da06be4-dirty
sharp_x0.8,"0.0172,0.0035,0.004,50,100,350",3,40,3.0,130.5,0,0,0,0,0,5.06,0.5795,12.5,95,da06be4-dirty
sharp_x0.8,"0.0172,0.0035,0.004,50,100,350",3,40,4.0,130.5,0,0,0,0,0,5.13,0.5819,12.5,95,da06be4-dirty
sharp_x0.8,"0.0172,0.0035,0.004,50,100,350",3,40,5.0,130.5,0,0,0,0,0,5.19,0.5843,12.5,95,da06be4-dirty
sharp_x0.8,"0.0172,0.0035,0.004,50,100,350",3,40,6.0,130.5,0,0,0,0,0,5.25,0.5868,12.5,95,da06be4-dirty
sharp_x0.8,"0.0172,0.0035,0.004,50,100,350",3,40,7.0,130.5,0,0,0,0,0,5.31,0.5893,12.5,95,da06be4-dirty
sharp_x0.8,"0.0172,0.0035,0.004,50,100,350",3,40,8.0,130.5,0,0,0,0,0,5.35,0.5918,12.5,95,da06be4-dirty
sharp_x0.8,"0.0172,0.0035,0.004,50,100,350",3,40,9.0,130.5,0,0,0,0,0,5.62,0.5944,12.5,95,da06be4-dirty
sharp_x0.8,"0.0172,0.0035,0.004,50,100,350",3,40,10.0,130.5,0,0,0,0,0,5.78,0.597,12.5,95,da06be4-dirty
sharp_x0.8,"0.0172,0.0035,0.004,50,100,350",3,40,11.0,130.5,0,0,0,0,0,5.88,0.5996,12.5,95,da06be4-dirty
sharp_x0.8,"0.0172,0.0035,0.004,50,100,350",3,40,12.0,130.5,0,0,0,0,0,5.99,0.6023,12.5,95,da06be4-dirty
sharp_x0.8,"0.0172,0.0035,0.004,50,100,350",3,40,13.0,130.5,0,0,0,0,0,6.08,0.605,12.5,95,da06be4-dirty
sharp_x0.8,"0.0172,0.0035,0.004,50,100,350",3,40,14.0,130.5,0,0,0,0,0,6.17,0.6077,12.5,95,da06be4-dirty
sharp_x0.8,"0.0172,0.0035,0.004,50,100,350",3,40,15.0,130.5,0,0,0,0,0,6.25,0.6105,12.5,95,da06be4-dirty
sharp_x0.8,"0.0172,0.0035,0.004,50,100,350",3,40,16.0,130.5,0,0,0,0,0,6.31,0.6133,12.5,95,da06be4-dirty
sharp_x0.8,"0.0172,0.0035,0.004,50,100,350",3,40,17.0,130.5,0,0,0,0,0,6.38,0.6161,12.5,95,da06be4-dirty
sharp_x0.8,"0.0172,0.0035,0.004,50,100,350",3,40,18.0,130.5,0,0,0,0,0,6.47,0.619,12.5,95,da06be4-dirty
sharp_x0.8,"0.0172,0.0035,0.004,50,100,350",3,40,19.0,130.5,0,0,0,0,0,6.52,0.6218,12.5,95,da06be4-dirty
sharp_x0.8,"0.0172,0.0035,0.004,50,100,350",3,40,19.9,130.5,0,0,0,0,0,6.56,0.6262,12.5,95,da06be4-dirty
sharp_x0.8,"0.0172,0.0035,0.004,50,100,350",3,50,0.0,140.5,0,0,0,0,0,4.47,0.6547,12.5,95,da06be4-dirty
sharp_x0.8,"0.0172,0.0035,0.004,50,100,350",3,50,1.0,140.5,0,0,0,0,0,4.58,0.6575,12.5,95,da06be4-dirty
sharp_x0.8,"0.0172,0.0035,0.004,50,100,350",3,50,2.0,140.5,0,0,0,0,0,4.67,0.6604,12.5,95,da06be4-dirty
sharp_x0.8,"0.0172,0.0035,0.004,50,100,350",3,50,3.0,140.5,0,0,0,0,0,4.75,0.6633,12.5,95,da06be4-dirty
sharp_x0.8,"0.0172,0.0035,0.004,50,100,350",3,50,4.0,140.5,0,0,0,0,0,4.81,0.6662,12.5,95,da06be4-dirty
sharp_x0.8,"0.0172,0.0035,0.004,50,100,350",3,50,5.0,140.5,0,0,0,0,0,4.87,0.6692,12.5,95,da06be4-dirty
sharp_x0.8,"0.0172,0.0035,0.004,50,100,350",3,50,6.0,140.5,0,0,0,0,0,4.93,0.6722,12.5,95,da06be4-dirty
sharp_x0.8,"0.0172,0.0035,0.004,50,100,350",3,50,7.0,140.5,0,0,0,0,0,5.0,0.6752,12.5,95,da06be4-dirty
sharp_x0.8,"0.0172,0.0035,0.004,50,100,350",3,50,8.0,140.5,0,0,0,0,0,5.06,0.6783,12.5,95,da06be4-dirty
sharp_x0.8,"0.0172,0.0035,0.004,50,100,350",3,50,9.0,140.5,0,0,0,0,0,5.32,0.6813,12.5,95,da06be4-dirty
sharp_x0.8,"0.0172,0.0035,0.004,50,100,350",3,50,10.0,140.5,0,0,0,0,0,5.48,0.6845,12.5,95,da06be4-dirty
sharp_x0.8,"0.0172,0.0035,0.004,50,100,350",3,50,11.0,140.5,0,0,0,0,0,5.67,0.6876,12.5,95,da06be4-dirty
sharp_x0.8,"0.0172,0.0035,0.004,50,100,350",3,50,12.0,140.5,0,0,0,0,0,5.8,0.6908,12.5,95,da06be4-dirty
sharp_x0.8,"0.0172,0.0035,0.004,50,100,350",3,50,13.0,140.5,0,0,0,0,0,5.94,0.694,12.5,95,da06be4-dirty
sharp_x0.8,"0.0172,0.0035,0.004,50,100,350",3,50,14.0,140.5,0,0,0,0,0,6.03,0.6972,12.5,95,da06be4-dirty
sharp_x0.8,"0.0172,0.0035,0.004,50,100,350",3,50,15.0,140.5,0,0,0,0,0,6.28,0.7004,12.5,95,da06be4-dirty
sharp_x0.8,"0.0172,0.0035,0.004,50,100,350",3,50,16.0,140.5,0,0,0,0,0,6.41,0.7037,12.5,95,da06be4-dirty
sharp_x0.8,"0.0172,0.0035,0.004,50,100,350",3,50,17.0,140.5,0,0,0,0,0,6.53,0.707,12.5,95,da06be4-dirty
sharp_x0.8,"0.0172,0.0035,0.004,50,100,350",3,50,18.0,140.5,0,0,0,0,0,6.67,0.7104,12.5,95,da06be4-dirty
sharp_x0.8,"0.0172,0.0035,0.004,50,100,350",3,50,19.0,140.5,0,0,0,0,0,6.8,0.7137,12.5,95,da06be4-dirty
sharp_x0.8,"0.0172,0.0035,0.004,50,100,350",3,50,19.9,140.5,0,0,0,0,0,6.93,0.719,12.5,95,da06be4-dirty
sharp_x0.8,"0.0172,0.0035,0.004,50,100,350",3,60,0.0,150.5,0,0,0,0,0,4.66,0.7318,12.5,95,da06be4-dirty
sharp_x0.8,"0.0172,0.0035,0.004,50,100,350",3,60,1.0,150.5,0,0,0,0,0,4.79,0.7351,12.5,95,da06be4-dirty
sharp_x0.8,"0.0172,0.0035,0.004,50,100,350",3,60,2.0,150.5,0,0,0,0,0,4.87,0.7385,12.5,95,da06be4-dirty
sharp_x0.8,"0.0172,0.0035,0.004,50,100,350",3,60,3.0,150.5,0,0,0,0,0,4.97,0.7418,12.5,95,da06be4-dirty
sharp_x0.8,"0.0172,0.0035,0.004,50,100,350",3,60,4.0,150.5,0,0,0,0,0,5.01,0.7453,12.5,95,da06be4-dirty
sharp_x0.8,"0.0172,0.0035,0.004,50,100,350",3,60,5.0,150.5,0,0,0,0,0,5.11,0.7487,12.5,95,da06be4-dirty
sharp_x0.8,"0.0172,0.0035,0.004,50,100,350",3,60,6.0,150.5,0,0,0,0,0,5.12,0.7522,12.5,95,da06be4-dirty
sharp_x0.8,"0.0172,0.0035,0.004,50,100,350",3,60,7.0,150.5,0,0,0,0,0,5.27,0.7557,12.5,95,da06be4-dirty
sharp_x0.8,"0.0172,0.0035,0.004,50,100,350",3,60,8.0,150.5,0,0,0,0,0,5.4,0.7592,12.5,95,da06be4-dirty
sharp_x0.8,"0.0172,0.0035,0.004,50,100,350",3,60,9.0,150.5,0,0,0,0,0,5.72,0.7627,12.5,95,da06be4-dirty
sharp_x0.8,"0.0172,0.0035,0.004,50,100,350",3,60,10.0,150.5,0,0,0,0,0,5.89,0.7663,12.5,95,da06be4-dirty
sharp_x0.8,"0.0172,0.0035,0.004,50,100,350",3,60,11.0,150.5,0,0,0,0,0,6.04,0.7699,12.5,95,da06be4-dirty
sharp_x0.8,"0.0172,0.0035,0.004,50,100,350",3,60,12.0,150.5,0,0,0,0,0,6.17,0.7735,12.5,95,da06be4-dirty
sharp_x0.8,"0.0172,0.0035,0.004,50,100,350",3,60,13.0,150.5,0,0,0,0,0,6.35,0.7771,12.5,95,da06be4-dirty
sharp_x0.8,"0.0172,0.0035,0.004,50,100,350",3,60,14.0,150.5,0,0,0,0,0,6.53,0.7808,12.5,95,da06be4-dirty
sharp_x0.8,"0.0172,0.0035,0.004,50,100,350",3,60,15.0,150.5,0,0,0,0,0,6.67,0.7845,12.5,95,da06be4-dirty
sharp_x0.8,"0.0172,0.0035,0.004,50,100,350",3,60,16.0,150.5,0,0,0,0,0,6.8,0.7882,12.5,95,da06be4-dirty
sharp_x0.8,"0.0172,0.0035,0.004,50,100,350",3,60,17.0,150.5,0,0,0,0,0,6.92,0.792,12.5,95,da06be4-dirty
sharp_x0.8,"0.0172,0.0035,0.004,50,100,350",3,60,18.0,150.5,0,0,0,0,0,7.01,0.7957,12.5,95,da06be4-dirty
sharp_x0.8,"0.0172,0.0035,0.004,50,100,350",3,60,19.0,150.5,0,0,0,0,0,7.14,0.7995,12.5,95,da06be4-dirty
sharp_x0.8,"0.0172,0.0035,0.004,50,100,350",3,60,19.9,150.5,5,0,0,0,5,7.29,0.8017,12.5,95,da06be4-dirty
sharp_x0.8,"0.0172,0.0035,0.004,50,100,350",3,70,0.0,160.5,0,0,0,0,0,5.54,0.7964,12.5,95,da06be4-dirty
sharp_x0.8,"0.0172,0.0035,0.004,50,100,350",3,70,1.0,160.5,1,0,0,0,1,5.68,0.8001,12.5,95,da06be4-dirty
sharp_x0.8,"0.0172,0.0035,0.004,50,100,350",3,70,2.0,160.5,7,0,0,0,7,5.81,0.8039,12.5,95,da06be4-dirty
sharp_x0.8,"0.0172,0.0035,0.004,50,100,350",3,70,3.0,160.5,10,0,0,0,10,5.91,0.8077,12.5,95,da06be4-dirty
sharp_x0.8,"0.0172,0.0035,0.004,50,100,350",3,70,4.0,160.5,13,0,0,0,13,5.98,0.8115,12.5,95,da06be4-dirty
sharp_x0.8,"0.0172,0.0035,0.004,50,100,350",3,70,5.0,160.5,15,0,0,0,15,6.09,0.8153,12.5,95,da06be4-dirty
sharp_x0.8,"0.0172,0.0035,0.004,50,100,350",3,70,6.0,160.5,17,0,0,0,17,6.17,0.8191,12.5,95,da06be4-dirty
sharp_x0.8,"0.0172,0.0035,0.004,50,100,350",3,70,7.0,160.5,18,0,0,0,18,6.25,0.823,12.5,95,da06be4-dirty
sharp_x0.8,"0.0172,0.0035,0.004,50,100,350",3,70,8.0,160.5,20,0,0,0,20,6.34,0.8269,12.5,95,da06be4-dirty
sharp_x0.8,"0.0172,0.0035,0.004,50,100,350",3,70,9.0,160.5,21,0,0,0,21,6.63,0.8308,12.5,95,da06be4-dirty
sharp_x0.8,"0.0172,0.0035,0.004,50,100,350",3,70,10.0,160.5,23,0,0,0,23,6.81,0.8348,12.5,95,da06be4-dirty
sharp_x0.8,"0.0172,0.0035,0.004,50,100,350",3,70,11.0,160.5,24,0,0,0,24,6.93,0.8387,12.5,95,da06be4-dirty
sharp_x0.8,"0.0172,0.0035,0.004,50,100,350",3,70,12.0,160.5,25,0,0,0,25,7.05,0.8427,12.5,95,da06be4-dirty
sharp_x0.8,"0.0172,0.0035,0.004,50,100,350",3,70,13.0,160.5,26,0,0,0,26,7.17,0.8467,12.5,95,da06be4-dirty
sharp_x0.8,"0.0172,0.0035,0.004,50,100,350",3,70,14.0,160.5,27,0,0,0,27,7.28,0.8507,12.5,95,da06be4-dirty
sharp_x0.8,"0.0172,0.0035,0.004,50,100,350",3,70,15.0,160.5,29,1,0,0,28,7.41,0.8548,12.5,95,da06be4-dirty
sharp_x0.8,"0.0172,0.0035,0.004,50,100,350",3,70,16.0,160.5,29,1,0,0,28,7.48,0.8588,12.5,95,da06be4-dirty
sharp_x0.8,"0.0172,0.0035,0.004,50,100,350",3,70,17.0,160.5,30,1,0,0,29,7.55,0.8629,12.5,95,da06be4-dirty
sharp_x0.8,"0.0172,0.0035,0.004,50,100,350",3,70,18.0,160.5,31,1,0,0,30,7.66,0.867,12.5,95,da06be4-dirty
sharp_x0.8,"0.0172,0.0035,0.004,50,100,350",3,70,19.0,160.5,32,2,0,0,30,7.74,0.8711,12.5,95,da06be4-dirty
sharp_x0.8,"0.0172,0.0035,0.004,50,100,350",3,70,19.9,160.5,32,2,0,0,30,7.86,0.8707,12.5,95,da06be4-dirty
sharp_x0.8,"0.0172,0.0035,0.004,50,100,350",3,80,0.0,170.5,26,1,0,0,25,6.37,0.8505,12.5,95,da06be4-dirty
sharp_x0.8,"0.0172,0.0035,0.004,50,100,350",3,80,1.0,170.5,27,1,0,0,26,6.48,0.8546,12.5,95,da06be4-dirty
sharp_x0.8,"0.0172,0.0035,0.004,50,100,350",3,80,2.0,170.5,29,2,0,0,27,6.55,0.8587,12.5,95,da06be4-dirty
sharp_x0.8,"0.0172,0.0035,0.004,50,100,350",3,80,3.0,170.5,29,2,0,0,27,6.67,0.8628,12.5,95,da06be4-dirty
sharp_x0.8,"0.0172,0.0035,0.004,50,100,350",3,80,4.0,170.5,30,2,0,0,28,6.75,0.8669,12.5,95,da06be4-dirty
sharp_x0.8,"0.0172,0.0035,0.004,50,100,350",3,80,5.0,170.5,32,3,0,0,29,6.82,0.8711,12.5,95,da06be4-dirty
sharp_x0.8,"0.0172,0.0035,0.004,50,100,350",3,80,6.0,170.5,32,3,0,0,29,6.86,0.8753,12.5,95,da06be4-dirty
sharp_x0.8,"0.0172,0.0035,0.004,50,100,350",3,80,7.0,170.5,33,3,0,0,30,6.93,0.8795,12.5,95,da06be4-dirty
sharp_x0.8,"0.0172,0.0035,0.004,50,100,350",3,80,8.0,170.5,33,3,0,0,30,7.0,0.8837,12.5,95,da06be4-dirty
sharp_x0.8,"0.0172,0.0035,0.004,50,100,350",3,80,9.0,170.5,35,4,0,0,31,7.24,0.8879,12.5,95,da06be4-dirty
sharp_x0.8,"0.0172,0.0035,0.004,50,100,350",3,80,10.0,170.5,35,3,0,0,32,7.45,0.8922,12.5,95,da06be4-dirty
sharp_x0.8,"0.0172,0.0035,0.004,50,100,350",3,80,11.0,170.5,36,3,0,0,33,7.56,0.8964,12.5,95,da06be4-dirty
sharp_x0.8,"0.0172,0.0035,0.004,50,100,350",3,80,12.0,170.5,36,3,0,0,33,7.67,0.9007,12.5,95,da06be4-dirty
sharp_x0.8,"0.0172,0.0035,0.004,50,100,350",3,80,13.0,170.5,37,3,0,0,34,7.76,0.905,12.5,95,da06be4-dirty
sharp_x0.8,"0.0172,0.0035,0.004,50,100,350",3,80,14.0,170.5,38,4,0,0,34,7.86,0.9094,12.5,95,da06be4-dirty
sharp_x0.8,"0.0172,0.0035,0.004,50,100,350",3,80,15.0,170.5,39,4,0,0,35,7.95,0.9137,12.5,95,da06be4-dirty
sharp_x0.8,"0.0172,0.0035,0.004,50,100,350",3,80,16.0,170.5,48,4,0,0,44,8.0,0.9181,12.5,95,da06be4-dirty
sharp_x0.8,"0.0172,0.0035,0.004,50,100,350",3,80,17.0,170.5,54,4,0,0,50,8.11,0.9224,12.5,95,da06be4-dirty
sharp_x0.8,"0.0172,0.0035,0.004,50,100,350",3,80,18.0,170.5,57,4,0,0,53,8.19,0.9268,12.5,95,da06be4-dirty
sharp_x0.8,"0.0172,0.0035,0.004,50,100,350",3,80,19.0,170.5,61,5,0,0,56,8.29,0.9312,12.5,95,da06be4-dirty
sharp_x0.8,"0.0172,0.0035,0.004,50,100,350",3,80,19.9,170.5,62,5,0,0,57,8.55,0.928,12.5,95,da06be4-dirty
sharp_x0.8,"0.0172,0.0035,0.004,50,100,350",3,90,0.0,180.5,58,5,0,0,53,7.17,0.8998,12.5,95,da06be4-dirty
sharp_x0.8,"0.0172,0.0035,0.004,50,100,350",3,90,1.0,180.5,60,5,0,0,55,7.29,0.9042,12.5,95,da06be4-dirty
sharp_x0.8,"0.0172,0.0035,0.004,50,100,350",3,90,2.0,180.5,62,5,0,0,57,7.41,0.9086,12.5,95,da06be4-dirty
sharp_x0.8,"0.0172,0.0035,0.004,50,100,350",3,90,3.0,180.5,63,5,0,0,58,7.51,0.913,12.5,95,da06be4-dirty
sharp_x0.8,"0.0172,0.0035,0.004,50,100,350",3,90,4.0,180.5,66,5,0,0,61,7.57,0.9174,12.5,95,da06be4-dirty
sharp_x0.8,"0.0172,0.0035,0.004,50,100,350",3,90,5.0,180.5,68,6,0,0,62,7.64,0.9219,12.5,95,da06be4-dirty
sharp_x0.8,"0.0172,0.0035,0.004,50,100,350",3,90,6.0,180.5,69,6,0,0,63,7.71,0.9264,12.5,95,da06be4-dirty
sharp_x0.8,"0.0172,0.0035,0.004,50,100,350",3,90,7.0,180.5,71,6,0,0,65,7.79,0.9308,12.5,95,da06be4-dirty
sharp_x0.8,"0.0172,0.0035,0.004,50,100,350",3,90,8.0,180.5,73,6,0,0,67,7.83,0.9353,12.5,95,da06be4-dirty
sharp_x0.8,"0.0172,0.0035,0.004,50,100,350",3,90,9.0,180.5,74,6,0,0,68,8.09,0.9399,12.5,95,da06be4-dirty
sharp_x0.8,"0.0172,0.0035,0.004,50,100,350",3,90,10.0,180.5,77,6,0,0,71,8.26,0.9444,12.5,95,da06be4-dirty
sharp_x0.8,"0.0172,0.0035,0.004,50,100,350",3,90,11.0,180.5,78,6,0,0,72,8.4,0.949,12.5,95,da06be4-dirty
sharp_x0.8,"0.0172,0.0035,0.004,50,100,350",3,90,12.0,180.5,79,6,0,0,73,8.52,0.9535,12.5,95,da06be4-dirty
sharp_x0.8,"0.0172,0.0035,0.004,50,100,350",3,90,13.0,180.5,81,6,0,0,75,8.58,0.9581,12.5,95,da06be4-dirty
sharp_x0.8,"0.0172,0.0035,0.004,50,100,350",3,90,14.0,180.5,82,6,0,0,76,8.71,0.9627,12.5,95,da06be4-dirty
sharp_x0.8,"0.0172,0.0035,0.004,50,100,350",3,90,15.0,180.5,83,6,0,0,77,8.81,0.9674,12.5,95,da06be4-dirty
sharp_x0.8,"0.0172,0.0035,0.004,50,100,350",3,90,16.0,180.5,86,7,0,0,79,8.87,0.972,12.5,95,da06be4-dirty
sharp_x0.8,"0.0172,0.0035,0.004,50,100,350",3,90,17.0,180.5,87,7,0,0,80,8.96,0.9766,12.5,95,da06be4-dirty
sharp_x0.8,"0.0172,0.0035,0.004,50,100,350",3,90,18.0,180.5,88,7,0,0,81,9.05,0.9813,12.5,95,da06be4-dirty
sharp_x0.8,"0.0172,0.0035,0.004,50,100,350",3,90,19.0,180.5,90,7,0,0,83,9.11,0.986,12.5,95,da06be4-dirty
sharp_x0.8,"0.0172,0.0035,0.004,50,100,350",3,90,19.9,180.5,89,7,0,0,82,9.25,0.9831,12.5,95,da06be4-dirty
sharp_x0.8,"0.0172,0.0035,0.004,50,100,350",3,100,0.0,190.5,86,9,0,0,77,7.73,0.9539,12.5,95,da06be4-dirty
sharp_x0.8,"0.0172,0.0035,0.004,50,100,350",3,100,1.0,190.5,87,9,0,0,78,7.84,0.9585,12.5,95,da06be4-dirty
sharp_x0.8,"0.0172,0.0035,0.004,50,100,350",3,100,2.0,190.5,88,9,0,0,79,7.93,0.9632,12.5,95,da06be4-dirty
sharp_x0.8,"0.0172,0.0035,0.004,50,100,350",3,100,3.0,190.5,89,9,0,0,80,8.03,0.9679,12.5,95,da06be4-dirty
sharp_x0.8,"0.0172,0.0035,0.004,50,100,350",3,100,4.0,190.5,90,9,0,0,81,8.08,0.9726,12.5,95,da06be4-dirty
sharp_x0.8,"0.0172,0.0035,0.004,50,100,350",3,100,5.0,190.5,91,9,0,0,82,8.17,0.9774,12.5,95,da06be4-dirty
sharp_x0.8,"0.0172,0.0035,0.004,50,100,350",3,100,6.0,190.5,93,10,0,0,83,8.22,0.9821,12.5,95,da06be4-dirty
sharp_x0.8,"0.0172,0.0035,0.004,50,100,350",3,100,7.0,190.5,95,10,0,0,85,8.28,0.9869,12.5,95,da06be4-dirty
sharp_x0.8,"0.0172,0.0035,0.004,50,100,350",3,100,8.0,190.5,95,10,0,0,85,8.34,0.9917,12.5,95,da06be4-dirty
sharp_x0.8,"0.0172,0.0035,0.004,50,100,350",3,100,9.0,190.5,96,10,0,0,86,8.61,0.9965,12.5,95,da06be4-dirty
sharp_x0.8,"0.0172,0.0035,0.004,50,100,350",3,100,10.0,190.5,97,9,0,0,88,8.78,1.0013,12.5,95,da06be4-dirty
sharp_x0.8,"0.0172,0.0035,0.004,50,100,350",3,100,11.0,190.5,98,9,0,0,89,8.89,1.0062,12.5,95,da06be4-dirty
sharp_x0.8,"0.0172,0.0035,0.004,50,100,350",3,100,12.0,190.5,98,9,0,0,89,8.96,1.011,12.5,95,da06be4-dirty
sharp_x0.8,"0.0172,0.0035,0.004,50,100,350",3,100,13.0,190.5,101,9,0,0,92,9.06,1.0159,12.5,95,da06be4-dirty
sharp_x0.8,"0.0172,0.0035,0.004,50,100,350",3,100,14.0,190.5,102,10,0,0,92,9.18,1.0208,12.5,95,da06be4-dirty
sharp_x0.8,"0.0172,0.0035,0.004,50,100,350",3,100,15.0,190.5,103,10,0,0,93,9.27,1.0257,12.5,95,da06be4-dirty
sharp_x0.8,"0.0172,0.0035,0.004,50,100,350",3,100,16.0,190.5,104,10,0,0,94,9.36,1.0306,12.5,95,da06be4-dirty
sharp_x0.8,"0.0172,0.0035,0.004,50,100,350",3,100,17.0,190.5,105,10,0,0,95,9.4,1.0356,12.5,95,da06be4-dirty
sharp_x0.8,"0.0172,0.0035,0.004,50,100,350",3,100,18.0,190.5,105,10,0,0,95,9.47,1.0405,12.5,95,da06be4-dirty
sharp_x0.8,"0.0172,0.0035,0.004,50,100,350",3,100,19.0,190.5,106,10,0,0,96,9.54,1.0455,12.5,95,da06be4-dirty
sharp_x0.8,"0.0172,0.0035,0.004,50,100,350",3,100,19.9,190.5,106,10,0,0,96,9.63,1.0435,12.5,95,da06be4-dirty
sharp_x0.8,"0.0172,0.0035,0.004,50,100,350",2,60,0.0,150.5,0,0,0,0,0,4.89,0.4391,12.5,95,da06be4-dirty
sharp_x0.8,"0.0172,0.0035,0.004,50,100,350",2,60,1.0,150.5,0,0,0,0,0,4.94,0.4439,12.5,95,da06be4-dirty
sharp_x0.8,"0.0172,0.0035,0.004,50,100,350",2,60,2.0,150.5,0,0,0,0,0,5.0,0.4487,12.5,95,da06be4-dirty
sharp_x0.8,"0.0172,0.0035,0.004,50,100,350",2,60,3.0,150.5,0,0,0,0,0,5.05,0.4535,12.5,95,da06be4-dirty
sharp_x0.8,"0.0172,0.0035,0.004,50,100,350",2,60,4.0,150.5,0,0,0,0,0,5.09,0.4584,12.5,95,da06be4-dirty
sharp_x0.8,"0.0172,0.0035,0.004,50,100,350",2,60,5.0,150.5,0,0,0,0,0,5.14,0.4632,12.5,95,da06be4-dirty
sharp_x0.8,"0.0172,0.0035,0.004,50,100,350",2,60,6.0,150.5,0,0,0,0,0,5.18,0.468,12.5,95,da06be4-dirty
sharp_x0.8,"0.0172,0.0035,0.004,50,100,350",2,60,7.0,150.5,0,0,0,0,0,5.22,0.4729,12.5,95,da06be4-dirty
sharp_x0.8,"0.0172,0.0035,0.004,50,100,350",2,60,8.0,150.5,0,0,0,0,0,5.28,0.4777,12.5,95,da06be4-dirty
sharp_x0.8,"0.0172,0.0035,0.004,50,100,350",2,60,9.0,150.5,0,0,0,0,0,5.31,0.4826,12.5,95,da06be4-dirty
sharp_x0.8,"0.0172,0.0035,0.004,50,100,350",2,60,10.0,150.5,0,0,0,0,0,5.46,0.4874,12.5,95,da06be4-dirty
sharp_x0.8,"0.0172,0.0035,0.004,50,100,350",2,60,11.0,150.5,0,0,0,0,0,5.55,0.4922,12.5,95,da06be4-dirty
sharp_x0.8,"0.0172,0.0035,0.004,50,100,350",2,60,12.0,150.5,0,0,0,0,0,5.6,0.4971,12.5,95,da06be4-dirty
sharp_x0.8,"0.0172,0.0035,0.004,50,100,350",2,60,13.0,150.5,0,0,0,0,0,5.64,0.5019,12.5,95,da06be4-dirty
sharp_x0.8,"0.0172,0.0035,0.004,50,100,350",2,60,14.0,150.5,0,0,0,0,0,5.71,0.5068,12.5,95,da06be4-dirty
sharp_x0.8,"0.0172,0.0035,0.004,50,100,350",2,60,15.0,150.5,0,0,0,0,0,5.8,0.5117,12.5,95,da06be4-dirty
sharp_x0.8,"0.0172,0.0035,0.004,50,100,350",2,60,16.0,150.5,0,0,0,0,0,5.87,0.5165,12.5,95,da06be4-dirty
sharp_x0.8,"0.0172,0.0035,0.004,50,100,350",2,60,17.0,150.5,0,0,0,0,0,5.97,0.5214,12.5,95,da06be4-dirty
sharp_x0.8,"0.0172,0.0035,0.004,50,100,350",2,60,18.0,150.5,0,0,0,0,0,6.04,0.5262,12.5,95,da06be4-dirty
sharp_x0.8,"0.0172,0.0035,0.004,50,100,350",2,60,19.0,150.5,0,0,0,0,0,6.11,0.5311,12.5,95,da06be4-dirty
sharp_x0.8,"0.0172,0.0035,0.004,50,100,350",2,60,19.9,150.5,0,0,0,0,0,6.16,0.5355,12.5,95,da06be4-dirty
sharp_x0.8,"0.0172,0.0035,0.004,50,100,350",2,70,0.0,160.5,0,0,0,0,0,5.27,0.4389,12.5,95,da06be4-dirty
sharp_x0.8,"0.0172,0.0035,0.004,50,100,350",2,70,1.0,160.5,0,0,0,0,0,5.34,0.4437,12.5,95,da06be4-dirty
sharp_x0.8,"0.0172,0.0035,0.004,50,100,350",2,70,2.0,160.5,0,0,0,0,0,5.39,0.4486,12.5,95,da06be4-dirty
sharp_x0.8,"0.0172,0.0035,0.004,50,100,350",2,70,3.0,160.5,0,0,0,0,0,5.44,0.4534,12.5,95,da06be4-dirty
sharp_x0.8,"0.0172,0.0035,0.004,50,100,350",2,70,4.0,160.5,0,0,0,0,0,5.51,0.4582,12.5,95,da06be4-dirty
sharp_x0.8,"0.0172,0.0035,0.004,50,100,350",2,70,5.0,160.5,0,0,0,0,0,5.54,0.463,12.5,95,da06be4-dirty
sharp_x0.8,"0.0172,0.0035,0.004,50,100,350",2,70,6.0,160.5,0,0,0,0,0,5.61,0.4679,12.5,95,da06be4-dirty
sharp_x0.8,"0.0172,0.0035,0.004,50,100,350",2,70,7.0,160.5,0,0,0,0,0,5.66,0.4727,12.5,95,da06be4-dirty
sharp_x0.8,"0.0172,0.0035,0.004,50,100,350",2,70,8.0,160.5,0,0,0,0,0,5.74,0.4775,12.5,95,da06be4-dirty
sharp_x0.8,"0.0172,0.0035,0.004,50,100,350",2,70,9.0,160.5,0,0,0,0,0,5.75,0.4824,12.5,95,da06be4-dirty
sharp_x0.8,"0.0172,0.0035,0.004,50,100,350",2,70,10.0,160.5,0,0,0,0,0,5.82,0.4872,12.5,95,da06be4-dirty
sharp_x0.8,"0.0172,0.0035,0.004,50,100,350",2,70,11.0,160.5,0,0,0,0,0,5.88,0.4921,12.5,95,da06be4-dirty
sharp_x0.8,"0.0172,0.0035,0.004,50,100,350",2,70,12.0,160.5,0,0,0,0,0,5.89,0.4969,12.5,95,da06be4-dirty
sharp_x0.8,"0.0172,0.0035,0.004,50,100,350",2,70,13.0,160.5,0,0,0,0,0,5.94,0.5018,12.5,95,da06be4-dirty
sharp_x0.8,"0.0172,0.0035,0.004,50,100,350",2,70,14.0,160.5,0,0,0,0,0,6.0,0.5066,12.5,95,da06be4-dirty
sharp_x0.8,"0.0172,0.0035,0.004,50,100,350",2,70,15.0,160.5,0,0,0,0,0,6.04,0.5115,12.5,95,da06be4-dirty
sharp_x0.8,"0.0172,0.0035,0.004,50,100,350",2,70,16.0,160.5,0,0,0,0,0,6.14,0.5164,12.5,95,da06be4-dirty
sharp_x0.8,"0.0172,0.0035,0.004,50,100,350",2,70,17.0,160.5,0,0,0,0,0,6.19,0.5212,12.5,95,da06be4-dirty
sharp_x0.8,"0.0172,0.0035,0.004,50,100,350",2,70,18.0,160.5,0,0,0,0,0,6.24,0.5261,12.5,95,da06be4-dirty
sharp_x0.8,"0.0172,0.0035,0.004,50,100,350",2,70,19.0,160.5,0,0,0,0,0,6.34,0.531,12.5,95,da06be4-dirty
sharp_x0.8,"0.0172,0.0035,0.004,50,100,350",2,70,19.9,160.5,0,0,0,0,0,6.36,0.5354,12.5,95,da06be4-dirty
sharp_x0.8,"0.0172,0.0035,0.004,50,100,350",2,80,0.0,170.5,0,0,0,0,0,5.56,0.4387,12.5,95,da06be4-dirty
sharp_x0.8,"0.0172,0.0035,0.004,50,100,350",2,80,1.0,170.5,0,0,0,0,0,5.58,0.4435,12.5,95,da06be4-dirty
sharp_x0.8,"0.0172,0.0035,0.004,50,100,350",2,80,2.0,170.5,0,0,0,0,0,5.64,0.4483,12.5,95,da06be4-dirty
sharp_x0.8,"0.0172,0.0035,0.004,50,100,350",2,80,3.0,170.5,0,0,0,0,0,5.69,0.4532,12.5,95,da06be4-dirty
sharp_x0.8,"0.0172,0.0035,0.004,50,100,350",2,80,4.0,170.5,0,0,0,0,0,5.74,0.458,12.5,95,da06be4-dirty
sharp_x0.8,"0.0172,0.0035,0.004,50,100,350",2,80,5.0,170.5,0,0,0,0,0,5.78,0.4628,12.5,95,da06be4-dirty
sharp_x0.8,"0.0172,0.0035,0.004,50,100,350",2,80,6.0,170.5,0,0,0,0,0,5.83,0.4676,12.5,95,da06be4-dirty
sharp_x0.8,"0.0172,0.0035,0.004,50,100,350",2,80,7.0,170.5,0,0,0,0,0,5.87,0.4725,12.5,95,da06be4-dirty
sharp_x0.8,"0.0172,0.0035,0.004,50,100,350",2,80,8.0,170.5,0,0,0,0,0,5.93,0.4773,12.5,95,da06be4-dirty
sharp_x0.8,"0.0172,0.0035,0.004,50,100,350",2,80,9.0,170.5,0,0,0,0,0,5.94,0.4822,12.5,95,da06be4-dirty
sharp_x0.8,"0.0172,0.0035,0.004,50,100,350",2,80,10.0,170.5,0,0,0,0,0,5.99,0.487,12.5,95,da06be4-dirty
sharp_x0.8,"0.0172,0.0035,0.004,50,100,350",2,80,11.0,170.5,0,0,0,0,0,6.05,0.4919,12.5,95,da06be4-dirty
sharp_x0.8,"0.0172,0.0035,0.004,50,100,350",2,80,12.0,170.5,0,0,0,0,0,6.08,0.4967,12.5,95,da06be4-dirty
sharp_x0.8,"0.0172,0.0035,0.004,50,100,350",2,80,13.0,170.5,0,0,0,0,0,6.11,0.5016,12.5,95,da06be4-dirty
sharp_x0.8,"0.0172,0.0035,0.004,50,100,350",2,80,14.0,170.5,0,0,0,0,0,6.15,0.5064,12.5,95,da06be4-dirty
sharp_x0.8,"0.0172,0.0035,0.004,50,100,350",2,80,15.0,170.5,0,0,0,0,0,6.22,0.5113,12.5,95,da06be4-dirty
sharp_x0.8,"0.0172,0.0035,0.004,50,100,350",2,80,16.0,170.5,0,0,0,0,0,6.28,0.5161,12.5,95,da06be4-dirty
sharp_x0.8,"0.0172,0.0035,0.004,50,100,350",2,80,17.0,170.5,0,0,0,0,0,6.35,0.521,12.5,95,da06be4-dirty
sharp_x0.8,"0.0172,0.0035,0.004,50,100,350",2,80,18.0,170.5,0,0,0,0,0,6.41,0.5259,12.5,95,da06be4-dirty
sharp_x0.8,"0.0172,0.0035,0.004,50,100,350",2,80,19.0,170.5,0,0,0,0,0,6.48,0.5307,12.5,95,da06be4-dirty
sharp_x0.8,"0.0172,0.0035,0.004,50,100,350",2,80,19.9,170.5,0,0,0,0,0,6.51,0.5351,12.5,95,da06be4-dirty
sharp_x0.8,"0.0172,0.0035,0.004,50,100,350",2,90,0.0,180.5,0,0,0,0,0,5.88,0.4386,12.5,95,da06be4-dirty
sharp_x0.8,"0.0172,0.0035,0.004,50,100,350",2,90,1.0,180.5,0,0,0,0,0,5.95,0.4434,12.5,95,da06be4-dirty
sharp_x0.8,"0.0172,0.0035,0.004,50,100,350",2,90,2.0,180.5,0,0,0,0,0,6.0,0.4483,12.5,95,da06be4-dirty
sharp_x0.8,"0.0172,0.0035,0.004,50,100,350",2,90,3.0,180.5,0,0,0,0,0,6.08,0.4531,12.5,95,da06be4-dirty
sharp_x0.8,"0.0172,0.0035,0.004,50,100,350",2,90,4.0,180.5,0,0,0,0,0,6.13,0.4579,12.5,95,da06be4-dirty
sharp_x0.8,"0.0172,0.0035,0.004,50,100,350",2,90,5.0,180.5,0,0,0,0,0,6.19,0.4627,12.5,95,da06be4-dirty
sharp_x0.8,"0.0172,0.0035,0.004,50,100,350",2,90,6.0,180.5,0,0,0,0,0,6.24,0.4676,12.5,95,da06be4-dirty
sharp_x0.8,"0.0172,0.0035,0.004,50,100,350",2,90,7.0,180.5,0,0,0,0,0,6.29,0.4724,12.5,95,da06be4-dirty
sharp_x0.8,"0.0172,0.0035,0.004,50,100,350",2,90,8.0,180.5,0,0,0,0,0,6.36,0.4773,12.5,95,da06be4-dirty
sharp_x0.8,"0.0172,0.0035,0.004,50,100,350",2,90,9.0,180.5,0,0,0,0,0,6.37,0.4821,12.5,95,da06be4-dirty
sharp_x0.8,"0.0172,0.0035,0.004,50,100,350",2,90,10.0,180.5,0,0,0,0,0,6.53,0.4869,12.5,95,da06be4-dirty
sharp_x0.8,"0.0172,0.0035,0.004,50,100,350",2,90,11.0,180.5,0,0,0,0,0,6.57,0.4918,12.5,95,da06be4-dirty
sharp_x0.8,"0.0172,0.0035,0.004,50,100,350",2,90,12.0,180.5,0,0,0,0,0,6.6,0.4966,12.5,95,da06be4-dirty
sharp_x0.8,"0.0172,0.0035,0.004,50,100,350",2,90,13.0,180.5,0,0,0,0,0,6.67,0.5015,12.5,95,da06be4-dirty
sharp_x0.8,"0.0172,0.0035,0.004,50,100,350",2,90,14.0,180.5,0,0,0,0,0,6.69,0.5064,12.5,95,da06be4-dirty
sharp_x0.8,"0.0172,0.0035,0.004,50,100,350",2,90,15.0,180.5,0,0,0,0,0,6.77,0.5112,12.5,95,da06be4-dirty
sharp_x0.8,"0.0172,0.0035,0.004,50,100,350",2,90,16.0,180.5,0,0,0,0,0,6.85,0.5161,12.5,95,da06be4-dirty
sharp_x0.8,"0.0172,0.0035,0.004,50,100,350",2,90,17.0,180.5,0,0,0,0,0,6.91,0.5209,12.5,95,da06be4-dirty
sharp_x0.8,"0.0172,0.0035,0.004,50,100,350",2,90,18.0,180.5,0,0,0,0,0,6.99,0.5258,12.5,95,da06be4-dirty
sharp_x0.8,"0.0172,0.0035,0.004,50,100,350",2,90,19.0,180.5,0,0,0,0,0,7.04,0.5307,12.5,95,da06be4-dirty
sharp_x0.8,"0.0172,0.0035,0.004,50,100,350",2,90,19.9,180.5,0,0,0,0,0,7.09,0.5351,12.5,95,da06be4-dirty
sharp_x0.8,"0.0172,0.0035,0.004,50,100,350",2,100,0.0,190.5,0,0,0,0,0,6.39,0.4385,12.5,95,da06be4-dirty
sharp_x0.8,"0.0172,0.0035,0.004,50,100,350",2,100,1.0,190.5,0,0,0,0,0,6.42,0.4433,12.5,95,da06be4-dirty
sharp_x0.8,"0.0172,0.0035,0.004,50,100,350",2,100,2.0,190.5,0,0,0,0,0,6.46,0.4481,12.5,95,da06be4-dirty
sharp_x0.8,"0.0172,0.0035,0.004,50,100,350",2,100,3.0,190.5,0,0,0,0,0,6.53,0.453,12.5,95,da06be4-dirty
sharp_x0.8,"0.0172,0.0035,0.004,50,100,350",2,100,4.0,190.5,0,0,0,0,0,6.57,0.4578,12.5,95,da06be4-dirty
sharp_x0.8,"0.0172,0.0035,0.004,50,100,350",2,100,5.0,190.5,0,0,0,0,0,6.61,0.4626,12.5,95,da06be4-dirty
sharp_x0.8,"0.0172,0.0035,0.004,50,100,350",2,100,6.0,190.5,0,0,0,0,0,6.66,0.4675,12.5,95,da06be4-dirty
sharp_x0.8,"0.0172,0.0035,0.004,50,100,350",2,100,7.0,190.5,0,0,0,0,0,6.72,0.4723,12.5,95,da06be4-dirty
sharp_x0.8,"0.0172,0.0035,0.004,50,100,350",2,100,8.0,190.5,0,0,0,0,0,6.74,0.4771,12.5,95,da06be4-dirty
sharp_x0.8,"0.0172,0.0035,0.004,50,100,350",2,100,9.0,190.5,0,0,0,0,0,6.79,0.482,12.5,95,da06be4-dirty
sharp_x0.8,"0.0172,0.0035,0.004,50,100,350",2,100,10.0,190.5,0,0,0,0,0,6.88,0.4868,12.5,95,da06be4-dirty
sharp_x0.8,"0.0172,0.0035,0.004,50,100,350",2,100,11.0,190.5,0,0,0,0,0,6.93,0.4917,12.5,95,da06be4-dirty
sharp_x0.8,"0.0172,0.0035,0.004,50,100,350",2,100,12.0,190.5,0,0,0,0,0,6.95,0.4965,12.5,95,da06be4-dirty
sharp_x0.8,"0.0172,0.0035,0.004,50,100,350",2,100,13.0,190.5,0,0,0,0,0,7.0,0.5014,12.5,95,da06be4-dirty
sharp_x0.8,"0.0172,0.0035,0.004,50,100,350",2,100,14.0,190.5,0,0,0,0,0,7.0,0.5062,12.5,95,da06be4-dirty
sharp_x0.8,"0.0172,0.0035,0.004,50,100,350",2,100,15.0,190.5,0,0,0,0,0,7.07,0.5111,12.5,95,da06be4-dirty
sharp_x0.8,"0.0172,0.0035,0.004,50,100,350",2,100,16.0,190.5,0,0,0,0,0,7.16,0.516,12.5,95,da06be4-dirty
sharp_x0.8,"0.0172,0.0035,0.004,50,100,350",2,100,17.0,190.5,0,0,0,0,0,7.21,0.5208,12.5,95,da06be4-dirty
sharp_x0.8,"0.0172,0.0035,0.004,50,100,350",2,100,18.0,190.5,0,0,0,0,0,7.4,0.5257,12.5,95,da06be4-dirty
sharp_x0.8,"0.0172,0.0035,0.004,50,100,350",2,100,19.0,190.5,0,0,0,0,0,7.54,0.5306,12.5,95,da06be4-dirty
sharp_x0.8,"0.0172,0.0035,0.004,50,100,350",2,100,19.9,190.5,0,0,0,0,0,7.67,0.535,12.5,95,da06be4-dirty
sharp_x0.8,"0.0172,0.0035,0.004,50,100,350",2,110,0.0,200.5,0,0,0,0,0,7.47,0.4383,12.5,95,da06be4-dirty
sharp_x0.8,"0.0172,0.0035,0.004,50,100,350",2,110,1.0,200.5,0,0,0,0,0,7.53,0.4431,12.5,95,da06be4-dirty
sharp_x0.8,"0.0172,0.0035,0.004,50,100,350",2,110,2.0,200.5,0,0,0,0,0,7.59,0.4479,12.5,95,da06be4-dirty
sharp_x0.8,"0.0172,0.0035,0.004,50,100,350",2,110,3.0,200.5,0,0,0,0,0,7.62,0.4528,12.5,95,da06be4-dirty
sharp_x0.8,"0.0172,0.0035,0.004,50,100,350",2,110,4.0,200.5,0,0,0,0,0,7.67,0.4576,12.5,95,da06be4-dirty
sharp_x0.8,"0.0172,0.0035,0.004,50,100,350",2,110,5.0,200.5,0,0,0,0,0,7.71,0.4624,12.5,95,da06be4-dirty
sharp_x0.8,"0.0172,0.0035,0.004,50,100,350",2,110,6.0,200.5,0,0,0,0,0,7.79,0.4673,12.5,95,da06be4-dirty
sharp_x0.8,"0.0172,0.0035,0.004,50,100,350",2,110,7.0,200.5,0,0,0,0,0,7.84,0.4721,12.5,95,da06be4-dirty
sharp_x0.8,"0.0172,0.0035,0.004,50,100,350",2,110,8.0,200.5,0,0,0,0,0,7.88,0.4769,12.5,95,da06be4-dirty
sharp_x0.8,"0.0172,0.0035,0.004,50,100,350",2,110,9.0,200.5,0,0,0,0,0,7.92,0.4818,12.5,95,da06be4-dirty
sharp_x0.8,"0.0172,0.0035,0.004,50,100,350",2,110,10.0,200.5,0,0,0,0,0,8.03,0.4866,12.5,95,da06be4-dirty
sharp_x0.8,"0.0172,0.0035,0.004,50,100,350",2,110,11.0,200.5,0,0,0,0,0,8.06,0.4915,12.5,95,da06be4-dirty
sharp_x0.8,"0.0172,0.0035,0.004,50,100,350",2,110,12.0,200.5,0,0,0,0,0,8.12,0.4963,12.5,95,da06be4-dirty
sharp_x0.8,"0.0172,0.0035,0.004,50,100,350",2,110,13.0,200.5,0,0,0,0,0,8.18,0.5012,12.5,95,da06be4-dirty
sharp_x0.8,"0.0172,0.0035,0.004,50,100,350",2,110,14.0,200.5,0,0,0,0,0,8.2,0.506,12.5,95,da06be4-dirty
sharp_x0.8,"0.0172,0.0035,0.004,50,100,350",2,110,15.0,200.5,0,0,0,0,0,8.26,0.5109,12.5,95,da06be4-dirty
sharp_x0.8,"0.0172,0.0035,0.004,50,100,350",2,110,16.0,200.5,0,0,0,0,0,8.36,0.5158,12.5,95,da06be4-dirty
sharp_x0.8,"0.0172,0.0035,0.004,50,100,350",2,110,17.0,200.5,0,0,0,0,0,8.42,0.5206,12.5,95,da06be4-dirty
sharp_x0.8,"0.0172,0.0035,0.004,50,100,350",2,110,18.0,200.5,0,0,0,0,0,8.49,0.5255,12.5,95,da06be4-dirty
sharp_x0.8,"0.0172,0.0035,0.004,50,100,350",2,110,19.0,200.5,0,0,0,0,0,8.55,0.5304,12.5,95,da06be4-dirty
sharp_x0.8,"0.0172,0.0035,0.004,50,100,350",2,110,19.9,200.5,0,0,0,0,0,8.74,0.5348,12.5,95,da06be4-dirty
sharp_x0.8,"0.0172,0.0035,0.004,50,100,350",2,120,0.0,210.5,0,0,0,0,0,8.71,0.494,12.5,95,da06be4-dirty
sharp_x0.8,"0.0172,0.0035,0.004,50,100,350",2,120,1.0,210.5,0,0,0,0,0,8.77,0.4965,12.5,95,da06be4-dirty
sharp_x0.8,"0.0172,0.0035,0.004,50,100,350",2,120,2.0,210.5,0,0,0,0,0,8.83,0.4991,12.5,95,da06be4-dirty
sharp_x0.8,"0.0172,0.0035,0.004,50,100,350",2,120,3.0,210.5,0,0,0,0,0,8.86,0.5016,12.5,95,da06be4-dirty
sharp_x0.8,"0.0172,0.0035,0.004,50,100,350",2,120,4.0,210.5,0,0,0,0,0,8.92,0.5042,12.5,95,da06be4-dirty
sharp_x0.8,"0.0172,0.0035,0.004,50,100,350",2,120,5.0,210.5,0,0,0,0,0,8.96,0.5068,12.5,95,da06be4-dirty
sharp_x0.8,"0.0172,0.0035,0.004,50,100,350",2,120,6.0,210.5,0,0,0,0,0,9.01,0.5093,12.5,95,da06be4-dirty
sharp_x0.8,"0.0172,0.0035,0.004,50,100,350",2,120,7.0,210.5,0,0,0,0,0,9.06,0.5119,12.5,95,da06be4-dirty
sharp_x0.8,"0.0172,0.0035,0.004,50,100,350",2,120,8.0,210.5,0,0,0,0,0,9.13,0.5146,12.5,95,da06be4-dirty
sharp_x0.8,"0.0172,0.0035,0.004,50,100,350",2,120,9.0,210.5,0,0,0,0,0,9.19,0.5172,12.5,95,da06be4-dirty
sharp_x0.8,"0.0172,0.0035,0.004,50,100,350",2,120,10.0,210.5,0,0,0,0,0,9.41,0.5233,12.5,95,da06be4-dirty
sharp_x0.8,"0.0172,0.0035,0.004,50,100,350",2,120,11.0,210.5,0,0,0,0,0,9.45,0.5259,12.5,95,da06be4-dirty
sharp_x0.8,"0.0172,0.0035,0.004,50,100,350",2,120,12.0,210.5,0,0,0,0,0,9.51,0.5285,12.5,95,da06be4-dirty
sharp_x0.8,"0.0172,0.0035,0.004,50,100,350",2,120,13.0,210.5,0,0,0,0,0,9.57,0.5312,12.5,95,da06be4-dirty
sharp_x0.8,"0.0172,0.0035,0.004,50,100,350",2,120,14.0,210.5,0,0,0,0,0,9.6,0.5338,12.5,95,da06be4-dirty
sharp_x0.8,"0.0172,0.0035,0.004,50,100,350",2,120,15.0,210.5,0,0,0,0,0,9.67,0.5365,12.5,95,da06be4-dirty
sharp_x0.8,"0.0172,0.0035,0.004,50,100,350",2,120,16.0,210.5,0,0,0,0,0,9.77,0.5391,12.5,95,da06be4-dirty
sharp_x0.8,"0.0172,0.0035,0.004,50,100,350",2,120,17.0,210.5,0,0,0,0,0,9.86,0.5418,12.5,95,da06be4-dirty
sharp_x0.8,"0.0172,0.0035,0.004,50,100,350",2,120,18.0,210.5,0,0,0,0,0,9.94,0.5445,12.5,95,da06be4-dirty
sharp_x0.8,"0.0172,0.0035,0.004,50,100,350",2,120,19.0,210.5,0,0,0,0,0,9.98,0.5472,12.5,95,da06be4-dirty
sharp_x0.8,"0.0172,0.0035,0.004,50,100,350",2,120,19.9,210.5,0,0,0,0,0,10.08,0.5489,12.5,95,da06be4-dirty
sharp_x0.8,"0.0172,0.0035,0.004,50,100,350",2,130,0.0,220.5,0,0,0,0,0,10.21,0.5687,12.5,95,da06be4-dirty
sharp_x0.8,"0.0172,0.0035,0.004,50,100,350",2,130,1.0,220.5,0,0,0,0,0,10.28,0.5715,12.5,95,da06be4-dirty
sharp_x0.8,"0.0172,0.0035,0.004,50,100,350",2,130,2.0,220.5,0,0,0,0,0,10.34,0.5743,12.5,95,da06be4-dirty
sharp_x0.8,"0.0172,0.0035,0.004,50,100,350",2,130,3.0,220.5,0,0,0,0,0,10.39,0.5771,12.5,95,da06be4-dirty
sharp_x0.8,"0.0172,0.0035,0.004,50,100,350",2,130,4.0,220.5,0,0,0,0,0,10.45,0.5799,12.5,95,da06be4-dirty
sharp_x0.8,"0.0172,0.0035,0.004,50,100,350",2,130,5.0,220.5,0,0,0,0,0,10.53,0.5828,12.5,95,da06be4-dirty
sharp_x0.8,"0.0172,0.0035,0.004,50,100,350",2,130,6.0,220.5,0,0,0,0,0,10.6,0.5856,12.5,95,da06be4-dirty
sharp_x0.8,"0.0172,0.0035,0.004,50,100,350",2,130,7.0,220.5,0,0,0,0,0,10.66,0.5885,12.5,95,da06be4-dirty
sharp_x0.8,"0.0172,0.0035,0.004,50,100,350",2,130,8.0,220.5,0,0,0,0,0,10.73,0.5913,12.5,95,da06be4-dirty
sharp_x0.8,"0.0172,0.0035,0.004,50,100,350",2,130,9.0,220.5,0,0,0,0,0,10.78,0.5942,12.5,95,da06be4-dirty
sharp_x0.8,"0.0172,0.0035,0.004,50,100,350",2,130,10.0,220.5,0,0,0,0,0,11.0,0.6007,12.5,95,da06be4-dirty
sharp_x0.8,"0.0172,0.0035,0.004,50,100,350",2,130,11.0,220.5,0,0,0,0,0,11.12,0.6035,12.5,95,da06be4-dirty
sharp_x0.8,"0.0172,0.0035,0.004,50,100,350",2,130,12.0,220.5,0,0,0,0,0,11.18,0.6064,12.5,95,da06be4-dirty
sharp_x0.8,"0.0172,0.0035,0.004,50,100,350",2,130,13.0,220.5,0,0,0,0,0,11.27,0.6093,12.5,95,da06be4-dirty
sharp_x0.8,"0.0172,0.0035,0.004,50,100,350",2,130,14.0,220.5,0,0,0,0,0,11.34,0.6122,12.5,95,da06be4-dirty
sharp_x0.8,"0.0172,0.0035,0.004,50,100,350",2,130,15.0,220.5,0,0,0,0,0,11.43,0.6151,12.5,95,da06be4-dirty
sharp_x0.8,"0.0172,0.0035,0.004,50,100,350",2,130,16.0,220.5,0,0,0,0,0,11.53,0.618,12.5,95,da06be4-dirty
sharp_x0.8,"0.0172,0.0035,0.004,50,100,350",2,130,17.0,220.5,0,0,0,0,0,11.65,0.6209,12.5,95,da06be4-dirty
sharp_x0.8,"0.0172,0.0035,0.004,50,100,350",2,130,18.0,220.5,0,0,0,0,0,11.77,0.6238,12.5,95,da06be4-dirty
sharp_x0.8,"0.0172,0.0035,0.004,50,100,350",2,130,19.0,220.5,0,0,0,0,0,11.87,0.6268,12.5,95,da06be4-dirty
sharp_x0.8,"0.0172,0.0035,0.004,50,100,350",2,130,19.9,220.5,0,0,0,0,0,11.88,0.6284,12.5,95,da06be4-dirty
sharp_x0.8,"0.0172,0.0035,0.004,50,100,350",2,140,0.0,230.5,0,0,0,0,0,12.77,0.6526,12.5,95,da06be4-dirty
sharp_x0.8,"0.0172,0.0035,0.004,50,100,350",2,140,1.0,230.5,0,0,0,0,0,12.8,0.6557,12.5,95,da06be4-dirty
sharp_x0.8,"0.0172,0.0035,0.004,50,100,350",2,140,2.0,230.5,0,0,0,0,0,12.87,0.6588,12.5,95,da06be4-dirty
sharp_x0.8,"0.0172,0.0035,0.004,50,100,350",2,140,3.0,230.5,0,0,0,0,0,12.94,0.662,12.5,95,da06be4-dirty
sharp_x0.8,"0.0172,0.0035,0.004,50,100,350",2,140,4.0,230.5,0,0,0,0,0,12.99,0.6651,12.5,95,da06be4-dirty
sharp_x0.8,"0.0172,0.0035,0.004,50,100,350",2,140,5.0,230.5,0,0,0,0,0,13.08,0.6682,12.5,95,da06be4-dirty
sharp_x0.8,"0.0172,0.0035,0.004,50,100,350",2,140,6.0,230.5,0,0,0,0,0,13.12,0.6714,12.5,95,da06be4-dirty
sharp_x0.8,"0.0172,0.0035,0.004,50,100,350",2,140,7.0,230.5,0,0,0,0,0,13.18,0.6746,12.5,95,da06be4-dirty
sharp_x0.8,"0.0172,0.0035,0.004,50,100,350",2,140,8.0,230.5,0,0,0,0,0,13.23,0.6778,12.5,95,da06be4-dirty
sharp_x0.8,"0.0172,0.0035,0.004,50,100,350",2,140,9.0,230.5,0,0,0,0,0,13.28,0.6809,12.5,95,da06be4-dirty
sharp_x0.8,"0.0172,0.0035,0.004,50,100,350",2,140,10.0,230.5,0,0,0,0,0,13.44,0.6878,12.5,95,da06be4-dirty
sharp_x0.8,"0.0172,0.0035,0.004,50,100,350",2,140,11.0,230.5,0,0,0,0,0,13.51,0.6909,12.5,95,da06be4-dirty
sharp_x0.8,"0.0172,0.0035,0.004,50,100,350",2,140,12.0,230.5,0,0,0,0,0,13.54,0.6941,12.5,95,da06be4-dirty
sharp_x0.8,"0.0172,0.0035,0.004,50,100,350",2,140,13.0,230.5,0,0,0,0,0,13.61,0.6973,12.5,95,da06be4-dirty
sharp_x0.8,"0.0172,0.0035,0.004,50,100,350",2,140,14.0,230.5,0,0,0,0,0,13.64,0.7005,12.5,95,da06be4-dirty
sharp_x0.8,"0.0172,0.0035,0.004,50,100,350",2,140,15.0,230.5,0,0,0,0,0,13.72,0.7037,12.5,95,da06be4-dirty
sharp_x0.8,"0.0172,0.0035,0.004,50,100,350",2,140,16.0,230.5,0,0,0,0,0,13.83,0.7069,12.5,95,da06be4-dirty
sharp_x0.8,"0.0172,0.0035,0.004,50,100,350",2,140,17.0,230.5,0,0,0,0,0,13.93,0.7101,12.5,95,da06be4-dirty
sharp_x0.8,"0.0172,0.0035,0.004,50,100,350",2,140,18.0,230.5,0,0,0,0,0,14.02,0.7134,12.5,95,da06be4-dirty
sharp_x0.8,"0.0172,0.0035,0.004,50,100,350",2,140,19.0,230.5,0,0,0,0,0,14.15,0.7166,12.5,95,da06be4-dirty
sharp_x0.8,"0.0172,0.0035,0.004,50,100,350",2,140,19.9,230.5,0,0,0,0,0,14.23,0.7186,12.5,95,da06be4-dirty
sharp_x0.8,"0.0172,0.0035,0.004,50,100,350",2,150,0.0,240.5,0,0,0,0,0,14.25,0.745,12.5,95,da06be4-dirty
sharp_x0.8,"0.0172,0.0035,0.004,50,100,350",2,150,1.0,240.5,0,0,0,0,0,14.29,0.7485,12.5,95,da06be4-dirty
sharp_x0.8,"0.0172,0.0035,0.004,50,100,350",2,150,2.0,240.5,0,0,0,0,0,14.34,0.7519,12.5,95,da06be4-dirty
sharp_x0.8,"0.0172,0.0035,0.004,50,100,350",2,150,3.0,240.5,0,0,0,0,0,14.37,0.7554,12.5,95,da06be4-dirty
sharp_x0.8,"0.0172,0.0035,0.004,50,100,350",2,150,4.0,240.5,0,0,0,0,0,14.44,0.7589,12.5,95,da06be4-dirty
sharp_x0.8,"0.0172,0.0035,0.004,50,100,350",2,150,5.0,240.5,0,0,0,0,0,14.55,0.7624,12.5,95,da06be4-dirty
sharp_x0.8,"0.0172,0.0035,0.004,50,100,350",2,150,6.0,240.5,0,0,0,0,0,14.6,0.7659,12.5,95,da06be4-dirty
sharp_x0.8,"0.0172,0.0035,0.004,50,100,350",2,150,7.0,240.5,0,0,0,0,0,14.69,0.7694,12.5,95,da06be4-dirty
sharp_x0.8,"0.0172,0.0035,0.004,50,100,350",2,150,8.0,240.5,0,0,0,0,0,14.74,0.7729,12.5,95,da06be4-dirty
sharp_x0.8,"0.0172,0.0035,0.004,50,100,350",2,150,9.0,240.5,0,0,0,0,0,14.85,0.7765,12.5,95,da06be4-dirty
sharp_x0.8,"0.0172,0.0035,0.004,50,100,350",2,150,10.0,240.5,0,0,0,0,0,14.89,0.7839,12.5,95,da06be4-dirty
sharp_x0.8,"0.0172,0.0035,0.004,50,100,350",2,150,11.0,240.5,0,0,0,0,0,14.97,0.7874,12.5,95,da06be4-dirty
sharp_x0.8,"0.0172,0.0035,0.004,50,100,350",2,150,12.0,240.5,0,0,0,0,0,15.06,0.7909,12.5,95,da06be4-dirty
sharp_x0.8,"0.0172,0.0035,0.004,50,100,350",2,150,13.0,240.5,0,0,0,0,0,15.26,0.7945,12.5,95,da06be4-dirty
sharp_x0.8,"0.0172,0.0035,0.004,50,100,350",2,150,14.0,240.5,0,0,0,0,0,15.33,0.798,12.5,95,da06be4-dirty
sharp_x0.8,"0.0172,0.0035,0.004,50,100,350",2,150,15.0,240.5,5,0,5,0,0,15.43,0.8015,12.5,95,da06be4-dirty
sharp_x0.8,"0.0172,0.0035,0.004,50,100,350",2,150,16.0,240.5,9,0,9,0,0,15.62,0.8051,12.5,95,da06be4-dirty
sharp_x0.8,"0.0172,0.0035,0.004,50,100,350",2,150,17.0,240.5,11,0,11,0,0,15.79,0.8086,12.5,95,da06be4-dirty
sharp_x0.8,"0.0172,0.0035,0.004,50,100,350",2,150,18.0,240.5,14,0,14,0,0,15.88,0.8122,12.5,95,da06be4-dirty
sharp_x0.8,"0.0172,0.0035,0.004,50,100,350",2,150,19.0,240.5,15,0,15,0,0,16.05,0.8158,12.5,95,da06be4-dirty
sharp_x0.8,"0.0172,0.0035,0.004,50,100,350",2,150,19.9,240.5,16,0,16,0,0,15.99,0.8177,12.5,95,da06be4-dirty
sharp_x0.8,"0.0172,0.0035,0.004,50,100,350",2,160,0.0,250.5,25,0,25,0,0,16.31,0.8448,12.5,95,da06be4-dirty
sharp_x0.8,"0.0172,0.0035,0.004,50,100,350",2,160,1.0,250.5,26,0,26,0,0,16.36,0.8487,12.5,95,da06be4-dirty
sharp_x0.8,"0.0172,0.0035,0.004,50,100,350",2,160,2.0,250.5,27,0,27,0,0,16.41,0.8525,12.5,95,da06be4-dirty
sharp_x0.8,"0.0172,0.0035,0.004,50,100,350",2,160,3.0,250.5,28,0,28,0,0,16.45,0.8564,12.5,95,da06be4-dirty
sharp_x0.8,"0.0172,0.0035,0.004,50,100,350",2,160,4.0,250.5,29,0,29,0,0,16.52,0.8602,12.5,95,da06be4-dirty
sharp_x0.8,"0.0172,0.0035,0.004,50,100,350",2,160,5.0,250.5,30,0,30,0,0,16.58,0.8641,12.5,95,da06be4-dirty
sharp_x0.8,"0.0172,0.0035,0.004,50,100,350",2,160,6.0,250.5,31,0,31,0,0,16.71,0.868,12.5,95,da06be4-dirty
sharp_x0.8,"0.0172,0.0035,0.004,50,100,350",2,160,7.0,250.5,31,0,31,0,0,16.79,0.8719,12.5,95,da06be4-dirty
sharp_x0.8,"0.0172,0.0035,0.004,50,100,350",2,160,8.0,250.5,33,0,33,0,0,16.84,0.8758,12.5,95,da06be4-dirty
sharp_x0.8,"0.0172,0.0035,0.004,50,100,350",2,160,9.0,250.5,33,0,33,0,0,16.96,0.8797,12.5,95,da06be4-dirty
sharp_x0.8,"0.0172,0.0035,0.004,50,100,350",2,160,10.0,250.5,35,0,35,0,0,17.13,0.8879,12.5,95,da06be4-dirty
sharp_x0.8,"0.0172,0.0035,0.004,50,100,350",2,160,11.0,250.5,36,0,36,0,0,17.21,0.8917,12.5,95,da06be4-dirty
sharp_x0.8,"0.0172,0.0035,0.004,50,100,350",2,160,12.0,250.5,37,0,37,0,0,17.35,0.8956,12.5,95,da06be4-dirty
sharp_x0.8,"0.0172,0.0035,0.004,50,100,350",2,160,13.0,250.5,37,0,37,0,0,17.45,0.8995,12.5,95,da06be4-dirty
sharp_x0.8,"0.0172,0.0035,0.004,50,100,350",2,160,14.0,250.5,39,0,39,0,0,17.46,0.9034,12.5,95,da06be4-dirty
sharp_x0.8,"0.0172,0.0035,0.004,50,100,350",2,160,15.0,250.5,39,0,39,0,0,17.56,0.9073,12.5,95,da06be4-dirty
sharp_x0.8,"0.0172,0.0035,0.004,50,100,350",2,160,16.0,250.5,40,0,40,0,0,17.69,0.9112,12.5,95,da06be4-dirty
sharp_x0.8,"0.0172,0.0035,0.004,50,100,350",2,160,17.0,250.5,40,0,40,0,0,17.81,0.9152,12.5,95,da06be4-dirty
sharp_x0.8,"0.0172,0.0035,0.004,50,100,350",2,160,18.0,250.5,42,0,42,0,0,17.86,0.9191,12.5,95,da06be4-dirty
sharp_x0.8,"0.0172,0.0035,0.004,50,100,350",2,160,19.0,250.5,42,0,42,0,0,17.96,0.923,12.5,95,da06be4-dirty
sharp_x0.8,"0.0172,0.0035,0.004,50,100,350",2,160,19.9,250.5,43,0,43,0,0,17.86,0.9252,12.5,95,da06be4-dirty
sharp_x0.8,"0.0172,0.0035,0.004,50,100,350",2,170,0.0,260.5,46,0,46,0,0,17.55,0.9494,12.5,95,da06be4-dirty
sharp_x0.8,"0.0172,0.0035,0.004,50,100,350",2,170,1.0,260.5,46,0,46,0,0,17.65,0.9537,12.5,95,da06be4-dirty
sharp_x0.8,"0.0172,0.0035,0.004,50,100,350",2,170,2.0,260.5,47,0,47,0,0,17.72,0.9579,12.5,95,da06be4-dirty
sharp_x0.8,"0.0172,0.0035,0.004,50,100,350",2,170,3.0,260.5,47,0,47,0,0,17.79,0.9622,12.5,95,da06be4-dirty
sharp_x0.8,"0.0172,0.0035,0.004,50,100,350",2,170,4.0,260.5,49,0,49,0,0,17.85,0.9665,12.5,95,da06be4-dirty
sharp_x0.8,"0.0172,0.0035,0.004,50,100,350",2,170,5.0,260.5,49,0,49,0,0,17.91,0.9707,12.5,95,da06be4-dirty
sharp_x0.8,"0.0172,0.0035,0.004,50,100,350",2,170,6.0,260.5,50,0,50,0,0,17.97,0.975,12.5,95,da06be4-dirty
sharp_x0.8,"0.0172,0.0035,0.004,50,100,350",2,170,7.0,260.5,50,0,50,0,0,18.02,0.9793,12.5,95,da06be4-dirty
sharp_x0.8,"0.0172,0.0035,0.004,50,100,350",2,170,8.0,260.5,51,0,51,0,0,18.05,0.9836,12.5,95,da06be4-dirty
sharp_x0.8,"0.0172,0.0035,0.004,50,100,350",2,170,9.0,260.5,52,0,52,0,0,18.15,0.988,12.5,95,da06be4-dirty
sharp_x0.8,"0.0172,0.0035,0.004,50,100,350",2,170,10.0,260.5,53,0,53,0,0,18.27,0.9967,12.5,95,da06be4-dirty
sharp_x0.8,"0.0172,0.0035,0.004,50,100,350",2,170,11.0,260.5,54,0,54,0,0,18.29,1.001,12.5,95,da06be4-dirty
sharp_x0.8,"0.0172,0.0035,0.004,50,100,350",2,170,12.0,260.5,54,0,54,0,0,18.37,1.0053,12.5,95,da06be4-dirty
sharp_x0.8,"0.0172,0.0035,0.004,50,100,350",2,170,13.0,260.5,54,0,54,0,0,18.4,1.0096,12.5,95,da06be4-dirty
sharp_x0.8,"0.0172,0.0035,0.004,50,100,350",2,170,14.0,260.5,56,0,56,0,0,18.48,1.0138,12.5,95,da06be4-dirty
sharp_x0.8,"0.0172,0.0035,0.004,50,100,350",2,170,15.0,260.5,56,0,56,0,0,18.59,1.0181,12.5,95,da06be4-dirty
sharp_x0.8,"0.0172,0.0035,0.004,50,100,350",2,170,16.0,260.5,57,0,57,0,0,18.64,1.0224,12.5,95,da06be4-dirty
sharp_x0.8,"0.0172,0.0035,0.004,50,100,350",2,170,17.0,260.5,57,0,57,0,0,18.81,1.0268,12.5,95,da06be4-dirty
sharp_x0.8,"0.0172,0.0035,0.004,50,100,350",2,170,18.0,260.5,57,0,57,0,0,18.97,1.0311,12.5,95,da06be4-dirty
sharp_x0.8,"0.0172,0.0035,0.004,50,100,350",2,170,19.0,260.5,58,0,58,0,0,19.14,1.0354,12.5,95,da06be4-dirty
sharp_x0.8,"0.0172,0.0035,0.004,50,100,350",2,170,19.9,260.5,60,0,60,0,0,19.21,1.037,12.5,95,da06be4-dirty
sharp_x0.8,"0.0172,0.0035,0.004,50,100,350",2,180,0.0,270.5,60,0,60,0,0,19.93,1.0536,12.5,95,da06be4-dirty
sharp_x0.8,"0.0172,0.0035,0.004,50,100,350",2,180,1.0,270.5,60,0,60,0,0,19.99,1.0582,12.5,95,da06be4-dirty
sharp_x0.8,"0.0172,0.0035,0.004,50,100,350",2,180,2.0,270.5,61,0,61,0,0,20.04,1.0629,12.5,95,da06be4-dirty
sharp_x0.8,"0.0172,0.0035,0.004,50,100,350",2,180,3.0,270.5,61,0,61,0,0,20.09,1.0675,12.5,95,da06be4-dirty
sharp_x0.8,"0.0172,0.0035,0.004,50,100,350",2,180,4.0,270.5,62,0,62,0,0,20.2,1.0722,12.5,95,da06be4-dirty
sharp_x0.8,"0.0172,0.0035,0.004,50,100,350",2,180,5.0,270.5,63,0,63,0,0,20.26,1.0768,12.5,95,da06be4-dirty
sharp_x0.8,"0.0172,0.0035,0.004,50,100,350",2,180,6.0,270.5,63,0,63,0,0,20.32,1.0815,12.5,95,da06be4-dirty
sharp_x0.8,"0.0172,0.0035,0.004,50,100,350",2,180,7.0,270.5,63,0,63,0,0,20.39,1.0862,12.5,95,da06be4-dirty
sharp_x0.8,"0.0172,0.0035,0.004,50,100,350",2,180,8.0,270.5,64,0,64,0,0,20.42,1.0909,12.5,95,da06be4-dirty
sharp_x0.8,"0.0172,0.0035,0.004,50,100,350",2,180,9.0,270.5,64,0,64,0,0,20.53,1.0956,12.5,95,da06be4-dirty
sharp_x0.8,"0.0172,0.0035,0.004,50,100,350",2,180,10.0,270.5,66,0,66,0,0,21.0,1.1052,12.5,95,da06be4-dirty
sharp_x0.8,"0.0172,0.0035,0.004,50,100,350",2,180,11.0,270.5,67,0,67,0,0,21.13,1.1098,12.5,95,da06be4-dirty
sharp_x0.8,"0.0172,0.0035,0.004,50,100,350",2,180,12.0,270.5,67,0,67,0,0,21.23,1.1144,12.5,95,da06be4-dirty
sharp_x0.8,"0.0172,0.0035,0.004,50,100,350",2,180,13.0,270.5,67,0,67,0,0,21.34,1.1191,12.5,95,da06be4-dirty
sharp_x0.8,"0.0172,0.0035,0.004,50,100,350",2,180,14.0,270.5,68,0,68,0,0,21.46,1.1237,12.5,95,da06be4-dirty
sharp_x0.8,"0.0172,0.0035,0.004,50,100,350",2,180,15.0,270.5,68,0,68,0,0,21.61,1.1284,12.5,95,da06be4-dirty
sharp_x0.8,"0.0172,0.0035,0.004,50,100,350",2,180,16.0,270.5,69,0,69,0,0,21.75,1.1331,12.5,95,da06be4-dirty
sharp_x0.8,"0.0172,0.0035,0.004,50,100,350",2,180,17.0,270.5,70,0,70,0,0,21.87,1.1378,12.5,95,da06be4-dirty
sharp_x0.8,"0.0172,0.0035,0.004,50,100,350",2,180,18.0,270.5,70,0,70,0,0,22.02,1.1425,12.5,95,da06be4-dirty
sharp_x0.8,"0.0172,0.0035,0.004,50,100,350",2,180,19.0,270.5,70,0,70,0,0,22.11,1.1472,12.5,95,da06be4-dirty
sharp_x0.8,"0.0172,0.0035,0.004,50,100,350",2,180,19.9,270.5,71,0,71,0,0,22.37,1.1494,12.5,95,da06be4-dirty
sharp_x0.8,"0.0172,0.0035,0.004,50,100,350",2,190,0.0,280.5,114,0,70,44,0,23.03,1.1599,12.5,95,da06be4-dirty
sharp_x0.8,"0.0172,0.0035,0.004,50,100,350",2,190,1.0,280.5,124,0,71,53,0,23.19,1.1649,12.5,95,da06be4-dirty
sharp_x0.8,"0.0172,0.0035,0.004,50,100,350",2,190,2.0,280.5,138,0,71,67,0,23.35,1.1699,12.5,95,da06be4-dirty
sharp_x0.8,"0.0172,0.0035,0.004,50,100,350",2,190,3.0,280.5,147,0,71,76,0,23.49,1.175,12.5,95,da06be4-dirty
sharp_x0.8,"0.0172,0.0035,0.004,50,100,350",2,190,4.0,280.5,155,0,72,83,0,23.66,1.18,12.5,95,da06be4-dirty
sharp_x0.8,"0.0172,0.0035,0.004,50,100,350",2,190,5.0,280.5,162,0,72,90,0,23.74,1.185,12.5,95,da06be4-dirty
sharp_x0.8,"0.0172,0.0035,0.004,50,100,350",2,190,6.0,280.5,168,0,72,96,0,23.81,1.1901,12.5,95,da06be4-dirty
sharp_x0.8,"0.0172,0.0035,0.004,50,100,350",2,190,7.0,280.5,176,0,74,102,0,23.91,1.1951,12.5,95,da06be4-dirty
sharp_x0.8,"0.0172,0.0035,0.004,50,100,350",2,190,8.0,280.5,187,0,74,113,0,24.0,1.2002,12.5,95,da06be4-dirty
sharp_x0.8,"0.0172,0.0035,0.004,50,100,350",2,190,9.0,280.5,197,0,74,123,0,24.13,1.2052,12.5,95,da06be4-dirty
sharp_x0.8,"0.0172,0.0035,0.004,50,100,350",2,190,10.0,280.5,211,0,75,136,0,24.35,1.2155,12.5,95,da06be4-dirty
sharp_x0.8,"0.0172,0.0035,0.004,50,100,350",2,190,11.0,280.5,219,0,76,143,0,24.43,1.2204,12.5,95,da06be4-dirty
sharp_x0.8,"0.0172,0.0035,0.004,50,100,350",2,190,12.0,280.5,225,0,76,149,0,24.51,1.2254,12.5,95,da06be4-dirty
sharp_x0.8,"0.0172,0.0035,0.004,50,100,350",2,190,13.0,280.5,230,0,76,154,0,24.68,1.2305,12.5,95,da06be4-dirty
sharp_x0.8,"0.0172,0.0035,0.004,50,100,350",2,190,14.0,280.5,236,0,77,159,0,24.77,1.2355,12.5,95,da06be4-dirty
sharp_x0.8,"0.0172,0.0035,0.004,50,100,350",2,190,15.0,280.5,241,0,78,163,0,24.86,1.2405,12.5,95,da06be4-dirty
sharp_x0.8,"0.0172,0.0035,0.004,50,100,350",2,190,16.0,280.5,247,0,78,169,0,25.12,1.2455,12.5,95,da06be4-dirty
sharp_x0.8,"0.0172,0.0035,0.004,50,100,350",2,190,17.0,280.5,253,0,79,174,0,25.32,1.2506,12.5,95,da06be4-dirty
sharp_x0.8,"0.0172,0.0035,0.004,50,100,350",2,190,18.0,280.5,264,0,86,178,0,25.59,1.2556,12.5,95,da06be4-dirty
sharp_x0.8,"0.0172,0.0035,0.004,50,100,350",2,190,19.0,280.5,271,0,90,181,0,25.76,1.2606,12.5,95,da06be4-dirty
sharp_x0.8,"0.0172,0.0035,0.004,50,100,350",2,190,19.9,280.5,264,0,93,171,0,26.18,1.2619,12.5,95,da06be4-dirty
sharp_x0.8,"0.0172,0.0035,0.004,50,100,350",2,200,0.0,290.5,460,0,100,360,0,26.43,1.2733,12.5,95,da06be4-dirty
sharp_x0.8,"0.0172,0.0035,0.004,50,100,350",2,200,1.0,290.5,464,0,100,364,0,26.54,1.2786,12.5,95,da06be4-dirty
sharp_x0.8,"0.0172,0.0035,0.004,50,100,350",2,200,2.0,290.5,468,0,100,368,0,26.67,1.284,12.5,95,da06be4-dirty
sharp_x0.8,"0.0172,0.0035,0.004,50,100,350",2,200,3.0,290.5,474,0,104,370,0,26.87,1.2894,12.5,95,da06be4-dirty
sharp_x0.8,"0.0172,0.0035,0.004,50,100,350",2,200,4.0,290.5,480,0,110,370,0,27.02,1.2947,12.5,95,da06be4-dirty
sharp_x0.8,"0.0172,0.0035,0.004,50,100,350",2,200,5.0,290.5,487,0,113,374,0,27.13,1.3001,12.5,95,da06be4-dirty
sharp_x0.8,"0.0172,0.0035,0.004,50,100,350",2,200,6.0,290.5,493,0,115,378,0,27.25,1.3055,12.5,95,da06be4-dirty
sharp_x0.8,"0.0172,0.0035,0.004,50,100,350",2,200,7.0,290.5,498,0,118,380,0,27.39,1.3109,12.5,95,da06be4-dirty
sharp_x0.8,"0.0172,0.0035,0.004,50,100,350",2,200,8.0,290.5,504,0,122,382,0,27.44,1.3163,12.5,95,da06be4-dirty
sharp_x0.8,"0.0172,0.0035,0.004,50,100,350",2,200,9.0,290.5,508,0,123,385,0,27.58,1.3217,12.5,95,da06be4-dirty
sharp_x0.8,"0.0172,0.0035,0.004,50,100,350",2,200,10.0,290.5,520,0,130,390,0,27.83,1.3326,12.5,95,da06be4-dirty
sharp_x0.8,"0.0172,0.0035,0.004,50,100,350",2,200,11.0,290.5,524,0,131,393,0,27.94,1.338,12.5,95,da06be4-dirty
sharp_x0.8,"0.0172,0.0035,0.004,50,100,350",2,200,12.0,290.5,528,0,132,396,0,28.19,1.3433,12.5,95,da06be4-dirty
sharp_x0.8,"0.0172,0.0035,0.004,50,100,350",2,200,13.0,290.5,532,0,134,398,0,28.39,1.3487,12.5,95,da06be4-dirty
sharp_x0.8,"0.0172,0.0035,0.004,50,100,350",2,200,14.0,290.5,536,0,136,400,0,28.51,1.354,12.5,95,da06be4-dirty
sharp_x0.8,"0.0172,0.0035,0.004,50,100,350",2,200,15.0,290.5,540,0,137,403,0,28.75,1.3594,12.5,95,da06be4-dirty
sharp_x0.8,"0.0172,0.0035,0.004,50,100,350",2,200,16.0,290.5,543,0,139,404,0,28.95,1.3648,12.5,95,da06be4-dirty
sharp_x0.8,"0.0172,0.0035,0.004,50,100,350",2,200,17.0,290.5,547,0,140,407,0,29.2,1.3701,12.5,95,da06be4-dirty
sharp_x0.8,"0.0172,0.0035,0.004,50,100,350",2,200,18.0,290.5,553,0,143,410,0,29.44,1.3755,12.5,95,da06be4-dirty
sharp_x0.8,"0.0172,0.0035,0.004,50,100,350",2,200,19.0,290.5,555,0,144,411,0,29.58,1.3809,12.5,95,da06be4-dirty
sharp_x0.8,"0.0172,0.0035,0.004,50,100,350",2,200,19.9,290.5,555,0,143,412,0,30.15,1.3801,12.5,95,da06be4-dirty
sharp_x1.2,"0.0258,0.0035,0.004,50,100,350",3,20,0.0,110.5,0,0,0,0,0,4.27,0.4845,12.5,95,da06be4-dirty
sharp_x1.2,"0.0258,0.0035,0.004,50,100,350",3,20,1.0,110.5,0,0,0,0,0,4.37,0.4895,12.5,95,da06be4-dirty
sharp_x1.2,"0.0258,0.0035,0.004,50,100,350",3,20,2.0,110.5,0,0,0,0,0,4.46,0.4946,12.5,95,da06be4-dirty
sharp_x1.2,"0.0258,0.0035,0.004,50,100,350",3,20,3.0,110.5,0,0,0,0,0,4.54,0.4996,12.5,95,da06be4-dirty
sharp_x1.2,"0.0258,0.0035,0.004,50,100,350",3,20,4.0,110.5,0,0,0,0,0,4.59,0.5046,12.5,95,da06be4-dirty
sharp_x1.2,"0.0258,0.0035,0.004,50,100,350",3,20,5.0,110.5,0,0,0,0,0,4.69,0.5097,12.5,95,da06be4-dirty
sharp_x1.2,"0.0258,0.0035,0.004,50,100,350",3,20,6.0,110.5,0,0,0,0,0,4.73,0.5147,12.5,95,da06be4-dirty
sharp_x1.2,"0.0258,0.0035,0.004,50,100,350",3,20,7.0,110.5,0,0,0,0,0,4.77,0.5197,12.5,95,da06be4-dirty
sharp_x1.2,"0.0258,0.0035,0.004,50,100,350",3,20,8.0,110.5,0,0,0,0,0,4.83,0.5248,12.5,95,da06be4-dirty
sharp_x1.2,"0.0258,0.0035,0.004,50,100,350",3,20,9.0,110.5,0,0,0,0,0,5.06,0.5298,12.5,95,da06be4-dirty
sharp_x1.2,"0.0258,0.0035,0.004,50,100,350",3,20,10.0,110.5,0,0,0,0,0,5.29,0.5348,12.5,95,da06be4-dirty
sharp_x1.2,"0.0258,0.0035,0.004,50,100,350",3,20,11.0,110.5,0,0,0,0,0,5.43,0.5399,12.5,95,da06be4-dirty
sharp_x1.2,"0.0258,0.0035,0.004,50,100,350",3,20,12.0,110.5,0,0,0,0,0,5.52,0.5449,12.5,95,da06be4-dirty
sharp_x1.2,"0.0258,0.0035,0.004,50,100,350",3,20,13.0,110.5,0,0,0,0,0,5.59,0.5499,12.5,95,da06be4-dirty
sharp_x1.2,"0.0258,0.0035,0.004,50,100,350",3,20,14.0,110.5,0,0,0,0,0,5.69,0.555,12.5,95,da06be4-dirty
sharp_x1.2,"0.0258,0.0035,0.004,50,100,350",3,20,15.0,110.5,0,0,0,0,0,5.8,0.56,12.5,95,da06be4-dirty
sharp_x1.2,"0.0258,0.0035,0.004,50,100,350",3,20,16.0,110.5,0,0,0,0,0,5.86,0.5651,12.5,95,da06be4-dirty
sharp_x1.2,"0.0258,0.0035,0.004,50,100,350",3,20,17.0,110.5,0,0,0,0,0,5.92,0.5701,12.5,95,da06be4-dirty
sharp_x1.2,"0.0258,0.0035,0.004,50,100,350",3,20,18.0,110.5,0,0,0,0,0,5.99,0.5752,12.5,95,da06be4-dirty
sharp_x1.2,"0.0258,0.0035,0.004,50,100,350",3,20,19.0,110.5,0,0,0,0,0,6.04,0.5802,12.5,95,da06be4-dirty
sharp_x1.2,"0.0258,0.0035,0.004,50,100,350",3,20,19.9,110.5,0,0,0,0,0,6.09,0.5847,12.5,95,da06be4-dirty
sharp_x1.2,"0.0258,0.0035,0.004,50,100,350",3,30,0.0,120.5,0,0,0,0,0,4.62,0.499,12.5,95,da06be4-dirty
sharp_x1.2,"0.0258,0.0035,0.004,50,100,350",3,30,1.0,120.5,0,0,0,0,0,4.74,0.5041,12.5,95,da06be4-dirty
sharp_x1.2,"0.0258,0.0035,0.004,50,100,350",3,30,2.0,120.5,0,0,0,0,0,4.83,0.5093,12.5,95,da06be4-dirty
sharp_x1.2,"0.0258,0.0035,0.004,50,100,350",3,30,3.0,120.5,0,0,0,0,0,4.95,0.5144,12.5,95,da06be4-dirty
sharp_x1.2,"0.0258,0.0035,0.004,50,100,350",3,30,4.0,120.5,0,0,0,0,0,5.01,0.5195,12.5,95,da06be4-dirty
sharp_x1.2,"0.0258,0.0035,0.004,50,100,350",3,30,5.0,120.5,0,0,0,0,0,5.08,0.5246,12.5,95,da06be4-dirty
sharp_x1.2,"0.0258,0.0035,0.004,50,100,350",3,30,6.0,120.5,0,0,0,0,0,5.12,0.5297,12.5,95,da06be4-dirty
sharp_x1.2,"0.0258,0.0035,0.004,50,100,350",3,30,7.0,120.5,0,0,0,0,0,5.19,0.5349,12.5,95,da06be4-dirty
sharp_x1.2,"0.0258,0.0035,0.004,50,100,350",3,30,8.0,120.5,0,0,0,0,0,5.25,0.54,12.5,95,da06be4-dirty
sharp_x1.2,"0.0258,0.0035,0.004,50,100,350",3,30,9.0,120.5,0,0,0,0,0,5.54,0.5451,12.5,95,da06be4-dirty
sharp_x1.2,"0.0258,0.0035,0.004,50,100,350",3,30,10.0,120.5,0,0,0,0,0,5.8,0.5502,12.5,95,da06be4-dirty
sharp_x1.2,"0.0258,0.0035,0.004,50,100,350",3,30,11.0,120.5,0,0,0,0,0,5.91,0.5554,12.5,95,da06be4-dirty
sharp_x1.2,"0.0258,0.0035,0.004,50,100,350",3,30,12.0,120.5,0,0,0,0,0,5.99,0.5605,12.5,95,da06be4-dirty
sharp_x1.2,"0.0258,0.0035,0.004,50,100,350",3,30,13.0,120.5,0,0,0,0,0,6.06,0.5656,12.5,95,da06be4-dirty
sharp_x1.2,"0.0258,0.0035,0.004,50,100,350",3,30,14.0,120.5,0,0,0,0,0,6.15,0.5707,12.5,95,da06be4-dirty
sharp_x1.2,"0.0258,0.0035,0.004,50,100,350",3,30,15.0,120.5,0,0,0,0,0,6.26,0.5759,12.5,95,da06be4-dirty
sharp_x1.2,"0.0258,0.0035,0.004,50,100,350",3,30,16.0,120.5,0,0,0,0,0,6.33,0.581,12.5,95,da06be4-dirty
sharp_x1.2,"0.0258,0.0035,0.004,50,100,350",3,30,17.0,120.5,0,0,0,0,0,6.38,0.5861,12.5,95,da06be4-dirty
sharp_x1.2,"0.0258,0.0035,0.004,50,100,350",3,30,18.0,120.5,0,0,0,0,0,6.42,0.5912,12.5,95,da06be4-dirty
sharp_x1.2,"0.0258,0.0035,0.004,50,100,350",3,30,19.0,120.5,0,0,0,0,0,6.49,0.5964,12.5,95,da06be4-dirty
sharp_x1.2,"0.0258,0.0035,0.004,50,100,350",3,30,19.9,120.5,0,0,0,0,0,6.49,0.6009,12.5,95,da06be4-dirty
sharp_x1.2,"0.0258,0.0035,0.004,50,100,350",3,40,0.0,130.5,0,0,0,0,0,4.76,0.5725,12.5,95,da06be4-dirty
sharp_x1.2,"0.0258,0.0035,0.004,50,100,350",3,40,1.0,130.5,0,0,0,0,0,4.87,0.5748,12.5,95,da06be4-dirty
sharp_x1.2,"0.0258,0.0035,0.004,50,100,350",3,40,2.0,130.5,0,0,0,0,0,4.97,0.5771,12.5,95,da06be4-dirty
sharp_x1.2,"0.0258,0.0035,0.004,50,100,350",3,40,3.0,130.5,0,0,0,0,0,5.06,0.5795,12.5,95,da06be4-dirty
sharp_x1.2,"0.0258,0.0035,0.004,50,100,350",3,40,4.0,130.5,0,0,0,0,0,5.13,0.5819,12.5,95,da06be4-dirty
sharp_x1.2,"0.0258,0.0035,0.004,50,100,350",3,40,5.0,130.5,0,0,0,0,0,5.19,0.5843,12.5,95,da06be4-dirty
sharp_x1.2,"0.0258,0.0035,0.004,50,100,350",3,40,6.0,130.5,0,0,0,0,0,5.25,0.5868,12.5,95,da06be4-dirty
sharp_x1.2,"0.0258,0.0035,0.004,50,100,350",3,40,7.0,130.5,0,0,0,0,0,5.31,0.5893,12.5,95,da06be4-dirty
sharp_x1.2,"0.0258,0.0035,0.004,50,100,350",3,40,8.0,130.5,0,0,0,0,0,5.35,0.5918,12.5,95,da06be4-dirty
sharp_x1.2,"0.0258,0.0035,0.004,50,100,350",3,40,9.0,130.5,0,0,0,0,0,5.62,0.5944,12.5,95,da06be4-dirty
sharp_x1.2,"0.0258,0.0035,0.004,50,100,350",3,40,10.0,130.5,0,0,0,0,0,5.78,0.597,12.5,95,da06be4-dirty
sharp_x1.2,"0.0258,0.0035,0.004,50,100,350",3,40,11.0,130.5,0,0,0,0,0,5.88,0.5996,12.5,95,da06be4-dirty
sharp_x1.2,"0.0258,0.0035,0.004,50,100,350",3,40,12.0,130.5,0,0,0,0,0,5.99,0.6023,12.5,95,da06be4-dirty
sharp_x1.2,"0.0258,0.0035,0.004,50,100,350",3,40,13.0,130.5,0,0,0,0,0,6.08,0.605,12.5,95,da06be4-dirty
sharp_x1.2,"0.0258,0.0035,0.004,50,100,350",3,40,14.0,130.5,0,0,0,0,0,6.17,0.6077,12.5,95,da06be4-dirty
sharp_x1.2,"0.0258,0.0035,0.004,50,100,350",3,40,15.0,130.5,0,0,0,0,0,6.25,0.6105,12.5,95,da06be4-dirty
sharp_x1.2,"0.0258,0.0035,0.004,50,100,350",3,40,16.0,130.5,0,0,0,0,0,6.31,0.6133,12.5,95,da06be4-dirty
sharp_x1.2,"0.0258,0.0035,0.004,50,100,350",3,40,17.0,130.5,0,0,0,0,0,6.38,0.6161,12.5,95,da06be4-dirty
sharp_x1.2,"0.0258,0.0035,0.004,50,100,350",3,40,18.0,130.5,0,0,0,0,0,6.47,0.619,12.5,95,da06be4-dirty
sharp_x1.2,"0.0258,0.0035,0.004,50,100,350",3,40,19.0,130.5,0,0,0,0,0,6.52,0.6218,12.5,95,da06be4-dirty
sharp_x1.2,"0.0258,0.0035,0.004,50,100,350",3,40,19.9,130.5,0,0,0,0,0,6.56,0.6262,12.5,95,da06be4-dirty
sharp_x1.2,"0.0258,0.0035,0.004,50,100,350",3,50,0.0,140.5,0,0,0,0,0,4.47,0.6547,12.5,95,da06be4-dirty
sharp_x1.2,"0.0258,0.0035,0.004,50,100,350",3,50,1.0,140.5,0,0,0,0,0,4.58,0.6575,12.5,95,da06be4-dirty
sharp_x1.2,"0.0258,0.0035,0.004,50,100,350",3,50,2.0,140.5,0,0,0,0,0,4.67,0.6604,12.5,95,da06be4-dirty
sharp_x1.2,"0.0258,0.0035,0.004,50,100,350",3,50,3.0,140.5,0,0,0,0,0,4.75,0.6633,12.5,95,da06be4-dirty
sharp_x1.2,"0.0258,0.0035,0.004,50,100,350",3,50,4.0,140.5,0,0,0,0,0,4.81,0.6662,12.5,95,da06be4-dirty
sharp_x1.2,"0.0258,0.0035,0.004,50,100,350",3,50,5.0,140.5,0,0,0,0,0,4.87,0.6692,12.5,95,da06be4-dirty
sharp_x1.2,"0.0258,0.0035,0.004,50,100,350",3,50,6.0,140.5,0,0,0,0,0,4.93,0.6722,12.5,95,da06be4-dirty
sharp_x1.2,"0.0258,0.0035,0.004,50,100,350",3,50,7.0,140.5,0,0,0,0,0,5.0,0.6752,12.5,95,da06be4-dirty
sharp_x1.2,"0.0258,0.0035,0.004,50,100,350",3,50,8.0,140.5,0,0,0,0,0,5.06,0.6783,12.5,95,da06be4-dirty
sharp_x1.2,"0.0258,0.0035,0.004,50,100,350",3,50,9.0,140.5,0,0,0,0,0,5.32,0.6813,12.5,95,da06be4-dirty
sharp_x1.2,"0.0258,0.0035,0.004,50,100,350",3,50,10.0,140.5,0,0,0,0,0,5.48,0.6845,12.5,95,da06be4-dirty
sharp_x1.2,"0.0258,0.0035,0.004,50,100,350",3,50,11.0,140.5,0,0,0,0,0,5.67,0.6876,12.5,95,da06be4-dirty
sharp_x1.2,"0.0258,0.0035,0.004,50,100,350",3,50,12.0,140.5,0,0,0,0,0,5.8,0.6908,12.5,95,da06be4-dirty
sharp_x1.2,"0.0258,0.0035,0.004,50,100,350",3,50,13.0,140.5,0,0,0,0,0,5.94,0.694,12.5,95,da06be4-dirty
sharp_x1.2,"0.0258,0.0035,0.004,50,100,350",3,50,14.0,140.5,0,0,0,0,0,6.03,0.6972,12.5,95,da06be4-dirty
sharp_x1.2,"0.0258,0.0035,0.004,50,100,350",3,50,15.0,140.5,0,0,0,0,0,6.28,0.7004,12.5,95,da06be4-dirty
sharp_x1.2,"0.0258,0.0035,0.004,50,100,350",3,50,16.0,140.5,0,0,0,0,0,6.41,0.7037,12.5,95,da06be4-dirty
sharp_x1.2,"0.0258,0.0035,0.004,50,100,350",3,50,17.0,140.5,0,0,0,0,0,6.53,0.707,12.5,95,da06be4-dirty
sharp_x1.2,"0.0258,0.0035,0.004,50,100,350",3,50,18.0,140.5,0,0,0,0,0,6.67,0.7104,12.5,95,da06be4-dirty
sharp_x1.2,"0.0258,0.0035,0.004,50,100,350",3,50,19.0,140.5,0,0,0,0,0,6.8,0.7137,12.5,95,da06be4-dirty
sharp_x1.2,"0.0258,0.0035,0.004,50,100,350",3,50,19.9,140.5,0,0,0,0,0,6.93,0.719,12.5,95,da06be4-dirty
sharp_x1.2,"0.0258,0.0035,0.004,50,100,350",3,60,0.0,150.5,0,0,0,0,0,4.66,0.7318,12.5,95,da06be4-dirty
sharp_x1.2,"0.0258,0.0035,0.004,50,100,350",3,60,1.0,150.5,0,0,0,0,0,4.79,0.7351,12.5,95,da06be4-dirty
sharp_x1.2,"0.0258,0.0035,0.004,50,100,350",3,60,2.0,150.5,0,0,0,0,0,4.87,0.7385,12.5,95,da06be4-dirty
sharp_x1.2,"0.0258,0.0035,0.004,50,100,350",3,60,3.0,150.5,0,0,0,0,0,4.97,0.7418,12.5,95,da06be4-dirty
sharp_x1.2,"0.0258,0.0035,0.004,50,100,350",3,60,4.0,150.5,0,0,0,0,0,5.01,0.7453,12.5,95,da06be4-dirty
sharp_x1.2,"0.0258,0.0035,0.004,50,100,350",3,60,5.0,150.5,0,0,0,0,0,5.11,0.7487,12.5,95,da06be4-dirty
sharp_x1.2,"0.0258,0.0035,0.004,50,100,350",3,60,6.0,150.5,0,0,0,0,0,5.12,0.7522,12.5,95,da06be4-dirty
sharp_x1.2,"0.0258,0.0035,0.004,50,100,350",3,60,7.0,150.5,0,0,0,0,0,5.27,0.7557,12.5,95,da06be4-dirty
sharp_x1.2,"0.0258,0.0035,0.004,50,100,350",3,60,8.0,150.5,0,0,0,0,0,5.4,0.7592,12.5,95,da06be4-dirty
sharp_x1.2,"0.0258,0.0035,0.004,50,100,350",3,60,9.0,150.5,0,0,0,0,0,5.72,0.7627,12.5,95,da06be4-dirty
sharp_x1.2,"0.0258,0.0035,0.004,50,100,350",3,60,10.0,150.5,0,0,0,0,0,5.89,0.7663,12.5,95,da06be4-dirty
sharp_x1.2,"0.0258,0.0035,0.004,50,100,350",3,60,11.0,150.5,0,0,0,0,0,6.04,0.7699,12.5,95,da06be4-dirty
sharp_x1.2,"0.0258,0.0035,0.004,50,100,350",3,60,12.0,150.5,0,0,0,0,0,6.17,0.7735,12.5,95,da06be4-dirty
sharp_x1.2,"0.0258,0.0035,0.004,50,100,350",3,60,13.0,150.5,0,0,0,0,0,6.35,0.7771,12.5,95,da06be4-dirty
sharp_x1.2,"0.0258,0.0035,0.004,50,100,350",3,60,14.0,150.5,0,0,0,0,0,6.53,0.7808,12.5,95,da06be4-dirty
sharp_x1.2,"0.0258,0.0035,0.004,50,100,350",3,60,15.0,150.5,0,0,0,0,0,6.67,0.7845,12.5,95,da06be4-dirty
sharp_x1.2,"0.0258,0.0035,0.004,50,100,350",3,60,16.0,150.5,0,0,0,0,0,6.8,0.7882,12.5,95,da06be4-dirty
sharp_x1.2,"0.0258,0.0035,0.004,50,100,350",3,60,17.0,150.5,0,0,0,0,0,6.92,0.792,12.5,95,da06be4-dirty
sharp_x1.2,"0.0258,0.0035,0.004,50,100,350",3,60,18.0,150.5,0,0,0,0,0,7.01,0.7957,12.5,95,da06be4-dirty
sharp_x1.2,"0.0258,0.0035,0.004,50,100,350",3,60,19.0,150.5,0,0,0,0,0,7.14,0.7995,12.5,95,da06be4-dirty
sharp_x1.2,"0.0258,0.0035,0.004,50,100,350",3,60,19.9,150.5,5,0,0,0,5,7.29,0.8017,12.5,95,da06be4-dirty
sharp_x1.2,"0.0258,0.0035,0.004,50,100,350",3,70,0.0,160.5,0,0,0,0,0,5.54,0.7964,12.5,95,da06be4-dirty
sharp_x1.2,"0.0258,0.0035,0.004,50,100,350",3,70,1.0,160.5,1,0,0,0,1,5.68,0.8001,12.5,95,da06be4-dirty
sharp_x1.2,"0.0258,0.0035,0.004,50,100,350",3,70,2.0,160.5,7,0,0,0,7,5.81,0.8039,12.5,95,da06be4-dirty
sharp_x1.2,"0.0258,0.0035,0.004,50,100,350",3,70,3.0,160.5,10,0,0,0,10,5.91,0.8077,12.5,95,da06be4-dirty
sharp_x1.2,"0.0258,0.0035,0.004,50,100,350",3,70,4.0,160.5,13,0,0,0,13,5.98,0.8115,12.5,95,da06be4-dirty
sharp_x1.2,"0.0258,0.0035,0.004,50,100,350",3,70,5.0,160.5,15,0,0,0,15,6.09,0.8153,12.5,95,da06be4-dirty
sharp_x1.2,"0.0258,0.0035,0.004,50,100,350",3,70,6.0,160.5,17,0,0,0,17,6.17,0.8191,12.5,95,da06be4-dirty
sharp_x1.2,"0.0258,0.0035,0.004,50,100,350",3,70,7.0,160.5,18,0,0,0,18,6.25,0.823,12.5,95,da06be4-dirty
sharp_x1.2,"0.0258,0.0035,0.004,50,100,350",3,70,8.0,160.5,20,0,0,0,20,6.34,0.8269,12.5,95,da06be4-dirty
sharp_x1.2,"0.0258,0.0035,0.004,50,100,350",3,70,9.0,160.5,21,0,0,0,21,6.63,0.8308,12.5,95,da06be4-dirty
sharp_x1.2,"0.0258,0.0035,0.004,50,100,350",3,70,10.0,160.5,23,0,0,0,23,6.81,0.8348,12.5,95,da06be4-dirty
sharp_x1.2,"0.0258,0.0035,0.004,50,100,350",3,70,11.0,160.5,24,0,0,0,24,6.93,0.8387,12.5,95,da06be4-dirty
sharp_x1.2,"0.0258,0.0035,0.004,50,100,350",3,70,12.0,160.5,25,0,0,0,25,7.05,0.8427,12.5,95,da06be4-dirty
sharp_x1.2,"0.0258,0.0035,0.004,50,100,350",3,70,13.0,160.5,26,0,0,0,26,7.17,0.8467,12.5,95,da06be4-dirty
sharp_x1.2,"0.0258,0.0035,0.004,50,100,350",3,70,14.0,160.5,27,0,0,0,27,7.28,0.8507,12.5,95,da06be4-dirty
sharp_x1.2,"0.0258,0.0035,0.004,50,100,350",3,70,15.0,160.5,29,1,0,0,28,7.41,0.8548,12.5,95,da06be4-dirty
sharp_x1.2,"0.0258,0.0035,0.004,50,100,350",3,70,16.0,160.5,29,1,0,0,28,7.48,0.8588,12.5,95,da06be4-dirty
sharp_x1.2,"0.0258,0.0035,0.004,50,100,350",3,70,17.0,160.5,30,1,0,0,29,7.55,0.8629,12.5,95,da06be4-dirty
sharp_x1.2,"0.0258,0.0035,0.004,50,100,350",3,70,18.0,160.5,31,1,0,0,30,7.66,0.867,12.5,95,da06be4-dirty
sharp_x1.2,"0.0258,0.0035,0.004,50,100,350",3,70,19.0,160.5,32,2,0,0,30,7.74,0.8711,12.5,95,da06be4-dirty
sharp_x1.2,"0.0258,0.0035,0.004,50,100,350",3,70,19.9,160.5,32,2,0,0,30,7.86,0.8707,12.5,95,da06be4-dirty
sharp_x1.2,"0.0258,0.0035,0.004,50,100,350",3,80,0.0,170.5,26,1,0,0,25,6.37,0.8505,12.5,95,da06be4-dirty
sharp_x1.2,"0.0258,0.0035,0.004,50,100,350",3,80,1.0,170.5,27,1,0,0,26,6.48,0.8546,12.5,95,da06be4-dirty
sharp_x1.2,"0.0258,0.0035,0.004,50,100,350",3,80,2.0,170.5,29,2,0,0,27,6.55,0.8587,12.5,95,da06be4-dirty
sharp_x1.2,"0.0258,0.0035,0.004,50,100,350",3,80,3.0,170.5,29,2,0,0,27,6.67,0.8628,12.5,95,da06be4-dirty
sharp_x1.2,"0.0258,0.0035,0.004,50,100,350",3,80,4.0,170.5,30,2,0,0,28,6.75,0.8669,12.5,95,da06be4-dirty
sharp_x1.2,"0.0258,0.0035,0.004,50,100,350",3,80,5.0,170.5,32,3,0,0,29,6.82,0.8711,12.5,95,da06be4-dirty
sharp_x1.2,"0.0258,0.0035,0.004,50,100,350",3,80,6.0,170.5,32,3,0,0,29,6.86,0.8753,12.5,95,da06be4-dirty
sharp_x1.2,"0.0258,0.0035,0.004,50,100,350",3,80,7.0,170.5,33,3,0,0,30,6.93,0.8795,12.5,95,da06be4-dirty
sharp_x1.2,"0.0258,0.0035,0.004,50,100,350",3,80,8.0,170.5,33,3,0,0,30,7.0,0.8837,12.5,95,da06be4-dirty
sharp_x1.2,"0.0258,0.0035,0.004,50,100,350",3,80,9.0,170.5,35,4,0,0,31,7.24,0.8879,12.5,95,da06be4-dirty
sharp_x1.2,"0.0258,0.0035,0.004,50,100,350",3,80,10.0,170.5,35,3,0,0,32,7.45,0.8922,12.5,95,da06be4-dirty
sharp_x1.2,"0.0258,0.0035,0.004,50,100,350",3,80,11.0,170.5,36,3,0,0,33,7.56,0.8964,12.5,95,da06be4-dirty
sharp_x1.2,"0.0258,0.0035,0.004,50,100,350",3,80,12.0,170.5,36,3,0,0,33,7.67,0.9007,12.5,95,da06be4-dirty
sharp_x1.2,"0.0258,0.0035,0.004,50,100,350",3,80,13.0,170.5,37,3,0,0,34,7.76,0.905,12.5,95,da06be4-dirty
sharp_x1.2,"0.0258,0.0035,0.004,50,100,350",3,80,14.0,170.5,38,4,0,0,34,7.86,0.9094,12.5,95,da06be4-dirty
sharp_x1.2,"0.0258,0.0035,0.004,50,100,350",3,80,15.0,170.5,39,4,0,0,35,7.95,0.9137,12.5,95,da06be4-dirty
sharp_x1.2,"0.0258,0.0035,0.004,50,100,350",3,80,16.0,170.5,48,4,0,0,44,8.0,0.9181,12.5,95,da06be4-dirty
sharp_x1.2,"0.0258,0.0035,0.004,50,100,350",3,80,17.0,170.5,54,4,0,0,50,8.11,0.9224,12.5,95,da06be4-dirty
sharp_x1.2,"0.0258,0.0035,0.004,50,100,350",3,80,18.0,170.5,57,4,0,0,53,8.19,0.9268,12.5,95,da06be4-dirty
sharp_x1.2,"0.0258,0.0035,0.004,50,100,350",3,80,19.0,170.5,61,5,0,0,56,8.29,0.9312,12.5,95,da06be4-dirty
sharp_x1.2,"0.0258,0.0035,0.004,50,100,350",3,80,19.9,170.5,62,5,0,0,57,8.55,0.928,12.5,95,da06be4-dirty
sharp_x1.2,"0.0258,0.0035,0.004,50,100,350",3,90,0.0,180.5,58,5,0,0,53,7.17,0.8998,12.5,95,da06be4-dirty
sharp_x1.2,"0.0258,0.0035,0.004,50,100,350",3,90,1.0,180.5,60,5,0,0,55,7.29,0.9042,12.5,95,da06be4-dirty
sharp_x1.2,"0.0258,0.0035,0.004,50,100,350",3,90,2.0,180.5,62,5,0,0,57,7.41,0.9086,12.5,95,da06be4-dirty
sharp_x1.2,"0.0258,0.0035,0.004,50,100,350",3,90,3.0,180.5,63,5,0,0,58,7.51,0.913,12.5,95,da06be4-dirty
sharp_x1.2,"0.0258,0.0035,0.004,50,100,350",3,90,4.0,180.5,66,5,0,0,61,7.57,0.9174,12.5,95,da06be4-dirty
sharp_x1.2,"0.0258,0.0035,0.004,50,100,350",3,90,5.0,180.5,68,6,0,0,62,7.64,0.9219,12.5,95,da06be4-dirty
sharp_x1.2,"0.0258,0.0035,0.004,50,100,350",3,90,6.0,180.5,69,6,0,0,63,7.71,0.9264,12.5,95,da06be4-dirty
sharp_x1.2,"0.0258,0.0035,0.004,50,100,350",3,90,7.0,180.5,71,6,0,0,65,7.79,0.9308,12.5,95,da06be4-dirty
sharp_x1.2,"0.0258,0.0035,0.004,50,100,350",3,90,8.0,180.5,73,6,0,0,67,7.83,0.9353,12.5,95,da06be4-dirty
sharp_x1.2,"0.0258,0.0035,0.004,50,100,350",3,90,9.0,180.5,74,6,0,0,68,8.09,0.9399,12.5,95,da06be4-dirty
sharp_x1.2,"0.0258,0.0035,0.004,50,100,350",3,90,10.0,180.5,77,6,0,0,71,8.26,0.9444,12.5,95,da06be4-dirty
sharp_x1.2,"0.0258,0.0035,0.004,50,100,350",3,90,11.0,180.5,78,6,0,0,72,8.4,0.949,12.5,95,da06be4-dirty
sharp_x1.2,"0.0258,0.0035,0.004,50,100,350",3,90,12.0,180.5,79,6,0,0,73,8.52,0.9535,12.5,95,da06be4-dirty
sharp_x1.2,"0.0258,0.0035,0.004,50,100,350",3,90,13.0,180.5,81,6,0,0,75,8.58,0.9581,12.5,95,da06be4-dirty
sharp_x1.2,"0.0258,0.0035,0.004,50,100,350",3,90,14.0,180.5,82,6,0,0,76,8.71,0.9627,12.5,95,da06be4-dirty
sharp_x1.2,"0.0258,0.0035,0.004,50,100,350",3,90,15.0,180.5,83,6,0,0,77,8.81,0.9674,12.5,95,da06be4-dirty
sharp_x1.2,"0.0258,0.0035,0.004,50,100,350",3,90,16.0,180.5,86,7,0,0,79,8.87,0.972,12.5,95,da06be4-dirty
sharp_x1.2,"0.0258,0.0035,0.004,50,100,350",3,90,17.0,180.5,87,7,0,0,80,8.96,0.9766,12.5,95,da06be4-dirty
sharp_x1.2,"0.0258,0.0035,0.004,50,100,350",3,90,18.0,180.5,88,7,0,0,81,9.05,0.9813,12.5,95,da06be4-dirty
sharp_x1.2,"0.0258,0.0035,0.004,50,100,350",3,90,19.0,180.5,90,7,0,0,83,9.11,0.986,12.5,95,da06be4-dirty
sharp_x1.2,"0.0258,0.0035,0.004,50,100,350",3,90,19.9,180.5,89,7,0,0,82,9.25,0.9831,12.5,95,da06be4-dirty
sharp_x1.2,"0.0258,0.0035,0.004,50,100,350",3,100,0.0,190.5,86,9,0,0,77,7.73,0.9539,12.5,95,da06be4-dirty
sharp_x1.2,"0.0258,0.0035,0.004,50,100,350",3,100,1.0,190.5,87,9,0,0,78,7.84,0.9585,12.5,95,da06be4-dirty
sharp_x1.2,"0.0258,0.0035,0.004,50,100,350",3,100,2.0,190.5,88,9,0,0,79,7.93,0.9632,12.5,95,da06be4-dirty
sharp_x1.2,"0.0258,0.0035,0.004,50,100,350",3,100,3.0,190.5,89,9,0,0,80,8.03,0.9679,12.5,95,da06be4-dirty
sharp_x1.2,"0.0258,0.0035,0.004,50,100,350",3,100,4.0,190.5,90,9,0,0,81,8.08,0.9726,12.5,95,da06be4-dirty
sharp_x1.2,"0.0258,0.0035,0.004,50,100,350",3,100,5.0,190.5,91,9,0,0,82,8.17,0.9774,12.5,95,da06be4-dirty
sharp_x1.2,"0.0258,0.0035,0.004,50,100,350",3,100,6.0,190.5,93,10,0,0,83,8.22,0.9821,12.5,95,da06be4-dirty
sharp_x1.2,"0.0258,0.0035,0.004,50,100,350",3,100,7.0,190.5,95,10,0,0,85,8.28,0.9869,12.5,95,da06be4-dirty
sharp_x1.2,"0.0258,0.0035,0.004,50,100,350",3,100,8.0,190.5,95,10,0,0,85,8.34,0.9917,12.5,95,da06be4-dirty
sharp_x1.2,"0.0258,0.0035,0.004,50,100,350",3,100,9.0,190.5,96,10,0,0,86,8.61,0.9965,12.5,95,da06be4-dirty
sharp_x1.2,"0.0258,0.0035,0.004,50,100,350",3,100,10.0,190.5,97,9,0,0,88,8.78,1.0013,12.5,95,da06be4-dirty
sharp_x1.2,"0.0258,0.0035,0.004,50,100,350",3,100,11.0,190.5,98,9,0,0,89,8.89,1.0062,12.5,95,da06be4-dirty
sharp_x1.2,"0.0258,0.0035,0.004,50,100,350",3,100,12.0,190.5,98,9,0,0,89,8.96,1.011,12.5,95,da06be4-dirty
sharp_x1.2,"0.0258,0.0035,0.004,50,100,350",3,100,13.0,190.5,101,9,0,0,92,9.06,1.0159,12.5,95,da06be4-dirty
sharp_x1.2,"0.0258,0.0035,0.004,50,100,350",3,100,14.0,190.5,102,10,0,0,92,9.18,1.0208,12.5,95,da06be4-dirty
sharp_x1.2,"0.0258,0.0035,0.004,50,100,350",3,100,15.0,190.5,103,10,0,0,93,9.27,1.0257,12.5,95,da06be4-dirty
sharp_x1.2,"0.0258,0.0035,0.004,50,100,350",3,100,16.0,190.5,104,10,0,0,94,9.36,1.0306,12.5,95,da06be4-dirty
sharp_x1.2,"0.0258,0.0035,0.004,50,100,350",3,100,17.0,190.5,105,10,0,0,95,9.4,1.0356,12.5,95,da06be4-dirty
sharp_x1.2,"0.0258,0.0035,0.004,50,100,350",3,100,18.0,190.5,105,10,0,0,95,9.47,1.0405,12.5,95,da06be4-dirty
sharp_x1.2,"0.0258,0.0035,0.004,50,100,350",3,100,19.0,190.5,106,10,0,0,96,9.54,1.0455,12.5,95,da06be4-dirty
sharp_x1.2,"0.0258,0.0035,0.004,50,100,350",3,100,19.9,190.5,106,10,0,0,96,9.63,1.0435,12.5,95,da06be4-dirty
sharp_x1.2,"0.0258,0.0035,0.004,50,100,350",2,60,0.0,150.5,0,0,0,0,0,4.94,0.4399,12.5,95,da06be4-dirty
sharp_x1.2,"0.0258,0.0035,0.004,50,100,350",2,60,1.0,150.5,0,0,0,0,0,4.99,0.4447,12.5,95,da06be4-dirty
sharp_x1.2,"0.0258,0.0035,0.004,50,100,350",2,60,2.0,150.5,0,0,0,0,0,5.03,0.4495,12.5,95,da06be4-dirty
sharp_x1.2,"0.0258,0.0035,0.004,50,100,350",2,60,3.0,150.5,0,0,0,0,0,5.08,0.4543,12.5,95,da06be4-dirty
sharp_x1.2,"0.0258,0.0035,0.004,50,100,350",2,60,4.0,150.5,0,0,0,0,0,5.12,0.4592,12.5,95,da06be4-dirty
sharp_x1.2,"0.0258,0.0035,0.004,50,100,350",2,60,5.0,150.5,0,0,0,0,0,5.16,0.464,12.5,95,da06be4-dirty
sharp_x1.2,"0.0258,0.0035,0.004,50,100,350",2,60,6.0,150.5,0,0,0,0,0,5.21,0.4688,12.5,95,da06be4-dirty
sharp_x1.2,"0.0258,0.0035,0.004,50,100,350",2,60,7.0,150.5,0,0,0,0,0,5.26,0.4737,12.5,95,da06be4-dirty
sharp_x1.2,"0.0258,0.0035,0.004,50,100,350",2,60,8.0,150.5,0,0,0,0,0,5.28,0.4785,12.5,95,da06be4-dirty
sharp_x1.2,"0.0258,0.0035,0.004,50,100,350",2,60,9.0,150.5,0,0,0,0,0,5.31,0.4834,12.5,95,da06be4-dirty
sharp_x1.2,"0.0258,0.0035,0.004,50,100,350",2,60,10.0,150.5,0,0,0,0,0,5.37,0.4882,12.5,95,da06be4-dirty
sharp_x1.2,"0.0258,0.0035,0.004,50,100,350",2,60,11.0,150.5,0,0,0,0,0,5.4,0.493,12.5,95,da06be4-dirty
sharp_x1.2,"0.0258,0.0035,0.004,50,100,350",2,60,12.0,150.5,0,0,0,0,0,5.45,0.4979,12.5,95,da06be4-dirty
sharp_x1.2,"0.0258,0.0035,0.004,50,100,350",2,60,13.0,150.5,0,0,0,0,0,5.47,0.5027,12.5,95,da06be4-dirty
sharp_x1.2,"0.0258,0.0035,0.004,50,100,350",2,60,14.0,150.5,0,0,0,0,0,5.53,0.5076,12.5,95,da06be4-dirty
sharp_x1.2,"0.0258,0.0035,0.004,50,100,350",2,60,15.0,150.5,0,0,0,0,0,5.57,0.5125,12.5,95,da06be4-dirty
sharp_x1.2,"0.0258,0.0035,0.004,50,100,350",2,60,16.0,150.5,0,0,0,0,0,5.62,0.5173,12.5,95,da06be4-dirty
sharp_x1.2,"0.0258,0.0035,0.004,50,100,350",2,60,17.0,150.5,0,0,0,0,0,5.69,0.5222,12.5,95,da06be4-dirty
sharp_x1.2,"0.0258,0.0035,0.004,50,100,350",2,60,18.0,150.5,0,0,0,0,0,5.76,0.527,12.5,95,da06be4-dirty
sharp_x1.2,"0.0258,0.0035,0.004,50,100,350",2,60,19.0,150.5,0,0,0,0,0,5.82,0.5319,12.5,95,da06be4-dirty
sharp_x1.2,"0.0258,0.0035,0.004,50,100,350",2,60,19.9,150.5,0,0,0,0,0,5.85,0.5363,12.5,95,da06be4-dirty
sharp_x1.2,"0.0258,0.0035,0.004,50,100,350",2,70,0.0,160.5,0,0,0,0,0,5.08,0.4399,12.5,95,da06be4-dirty
sharp_x1.2,"0.0258,0.0035,0.004,50,100,350",2,70,1.0,160.5,0,0,0,0,0,5.11,0.4447,12.5,95,da06be4-dirty
sharp_x1.2,"0.0258,0.0035,0.004,50,100,350",2,70,2.0,160.5,0,0,0,0,0,5.16,0.4495,12.5,95,da06be4-dirty
sharp_x1.2,"0.0258,0.0035,0.004,50,100,350",2,70,3.0,160.5,0,0,0,0,0,5.21,0.4544,12.5,95,da06be4-dirty
sharp_x1.2,"0.0258,0.0035,0.004,50,100,350",2,70,4.0,160.5,0,0,0,0,0,5.22,0.4592,12.5,95,da06be4-dirty
sharp_x1.2,"0.0258,0.0035,0.004,50,100,350",2,70,5.0,160.5,0,0,0,0,0,5.27,0.464,12.5,95,da06be4-dirty
sharp_x1.2,"0.0258,0.0035,0.004,50,100,350",2,70,6.0,160.5,0,0,0,0,0,5.32,0.4689,12.5,95,da06be4-dirty
sharp_x1.2,"0.0258,0.0035,0.004,50,100,350",2,70,7.0,160.5,0,0,0,0,0,5.38,0.4737,12.5,95,da06be4-dirty
sharp_x1.2,"0.0258,0.0035,0.004,50,100,350",2,70,8.0,160.5,0,0,0,0,0,5.38,0.4785,12.5,95,da06be4-dirty
sharp_x1.2,"0.0258,0.0035,0.004,50,100,350",2,70,9.0,160.5,0,0,0,0,0,5.41,0.4834,12.5,95,da06be4-dirty
sharp_x1.2,"0.0258,0.0035,0.004,50,100,350",2,70,10.0,160.5,0,0,0,0,0,5.46,0.4882,12.5,95,da06be4-dirty
sharp_x1.2,"0.0258,0.0035,0.004,50,100,350",2,70,11.0,160.5,0,0,0,0,0,5.51,0.4931,12.5,95,da06be4-dirty
sharp_x1.2,"0.0258,0.0035,0.004,50,100,350",2,70,12.0,160.5,0,0,0,0,0,5.55,0.4979,12.5,95,da06be4-dirty
sharp_x1.2,"0.0258,0.0035,0.004,50,100,350",2,70,13.0,160.5,0,0,0,0,0,5.57,0.5028,12.5,95,da06be4-dirty
sharp_x1.2,"0.0258,0.0035,0.004,50,100,350",2,70,14.0,160.5,0,0,0,0,0,5.69,0.5076,12.5,95,da06be4-dirty
sharp_x1.2,"0.0258,0.0035,0.004,50,100,350",2,70,15.0,160.5,0,0,0,0,0,5.78,0.5125,12.5,95,da06be4-dirty
sharp_x1.2,"0.0258,0.0035,0.004,50,100,350",2,70,16.0,160.5,0,0,0,0,0,5.86,0.5173,12.5,95,da06be4-dirty
sharp_x1.2,"0.0258,0.0035,0.004,50,100,350",2,70,17.0,160.5,0,0,0,0,0,5.95,0.5222,12.5,95,da06be4-dirty
sharp_x1.2,"0.0258,0.0035,0.004,50,100,350",2,70,18.0,160.5,0,0,0,0,0,6.03,0.5271,12.5,95,da06be4-dirty
sharp_x1.2,"0.0258,0.0035,0.004,50,100,350",2,70,19.0,160.5,0,0,0,0,0,6.12,0.5319,12.5,95,da06be4-dirty
sharp_x1.2,"0.0258,0.0035,0.004,50,100,350",2,70,19.9,160.5,0,0,0,0,0,6.19,0.5363,12.5,95,da06be4-dirty
sharp_x1.2,"0.0258,0.0035,0.004,50,100,350",2,80,0.0,170.5,0,0,0,0,0,5.26,0.4398,12.5,95,da06be4-dirty
sharp_x1.2,"0.0258,0.0035,0.004,50,100,350",2,80,1.0,170.5,0,0,0,0,0,5.33,0.4447,12.5,95,da06be4-dirty
sharp_x1.2,"0.0258,0.0035,0.004,50,100,350",2,80,2.0,170.5,0,0,0,0,0,5.4,0.4495,12.5,95,da06be4-dirty
sharp_x1.2,"0.0258,0.0035,0.004,50,100,350",2,80,3.0,170.5,0,0,0,0,0,5.48,0.4543,12.5,95,da06be4-dirty
sharp_x1.2,"0.0258,0.0035,0.004,50,100,350",2,80,4.0,170.5,0,0,0,0,0,5.52,0.4591,12.5,95,da06be4-dirty
sharp_x1.2,"0.0258,0.0035,0.004,50,100,350",2,80,5.0,170.5,0,0,0,0,0,5.59,0.464,12.5,95,da06be4-dirty
sharp_x1.2,"0.0258,0.0035,0.004,50,100,350",2,80,6.0,170.5,0,0,0,0,0,5.65,0.4688,12.5,95,da06be4-dirty
sharp_x1.2,"0.0258,0.0035,0.004,50,100,350",2,80,7.0,170.5,0,0,0,0,0,5.69,0.4736,12.5,95,da06be4-dirty
sharp_x1.2,"0.0258,0.0035,0.004,50,100,350",2,80,8.0,170.5,0,0,0,0,0,5.75,0.4785,12.5,95,da06be4-dirty
sharp_x1.2,"0.0258,0.0035,0.004,50,100,350",2,80,9.0,170.5,0,0,0,0,0,5.78,0.4833,12.5,95,da06be4-dirty
sharp_x1.2,"0.0258,0.0035,0.004,50,100,350",2,80,10.0,170.5,0,0,0,0,0,5.85,0.4881,12.5,95,da06be4-dirty
sharp_x1.2,"0.0258,0.0035,0.004,50,100,350",2,80,11.0,170.5,0,0,0,0,0,5.89,0.493,12.5,95,da06be4-dirty
sharp_x1.2,"0.0258,0.0035,0.004,50,100,350",2,80,12.0,170.5,0,0,0,0,0,5.94,0.4978,12.5,95,da06be4-dirty
sharp_x1.2,"0.0258,0.0035,0.004,50,100,350",2,80,13.0,170.5,0,0,0,0,0,5.97,0.5027,12.5,95,da06be4-dirty
sharp_x1.2,"0.0258,0.0035,0.004,50,100,350",2,80,14.0,170.5,0,0,0,0,0,6.03,0.5076,12.5,95,da06be4-dirty
sharp_x1.2,"0.0258,0.0035,0.004,50,100,350",2,80,15.0,170.5,0,0,0,0,0,6.07,0.5124,12.5,95,da06be4-dirty
sharp_x1.2,"0.0258,0.0035,0.004,50,100,350",2,80,16.0,170.5,0,0,0,0,0,6.15,0.5173,12.5,95,da06be4-dirty
sharp_x1.2,"0.0258,0.0035,0.004,50,100,350",2,80,17.0,170.5,0,0,0,0,0,6.21,0.5221,12.5,95,da06be4-dirty
sharp_x1.2,"0.0258,0.0035,0.004,50,100,350",2,80,18.0,170.5,0,0,0,0,0,6.28,0.527,12.5,95,da06be4-dirty
sharp_x1.2,"0.0258,0.0035,0.004,50,100,350",2,80,19.0,170.5,0,0,0,0,0,6.34,0.5319,12.5,95,da06be4-dirty
sharp_x1.2,"0.0258,0.0035,0.004,50,100,350",2,80,19.9,170.5,0,0,0,0,0,6.43,0.5362,12.5,95,da06be4-dirty
sharp_x1.2,"0.0258,0.0035,0.004,50,100,350",2,90,0.0,180.5,0,0,0,0,0,5.64,0.4398,12.5,95,da06be4-dirty
sharp_x1.2,"0.0258,0.0035,0.004,50,100,350",2,90,1.0,180.5,0,0,0,0,0,5.66,0.4447,12.5,95,da06be4-dirty
sharp_x1.2,"0.0258,0.0035,0.004,50,100,350",2,90,2.0,180.5,0,0,0,0,0,5.82,0.4495,12.5,95,da06be4-dirty
sharp_x1.2,"0.0258,0.0035,0.004,50,100,350",2,90,3.0,180.5,0,0,0,0,0,5.89,0.4543,12.5,95,da06be4-dirty
sharp_x1.2,"0.0258,0.0035,0.004,50,100,350",2,90,4.0,180.5,0,0,0,0,0,5.94,0.4591,12.5,95,da06be4-dirty
sharp_x1.2,"0.0258,0.0035,0.004,50,100,350",2,90,5.0,180.5,0,0,0,0,0,6.02,0.464,12.5,95,da06be4-dirty
sharp_x1.2,"0.0258,0.0035,0.004,50,100,350",2,90,6.0,180.5,0,0,0,0,0,6.09,0.4688,12.5,95,da06be4-dirty
sharp_x1.2,"0.0258,0.0035,0.004,50,100,350",2,90,7.0,180.5,0,0,0,0,0,6.18,0.4736,12.5,95,da06be4-dirty
sharp_x1.2,"0.0258,0.0035,0.004,50,100,350",2,90,8.0,180.5,0,0,0,0,0,6.22,0.4785,12.5,95,da06be4-dirty
sharp_x1.2,"0.0258,0.0035,0.004,50,100,350",2,90,9.0,180.5,0,0,0,0,0,6.26,0.4833,12.5,95,da06be4-dirty
sharp_x1.2,"0.0258,0.0035,0.004,50,100,350",2,90,10.0,180.5,0,0,0,0,0,6.43,0.4882,12.5,95,da06be4-dirty
sharp_x1.2,"0.0258,0.0035,0.004,50,100,350",2,90,11.0,180.5,0,0,0,0,0,6.47,0.493,12.5,95,da06be4-dirty
sharp_x1.2,"0.0258,0.0035,0.004,50,100,350",2,90,12.0,180.5,0,0,0,0,0,6.53,0.4979,12.5,95,da06be4-dirty
sharp_x1.2,"0.0258,0.0035,0.004,50,100,350",2,90,13.0,180.5,0,0,0,0,0,6.54,0.5027,12.5,95,da06be4-dirty
sharp_x1.2,"0.0258,0.0035,0.004,50,100,350",2,90,14.0,180.5,0,0,0,0,0,6.61,0.5076,12.5,95,da06be4-dirty
sharp_x1.2,"0.0258,0.0035,0.004,50,100,350",2,90,15.0,180.5,0,0,0,0,0,6.65,0.5124,12.5,95,da06be4-dirty
sharp_x1.2,"0.0258,0.0035,0.004,50,100,350",2,90,16.0,180.5,0,0,0,0,0,6.72,0.5173,12.5,95,da06be4-dirty
sharp_x1.2,"0.0258,0.0035,0.004,50,100,350",2,90,17.0,180.5,0,0,0,0,0,6.83,0.5222,12.5,95,da06be4-dirty
sharp_x1.2,"0.0258,0.0035,0.004,50,100,350",2,90,18.0,180.5,0,0,0,0,0,6.87,0.527,12.5,95,da06be4-dirty
sharp_x1.2,"0.0258,0.0035,0.004,50,100,350",2,90,19.0,180.5,0,0,0,0,0,6.97,0.5319,12.5,95,da06be4-dirty
sharp_x1.2,"0.0258,0.0035,0.004,50,100,350",2,90,19.9,180.5,0,0,0,0,0,7.04,0.5363,12.5,95,da06be4-dirty
sharp_x1.2,"0.0258,0.0035,0.004,50,100,350",2,100,0.0,190.5,0,0,0,0,0,6.49,0.4398,12.5,95,da06be4-dirty
sharp_x1.2,"0.0258,0.0035,0.004,50,100,350",2,100,1.0,190.5,0,0,0,0,0,6.54,0.4447,12.5,95,da06be4-dirty
sharp_x1.2,"0.0258,0.0035,0.004,50,100,350",2,100,2.0,190.5,0,0,0,0,0,6.61,0.4495,12.5,95,da06be4-dirty
sharp_x1.2,"0.0258,0.0035,0.004,50,100,350",2,100,3.0,190.5,0,0,0,0,0,6.67,0.4543,12.5,95,da06be4-dirty
sharp_x1.2,"0.0258,0.0035,0.004,50,100,350",2,100,4.0,190.5,0,0,0,0,0,6.72,0.4591,12.5,95,da06be4-dirty
sharp_x1.2,"0.0258,0.0035,0.004,50,100,350",2,100,5.0,190.5,0,0,0,0,0,6.77,0.464,12.5,95,da06be4-dirty
sharp_x1.2,"0.0258,0.0035,0.004,50,100,350",2,100,6.0,190.5,0,0,0,0,0,6.84,0.4688,12.5,95,da06be4-dirty
sharp_x1.2,"0.0258,0.0035,0.004,50,100,350",2,100,7.0,190.5,0,0,0,0,0,6.88,0.4736,12.5,95,da06be4-dirty
sharp_x1.2,"0.0258,0.0035,0.004,50,100,350",2,100,8.0,190.5,0,0,0,0,0,6.94,0.4785,12.5,95,da06be4-dirty
sharp_x1.2,"0.0258,0.0035,0.004,50,100,350",2,100,9.0,190.5,0,0,0,0,0,6.98,0.4833,12.5,95,da06be4-dirty
sharp_x1.2,"0.0258,0.0035,0.004,50,100,350",2,100,10.0,190.5,0,0,0,0,0,7.09,0.4882,12.5,95,da06be4-dirty
sharp_x1.2,"0.0258,0.0035,0.004,50,100,350",2,100,11.0,190.5,0,0,0,0,0,7.13,0.493,12.5,95,da06be4-dirty
sharp_x1.2,"0.0258,0.0035,0.004,50,100,350",2,100,12.0,190.5,0,0,0,0,0,7.16,0.4979,12.5,95,da06be4-dirty
sharp_x1.2,"0.0258,0.0035,0.004,50,100,350",2,100,13.0,190.5,0,0,0,0,0,7.19,0.5027,12.5,95,da06be4-dirty
sharp_x1.2,"0.0258,0.0035,0.004,50,100,350",2,100,14.0,190.5,0,0,0,0,0,7.25,0.5076,12.5,95,da06be4-dirty
sharp_x1.2,"0.0258,0.0035,0.004,50,100,350",2,100,15.0,190.5,0,0,0,0,0,7.34,0.5124,12.5,95,da06be4-dirty
sharp_x1.2,"0.0258,0.0035,0.004,50,100,350",2,100,16.0,190.5,0,0,0,0,0,7.41,0.5173,12.5,95,da06be4-dirty
sharp_x1.2,"0.0258,0.0035,0.004,50,100,350",2,100,17.0,190.5,0,0,0,0,0,7.55,0.5221,12.5,95,da06be4-dirty
sharp_x1.2,"0.0258,0.0035,0.004,50,100,350",2,100,18.0,190.5,0,0,0,0,0,7.64,0.527,12.5,95,da06be4-dirty
sharp_x1.2,"0.0258,0.0035,0.004,50,100,350",2,100,19.0,190.5,0,0,0,0,0,7.74,0.5319,12.5,95,da06be4-dirty
sharp_x1.2,"0.0258,0.0035,0.004,50,100,350",2,100,19.9,190.5,0,0,0,0,0,7.92,0.5362,12.5,95,da06be4-dirty
sharp_x1.2,"0.0258,0.0035,0.004,50,100,350",2,110,0.0,200.5,0,0,0,0,0,7.67,0.4398,12.5,95,da06be4-dirty
sharp_x1.2,"0.0258,0.0035,0.004,50,100,350",2,110,1.0,200.5,0,0,0,0,0,7.71,0.4446,12.5,95,da06be4-dirty
sharp_x1.2,"0.0258,0.0035,0.004,50,100,350",2,110,2.0,200.5,0,0,0,0,0,7.78,0.4494,12.5,95,da06be4-dirty
sharp_x1.2,"0.0258,0.0035,0.004,50,100,350",2,110,3.0,200.5,0,0,0,0,0,7.83,0.4542,12.5,95,da06be4-dirty
sharp_x1.2,"0.0258,0.0035,0.004,50,100,350",2,110,4.0,200.5,0,0,0,0,0,7.89,0.4591,12.5,95,da06be4-dirty
sharp_x1.2,"0.0258,0.0035,0.004,50,100,350",2,110,5.0,200.5,0,0,0,0,0,7.94,0.4639,12.5,95,da06be4-dirty
sharp_x1.2,"0.0258,0.0035,0.004,50,100,350",2,110,6.0,200.5,0,0,0,0,0,7.96,0.4687,12.5,95,da06be4-dirty
sharp_x1.2,"0.0258,0.0035,0.004,50,100,350",2,110,7.0,200.5,0,0,0,0,0,8.03,0.4736,12.5,95,da06be4-dirty
sharp_x1.2,"0.0258,0.0035,0.004,50,100,350",2,110,8.0,200.5,0,0,0,0,0,8.08,0.4784,12.5,95,da06be4-dirty
sharp_x1.2,"0.0258,0.0035,0.004,50,100,350",2,110,9.0,200.5,0,0,0,0,0,8.11,0.4832,12.5,95,da06be4-dirty
sharp_x1.2,"0.0258,0.0035,0.004,50,100,350",2,110,10.0,200.5,0,0,0,0,0,8.21,0.4881,12.5,95,da06be4-dirty
sharp_x1.2,"0.0258,0.0035,0.004,50,100,350",2,110,11.0,200.5,0,0,0,0,0,8.25,0.4929,12.5,95,da06be4-dirty
sharp_x1.2,"0.0258,0.0035,0.004,50,100,350",2,110,12.0,200.5,0,0,0,0,0,8.28,0.4978,12.5,95,da06be4-dirty
sharp_x1.2,"0.0258,0.0035,0.004,50,100,350",2,110,13.0,200.5,0,0,0,0,0,8.33,0.5026,12.5,95,da06be4-dirty
sharp_x1.2,"0.0258,0.0035,0.004,50,100,350",2,110,14.0,200.5,0,0,0,0,0,8.39,0.5075,12.5,95,da06be4-dirty
sharp_x1.2,"0.0258,0.0035,0.004,50,100,350",2,110,15.0,200.5,0,0,0,0,0,8.42,0.5124,12.5,95,da06be4-dirty
sharp_x1.2,"0.0258,0.0035,0.004,50,100,350",2,110,16.0,200.5,0,0,0,0,0,8.49,0.5172,12.5,95,da06be4-dirty
sharp_x1.2,"0.0258,0.0035,0.004,50,100,350",2,110,17.0,200.5,0,0,0,0,0,8.57,0.5221,12.5,95,da06be4-dirty
sharp_x1.2,"0.0258,0.0035,0.004,50,100,350",2,110,18.0,200.5,0,0,0,0,0,8.63,0.5269,12.5,95,da06be4-dirty
sharp_x1.2,"0.0258,0.0035,0.004,50,100,350",2,110,19.0,200.5,0,0,0,0,0,8.73,0.5318,12.5,95,da06be4-dirty
sharp_x1.2,"0.0258,0.0035,0.004,50,100,350",2,110,19.9,200.5,0,0,0,0,0,8.95,0.5362,12.5,95,da06be4-dirty
sharp_x1.2,"0.0258,0.0035,0.004,50,100,350",2,120,0.0,210.5,0,0,0,0,0,8.94,0.4766,12.5,95,da06be4-dirty
sharp_x1.2,"0.0258,0.0035,0.004,50,100,350",2,120,1.0,210.5,0,0,0,0,0,8.98,0.4795,12.5,95,da06be4-dirty
sharp_x1.2,"0.0258,0.0035,0.004,50,100,350",2,120,2.0,210.5,0,0,0,0,0,9.01,0.4824,12.5,95,da06be4-dirty
sharp_x1.2,"0.0258,0.0035,0.004,50,100,350",2,120,3.0,210.5,0,0,0,0,0,9.07,0.4853,12.5,95,da06be4-dirty
sharp_x1.2,"0.0258,0.0035,0.004,50,100,350",2,120,4.0,210.5,0,0,0,0,0,9.13,0.4882,12.5,95,da06be4-dirty
sharp_x1.2,"0.0258,0.0035,0.004,50,100,350",2,120,5.0,210.5,0,0,0,0,0,9.15,0.4912,12.5,95,da06be4-dirty
sharp_x1.2,"0.0258,0.0035,0.004,50,100,350",2,120,6.0,210.5,0,0,0,0,0,9.21,0.4941,12.5,95,da06be4-dirty
sharp_x1.2,"0.0258,0.0035,0.004,50,100,350",2,120,7.0,210.5,0,0,0,0,0,9.28,0.4971,12.5,95,da06be4-dirty
sharp_x1.2,"0.0258,0.0035,0.004,50,100,350",2,120,8.0,210.5,0,0,0,0,0,9.28,0.5,12.5,95,da06be4-dirty
sharp_x1.2,"0.0258,0.0035,0.004,50,100,350",2,120,9.0,210.5,0,0,0,0,0,9.39,0.503,12.5,95,da06be4-dirty
sharp_x1.2,"0.0258,0.0035,0.004,50,100,350",2,120,10.0,210.5,0,0,0,0,0,9.58,0.51,12.5,95,da06be4-dirty
sharp_x1.2,"0.0258,0.0035,0.004,50,100,350",2,120,11.0,210.5,0,0,0,0,0,9.64,0.513,12.5,95,da06be4-dirty
sharp_x1.2,"0.0258,0.0035,0.004,50,100,350",2,120,12.0,210.5,0,0,0,0,0,9.67,0.516,12.5,95,da06be4-dirty
sharp_x1.2,"0.0258,0.0035,0.004,50,100,350",2,120,13.0,210.5,0,0,0,0,0,9.72,0.5189,12.5,95,da06be4-dirty
sharp_x1.2,"0.0258,0.0035,0.004,50,100,350",2,120,14.0,210.5,0,0,0,0,0,9.8,0.5219,12.5,95,da06be4-dirty
sharp_x1.2,"0.0258,0.0035,0.004,50,100,350",2,120,15.0,210.5,0,0,0,0,0,9.85,0.5249,12.5,95,da06be4-dirty
sharp_x1.2,"0.0258,0.0035,0.004,50,100,350",2,120,16.0,210.5,0,0,0,0,0,9.94,0.5279,12.5,95,da06be4-dirty
sharp_x1.2,"0.0258,0.0035,0.004,50,100,350",2,120,17.0,210.5,0,0,0,0,0,10.01,0.5309,12.5,95,da06be4-dirty
sharp_x1.2,"0.0258,0.0035,0.004,50,100,350",2,120,18.0,210.5,0,0,0,0,0,10.07,0.5339,12.5,95,da06be4-dirty
sharp_x1.2,"0.0258,0.0035,0.004,50,100,350",2,120,19.0,210.5,0,0,0,0,0,10.14,0.537,12.5,95,da06be4-dirty
sharp_x1.2,"0.0258,0.0035,0.004,50,100,350",2,120,19.9,210.5,0,0,0,0,0,10.32,0.5428,12.5,95,da06be4-dirty
sharp_x1.2,"0.0258,0.0035,0.004,50,100,350",2,130,0.0,220.5,0,0,0,0,0,10.65,0.5423,12.5,95,da06be4-dirty
sharp_x1.2,"0.0258,0.0035,0.004,50,100,350",2,130,1.0,220.5,0,0,0,0,0,10.68,0.5453,12.5,95,da06be4-dirty
sharp_x1.2,"0.0258,0.0035,0.004,50,100,350",2,130,2.0,220.5,0,0,0,0,0,10.76,0.5484,12.5,95,da06be4-dirty
sharp_x1.2,"0.0258,0.0035,0.004,50,100,350",2,130,3.0,220.5,0,0,0,0,0,10.79,0.5514,12.5,95,da06be4-dirty
sharp_x1.2,"0.0258,0.0035,0.004,50,100,350",2,130,4.0,220.5,0,0,0,0,0,10.82,0.5545,12.5,95,da06be4-dirty
sharp_x1.2,"0.0258,0.0035,0.004,50,100,350",2,130,5.0,220.5,0,0,0,0,0,10.88,0.5576,12.5,95,da06be4-dirty
sharp_x1.2,"0.0258,0.0035,0.004,50,100,350",2,130,6.0,220.5,0,0,0,0,0,10.96,0.5607,12.5,95,da06be4-dirty
sharp_x1.2,"0.0258,0.0035,0.004,50,100,350",2,130,7.0,220.5,0,0,0,0,0,11.03,0.5638,12.5,95,da06be4-dirty
sharp_x1.2,"0.0258,0.0035,0.004,50,100,350",2,130,8.0,220.5,0,0,0,0,0,11.07,0.5669,12.5,95,da06be4-dirty
sharp_x1.2,"0.0258,0.0035,0.004,50,100,350",2,130,9.0,220.5,0,0,0,0,0,11.09,0.57,12.5,95,da06be4-dirty
sharp_x1.2,"0.0258,0.0035,0.004,50,100,350",2,130,10.0,220.5,0,0,0,0,0,11.19,0.5772,12.5,95,da06be4-dirty
sharp_x1.2,"0.0258,0.0035,0.004,50,100,350",2,130,11.0,220.5,0,0,0,0,0,11.26,0.5803,12.5,95,da06be4-dirty
sharp_x1.2,"0.0258,0.0035,0.004,50,100,350",2,130,12.0,220.5,0,0,0,0,0,11.28,0.5834,12.5,95,da06be4-dirty
sharp_x1.2,"0.0258,0.0035,0.004,50,100,350",2,130,13.0,220.5,0,0,0,0,0,11.32,0.5865,12.5,95,da06be4-dirty
sharp_x1.2,"0.0258,0.0035,0.004,50,100,350",2,130,14.0,220.5,0,0,0,0,0,11.39,0.5896,12.5,95,da06be4-dirty
sharp_x1.2,"0.0258,0.0035,0.004,50,100,350",2,130,15.0,220.5,0,0,0,0,0,11.42,0.5928,12.5,95,da06be4-dirty
sharp_x1.2,"0.0258,0.0035,0.004,50,100,350",2,130,16.0,220.5,0,0,0,0,0,11.49,0.5959,12.5,95,da06be4-dirty
sharp_x1.2,"0.0258,0.0035,0.004,50,100,350",2,130,17.0,220.5,0,0,0,0,0,11.57,0.5991,12.5,95,da06be4-dirty
sharp_x1.2,"0.0258,0.0035,0.004,50,100,350",2,130,18.0,220.5,0,0,0,0,0,11.64,0.6022,12.5,95,da06be4-dirty
sharp_x1.2,"0.0258,0.0035,0.004,50,100,350",2,130,19.0,220.5,0,0,0,0,0,11.72,0.6054,12.5,95,da06be4-dirty
sharp_x1.2,"0.0258,0.0035,0.004,50,100,350",2,130,19.9,220.5,0,0,0,0,0,12.09,0.6116,12.5,95,da06be4-dirty
sharp_x1.2,"0.0258,0.0035,0.004,50,100,350",2,140,0.0,230.5,0,0,0,0,0,12.85,0.6211,12.5,95,da06be4-dirty
sharp_x1.2,"0.0258,0.0035,0.004,50,100,350",2,140,1.0,230.5,0,0,0,0,0,12.88,0.6243,12.5,95,da06be4-dirty
sharp_x1.2,"0.0258,0.0035,0.004,50,100,350",2,140,2.0,230.5,0,0,0,0,0,12.98,0.6275,12.5,95,da06be4-dirty
sharp_x1.2,"0.0258,0.0035,0.004,50,100,350",2,140,3.0,230.5,0,0,0,0,0,13.02,0.6308,12.5,95,da06be4-dirty
sharp_x1.2,"0.0258,0.0035,0.004,50,100,350",2,140,4.0,230.5,0,0,0,0,0,13.06,0.634,12.5,95,da06be4-dirty
sharp_x1.2,"0.0258,0.0035,0.004,50,100,350",2,140,5.0,230.5,0,0,0,0,0,13.08,0.6373,12.5,95,da06be4-dirty
sharp_x1.2,"0.0258,0.0035,0.004,50,100,350",2,140,6.0,230.5,0,0,0,0,0,13.19,0.6406,12.5,95,da06be4-dirty
sharp_x1.2,"0.0258,0.0035,0.004,50,100,350",2,140,7.0,230.5,0,0,0,0,0,13.21,0.6439,12.5,95,da06be4-dirty
sharp_x1.2,"0.0258,0.0035,0.004,50,100,350",2,140,8.0,230.5,0,0,0,0,0,13.23,0.6472,12.5,95,da06be4-dirty
sharp_x1.2,"0.0258,0.0035,0.004,50,100,350",2,140,9.0,230.5,0,0,0,0,0,13.26,0.6505,12.5,95,da06be4-dirty
sharp_x1.2,"0.0258,0.0035,0.004,50,100,350",2,140,10.0,230.5,0,0,0,0,0,13.38,0.6578,12.5,95,da06be4-dirty
sharp_x1.2,"0.0258,0.0035,0.004,50,100,350",2,140,11.0,230.5,0,0,0,0,0,13.41,0.6611,12.5,95,da06be4-dirty
sharp_x1.2,"0.0258,0.0035,0.004,50,100,350",2,140,12.0,230.5,0,0,0,0,0,13.46,0.6644,12.5,95,da06be4-dirty
sharp_x1.2,"0.0258,0.0035,0.004,50,100,350",2,140,13.0,230.5,0,0,0,0,0,13.52,0.6677,12.5,95,da06be4-dirty
sharp_x1.2,"0.0258,0.0035,0.004,50,100,350",2,140,14.0,230.5,0,0,0,0,0,13.69,0.671,12.5,95,da06be4-dirty
sharp_x1.2,"0.0258,0.0035,0.004,50,100,350",2,140,15.0,230.5,0,0,0,0,0,13.79,0.6743,12.5,95,da06be4-dirty
sharp_x1.2,"0.0258,0.0035,0.004,50,100,350",2,140,16.0,230.5,0,0,0,0,0,13.91,0.6776,12.5,95,da06be4-dirty
sharp_x1.2,"0.0258,0.0035,0.004,50,100,350",2,140,17.0,230.5,0,0,0,0,0,14.06,0.6809,12.5,95,da06be4-dirty
sharp_x1.2,"0.0258,0.0035,0.004,50,100,350",2,140,18.0,230.5,0,0,0,0,0,14.15,0.6842,12.5,95,da06be4-dirty
sharp_x1.2,"0.0258,0.0035,0.004,50,100,350",2,140,19.0,230.5,0,0,0,0,0,14.25,0.6876,12.5,95,da06be4-dirty
sharp_x1.2,"0.0258,0.0035,0.004,50,100,350",2,140,19.9,230.5,0,0,0,0,0,14.41,0.6946,12.5,95,da06be4-dirty
sharp_x1.2,"0.0258,0.0035,0.004,50,100,350",2,150,0.0,240.5,0,0,0,0,0,15.19,0.7116,12.5,95,da06be4-dirty
sharp_x1.2,"0.0258,0.0035,0.004,50,100,350",2,150,1.0,240.5,0,0,0,0,0,15.24,0.715,12.5,95,da06be4-dirty
sharp_x1.2,"0.0258,0.0035,0.004,50,100,350",2,150,2.0,240.5,0,0,0,0,0,15.33,0.7185,12.5,95,da06be4-dirty
sharp_x1.2,"0.0258,0.0035,0.004,50,100,350",2,150,3.0,240.5,0,0,0,0,0,15.35,0.722,12.5,95,da06be4-dirty
sharp_x1.2,"0.0258,0.0035,0.004,50,100,350",2,150,4.0,240.5,0,0,0,0,0,15.41,0.7254,12.5,95,da06be4-dirty
sharp_x1.2,"0.0258,0.0035,0.004,50,100,350",2,150,5.0,240.5,0,0,0,0,0,15.47,0.7289,12.5,95,da06be4-dirty
sharp_x1.2,"0.0258,0.0035,0.004,50,100,350",2,150,6.0,240.5,0,0,0,0,0,15.52,0.7324,12.5,95,da06be4-dirty
sharp_x1.2,"0.0258,0.0035,0.004,50,100,350",2,150,7.0,240.5,0,0,0,0,0,15.56,0.7359,12.5,95,da06be4-dirty
sharp_x1.2,"0.0258,0.0035,0.004,50,100,350",2,150,8.0,240.5,0,0,0,0,0,15.62,0.7395,12.5,95,da06be4-dirty
sharp_x1.2,"0.0258,0.0035,0.004,50,100,350",2,150,9.0,240.5,0,0,0,0,0,15.66,0.743,12.5,95,da06be4-dirty
sharp_x1.2,"0.0258,0.0035,0.004,50,100,350",2,150,10.0,240.5,0,0,0,0,0,15.74,0.7505,12.5,95,da06be4-dirty
sharp_x1.2,"0.0258,0.0035,0.004,50,100,350",2,150,11.0,240.5,0,0,0,0,0,15.76,0.754,12.5,95,da06be4-dirty
sharp_x1.2,"0.0258,0.0035,0.004,50,100,350",2,150,12.0,240.5,0,0,0,0,0,15.82,0.7575,12.5,95,da06be4-dirty
sharp_x1.2,"0.0258,0.0035,0.004,50,100,350",2,150,13.0,240.5,0,0,0,0,0,15.84,0.761,12.5,95,da06be4-dirty
sharp_x1.2,"0.0258,0.0035,0.004,50,100,350",2,150,14.0,240.5,0,0,0,0,0,15.89,0.7645,12.5,95,da06be4-dirty
sharp_x1.2,"0.0258,0.0035,0.004,50,100,350",2,150,15.0,240.5,0,0,0,0,0,15.96,0.768,12.5,95,da06be4-dirty
sharp_x1.2,"0.0258,0.0035,0.004,50,100,350",2,150,16.0,240.5,0,0,0,0,0,16.03,0.7716,12.5,95,da06be4-dirty
sharp_x1.2,"0.0258,0.0035,0.004,50,100,350",2,150,17.0,240.5,0,0,0,0,0,16.15,0.7751,12.5,95,da06be4-dirty
sharp_x1.2,"0.0258,0.0035,0.004,50,100,350",2,150,18.0,240.5,0,0,0,0,0,16.2,0.7787,12.5,95,da06be4-dirty
sharp_x1.2,"0.0258,0.0035,0.004,50,100,350",2,150,19.0,240.5,0,0,0,0,0,16.24,0.7822,12.5,95,da06be4-dirty
sharp_x1.2,"0.0258,0.0035,0.004,50,100,350",2,150,19.9,240.5,0,0,0,0,0,16.36,0.7868,12.5,95,da06be4-dirty
sharp_x1.2,"0.0258,0.0035,0.004,50,100,350",2,160,0.0,250.5,15,0,15,0,0,17.05,0.8089,12.5,95,da06be4-dirty
sharp_x1.2,"0.0258,0.0035,0.004,50,100,350",2,160,1.0,250.5,17,0,17,0,0,17.11,0.8126,12.5,95,da06be4-dirty
sharp_x1.2,"0.0258,0.0035,0.004,50,100,350",2,160,2.0,250.5,20,0,20,0,0,17.16,0.8164,12.5,95,da06be4-dirty
sharp_x1.2,"0.0258,0.0035,0.004,50,100,350",2,160,3.0,250.5,22,0,22,0,0,17.22,0.8201,12.5,95,da06be4-dirty
sharp_x1.2,"0.0258,0.0035,0.004,50,100,350",2,160,4.0,250.5,23,0,23,0,0,17.24,0.8238,12.5,95,da06be4-dirty
sharp_x1.2,"0.0258,0.0035,0.004,50,100,350",2,160,5.0,250.5,26,0,26,0,0,17.32,0.8276,12.5,95,da06be4-dirty
sharp_x1.2,"0.0258,0.0035,0.004,50,100,350",2,160,6.0,250.5,28,0,28,0,0,17.36,0.8313,12.5,95,da06be4-dirty
sharp_x1.2,"0.0258,0.0035,0.004,50,100,350",2,160,7.0,250.5,29,0,29,0,0,17.39,0.8351,12.5,95,da06be4-dirty
sharp_x1.2,"0.0258,0.0035,0.004,50,100,350",2,160,8.0,250.5,31,0,31,0,0,17.44,0.8389,12.5,95,da06be4-dirty
sharp_x1.2,"0.0258,0.0035,0.004,50,100,350",2,160,9.0,250.5,32,0,32,0,0,17.48,0.8427,12.5,95,da06be4-dirty
sharp_x1.2,"0.0258,0.0035,0.004,50,100,350",2,160,10.0,250.5,35,0,35,0,0,17.57,0.8503,12.5,95,da06be4-dirty
sharp_x1.2,"0.0258,0.0035,0.004,50,100,350",2,160,11.0,250.5,37,0,37,0,0,17.6,0.854,12.5,95,da06be4-dirty
sharp_x1.2,"0.0258,0.0035,0.004,50,100,350",2,160,12.0,250.5,38,0,38,0,0,17.65,0.8578,12.5,95,da06be4-dirty
sharp_x1.2,"0.0258,0.0035,0.004,50,100,350",2,160,13.0,250.5,39,0,39,0,0,17.69,0.8615,12.5,95,da06be4-dirty
sharp_x1.2,"0.0258,0.0035,0.004,50,100,350",2,160,14.0,250.5,41,0,41,0,0,17.73,0.8653,12.5,95,da06be4-dirty
sharp_x1.2,"0.0258,0.0035,0.004,50,100,350",2,160,15.0,250.5,41,0,41,0,0,17.79,0.8691,12.5,95,da06be4-dirty
sharp_x1.2,"0.0258,0.0035,0.004,50,100,350",2,160,16.0,250.5,43,0,43,0,0,17.86,0.8729,12.5,95,da06be4-dirty
sharp_x1.2,"0.0258,0.0035,0.004,50,100,350",2,160,17.0,250.5,44,0,44,0,0,17.95,0.8767,12.5,95,da06be4-dirty
sharp_x1.2,"0.0258,0.0035,0.004,50,100,350",2,160,18.0,250.5,45,0,45,0,0,18.01,0.8805,12.5,95,da06be4-dirty
sharp_x1.2,"0.0258,0.0035,0.004,50,100,350",2,160,19.0,250.5,47,0,47,0,0,18.05,0.8843,12.5,95,da06be4-dirty
sharp_x1.2,"0.0258,0.0035,0.004,50,100,350",2,160,19.9,250.5,48,0,48,0,0,18.16,0.8872,12.5,95,da06be4-dirty
sharp_x1.2,"0.0258,0.0035,0.004,50,100,350",2,170,0.0,260.5,49,0,49,0,0,18.51,0.9113,12.5,95,da06be4-dirty
sharp_x1.2,"0.0258,0.0035,0.004,50,100,350",2,170,1.0,260.5,50,0,50,0,0,18.56,0.9153,12.5,95,da06be4-dirty
sharp_x1.2,"0.0258,0.0035,0.004,50,100,350",2,170,2.0,260.5,51,0,51,0,0,18.63,0.9193,12.5,95,da06be4-dirty
sharp_x1.2,"0.0258,0.0035,0.004,50,100,350",2,170,3.0,260.5,52,0,52,0,0,18.67,0.9233,12.5,95,da06be4-dirty
sharp_x1.2,"0.0258,0.0035,0.004,50,100,350",2,170,4.0,260.5,53,0,53,0,0,18.71,0.9274,12.5,95,da06be4-dirty
sharp_x1.2,"0.0258,0.0035,0.004,50,100,350",2,170,5.0,260.5,54,0,54,0,0,18.8,0.9314,12.5,95,da06be4-dirty
sharp_x1.2,"0.0258,0.0035,0.004,50,100,350",2,170,6.0,260.5,54,0,54,0,0,18.83,0.9354,12.5,95,da06be4-dirty
sharp_x1.2,"0.0258,0.0035,0.004,50,100,350",2,170,7.0,260.5,55,0,55,0,0,18.88,0.9395,12.5,95,da06be4-dirty
sharp_x1.2,"0.0258,0.0035,0.004,50,100,350",2,170,8.0,260.5,57,0,57,0,0,18.94,0.9435,12.5,95,da06be4-dirty
sharp_x1.2,"0.0258,0.0035,0.004,50,100,350",2,170,9.0,260.5,57,0,57,0,0,18.99,0.9476,12.5,95,da06be4-dirty
sharp_x1.2,"0.0258,0.0035,0.004,50,100,350",2,170,10.0,260.5,59,0,59,0,0,19.11,0.9552,12.5,95,da06be4-dirty
sharp_x1.2,"0.0258,0.0035,0.004,50,100,350",2,170,11.0,260.5,59,0,59,0,0,19.16,0.9593,12.5,95,da06be4-dirty
sharp_x1.2,"0.0258,0.0035,0.004,50,100,350",2,170,12.0,260.5,61,0,61,0,0,19.21,0.9633,12.5,95,da06be4-dirty
sharp_x1.2,"0.0258,0.0035,0.004,50,100,350",2,170,13.0,260.5,61,0,61,0,0,19.22,0.9674,12.5,95,da06be4-dirty
sharp_x1.2,"0.0258,0.0035,0.004,50,100,350",2,170,14.0,260.5,62,0,62,0,0,19.25,0.9714,12.5,95,da06be4-dirty
sharp_x1.2,"0.0258,0.0035,0.004,50,100,350",2,170,15.0,260.5,62,0,62,0,0,19.32,0.9755,12.5,95,da06be4-dirty
sharp_x1.2,"0.0258,0.0035,0.004,50,100,350",2,170,16.0,260.5,63,0,63,0,0,19.38,0.9795,12.5,95,da06be4-dirty
sharp_x1.2,"0.0258,0.0035,0.004,50,100,350",2,170,17.0,260.5,65,0,65,0,0,19.58,0.9836,12.5,95,da06be4-dirty
sharp_x1.2,"0.0258,0.0035,0.004,50,100,350",2,170,18.0,260.5,65,0,65,0,0,19.73,0.9877,12.5,95,da06be4-dirty
sharp_x1.2,"0.0258,0.0035,0.004,50,100,350",2,170,19.0,260.5,66,0,66,0,0,19.83,0.9918,12.5,95,da06be4-dirty
sharp_x1.2,"0.0258,0.0035,0.004,50,100,350",2,170,19.9,260.5,67,0,67,0,0,20.26,0.995,12.5,95,da06be4-dirty
sharp_x1.2,"0.0258,0.0035,0.004,50,100,350",2,180,0.0,270.5,192,0,66,126,0,20.07,1.0187,12.5,95,da06be4-dirty
sharp_x1.2,"0.0258,0.0035,0.004,50,100,350",2,180,1.0,270.5,197,0,67,130,0,20.09,1.023,12.5,95,da06be4-dirty
sharp_x1.2,"0.0258,0.0035,0.004,50,100,350",2,180,2.0,270.5,202,0,67,135,0,20.14,1.0273,12.5,95,da06be4-dirty
sharp_x1.2,"0.0258,0.0035,0.004,50,100,350",2,180,3.0,270.5,208,0,68,140,0,20.14,1.0316,12.5,95,da06be4-dirty
sharp_x1.2,"0.0258,0.0035,0.004,50,100,350",2,180,4.0,270.5,209,0,68,141,0,20.2,1.036,12.5,95,da06be4-dirty
sharp_x1.2,"0.0258,0.0035,0.004,50,100,350",2,180,5.0,270.5,217,0,70,147,0,20.22,1.0403,12.5,95,da06be4-dirty
sharp_x1.2,"0.0258,0.0035,0.004,50,100,350",2,180,6.0,270.5,218,0,70,148,0,20.26,1.0447,12.5,95,da06be4-dirty
sharp_x1.2,"0.0258,0.0035,0.004,50,100,350",2,180,7.0,270.5,228,0,71,157,0,20.31,1.049,12.5,95,da06be4-dirty
sharp_x1.2,"0.0258,0.0035,0.004,50,100,350",2,180,8.0,270.5,236,0,71,165,0,20.34,1.0534,12.5,95,da06be4-dirty
sharp_x1.2,"0.0258,0.0035,0.004,50,100,350",2,180,9.0,270.5,239,0,72,167,0,20.38,1.0578,12.5,95,da06be4-dirty
sharp_x1.2,"0.0258,0.0035,0.004,50,100,350",2,180,10.0,270.5,254,0,73,181,0,20.59,1.0656,12.5,95,da06be4-dirty
sharp_x1.2,"0.0258,0.0035,0.004,50,100,350",2,180,11.0,270.5,257,0,73,184,0,20.71,1.07,12.5,95,da06be4-dirty
sharp_x1.2,"0.0258,0.0035,0.004,50,100,350",2,180,12.0,270.5,260,0,74,186,0,20.79,1.0743,12.5,95,da06be4-dirty
sharp_x1.2,"0.0258,0.0035,0.004,50,100,350",2,180,13.0,270.5,267,0,75,192,0,20.88,1.0787,12.5,95,da06be4-dirty
sharp_x1.2,"0.0258,0.0035,0.004,50,100,350",2,180,14.0,270.5,271,0,75,196,0,20.93,1.083,12.5,95,da06be4-dirty
sharp_x1.2,"0.0258,0.0035,0.004,50,100,350",2,180,15.0,270.5,276,0,76,200,0,20.99,1.0874,12.5,95,da06be4-dirty
sharp_x1.2,"0.0258,0.0035,0.004,50,100,350",2,180,16.0,270.5,280,0,76,204,0,21.13,1.0918,12.5,95,da06be4-dirty
sharp_x1.2,"0.0258,0.0035,0.004,50,100,350",2,180,17.0,270.5,281,0,76,205,0,21.19,1.0962,12.5,95,da06be4-dirty
sharp_x1.2,"0.0258,0.0035,0.004,50,100,350",2,180,18.0,270.5,287,0,77,210,0,21.31,1.1006,12.5,95,da06be4-dirty
sharp_x1.2,"0.0258,0.0035,0.004,50,100,350",2,180,19.0,270.5,291,0,78,213,0,21.45,1.105,12.5,95,da06be4-dirty
sharp_x1.2,"0.0258,0.0035,0.004,50,100,350",2,180,19.9,270.5,297,0,79,218,0,22.02,1.1052,12.5,95,da06be4-dirty
sharp_x1.2,"0.0258,0.0035,0.004,50,100,350",2,190,0.0,280.5,486,0,102,384,0,21.83,1.1228,12.5,95,da06be4-dirty
sharp_x1.2,"0.0258,0.0035,0.004,50,100,350",2,190,1.0,280.5,490,0,104,386,0,22.02,1.1274,12.5,95,da06be4-dirty
sharp_x1.2,"0.0258,0.0035,0.004,50,100,350",2,190,2.0,280.5,492,0,105,387,0,22.15,1.1321,12.5,95,da06be4-dirty
sharp_x1.2,"0.0258,0.0035,0.004,50,100,350",2,190,3.0,280.5,494,0,107,387,0,22.22,1.1367,12.5,95,da06be4-dirty
sharp_x1.2,"0.0258,0.0035,0.004,50,100,350",2,190,4.0,280.5,499,0,108,391,0,22.32,1.1414,12.5,95,da06be4-dirty
sharp_x1.2,"0.0258,0.0035,0.004,50,100,350",2,190,5.0,280.5,502,0,110,392,0,22.35,1.1461,12.5,95,da06be4-dirty
sharp_x1.2,"0.0258,0.0035,0.004,50,100,350",2,190,6.0,280.5,504,0,111,393,0,22.47,1.1508,12.5,95,da06be4-dirty
sharp_x1.2,"0.0258,0.0035,0.004,50,100,350",2,190,7.0,280.5,508,0,112,396,0,22.56,1.1555,12.5,95,da06be4-dirty
sharp_x1.2,"0.0258,0.0035,0.004,50,100,350",2,190,8.0,280.5,513,0,114,399,0,22.68,1.1602,12.5,95,da06be4-dirty
sharp_x1.2,"0.0258,0.0035,0.004,50,100,350",2,190,9.0,280.5,517,0,115,402,0,22.76,1.1649,12.5,95,da06be4-dirty
sharp_x1.2,"0.0258,0.0035,0.004,50,100,350",2,190,10.0,280.5,524,0,120,404,0,22.92,1.1728,12.5,95,da06be4-dirty
sharp_x1.2,"0.0258,0.0035,0.004,50,100,350",2,190,11.0,280.5,527,0,121,406,0,22.98,1.1775,12.5,95,da06be4-dirty
sharp_x1.2,"0.0258,0.0035,0.004,50,100,350",2,190,12.0,280.5,531,0,122,409,0,23.03,1.1822,12.5,95,da06be4-dirty
sharp_x1.2,"0.0258,0.0035,0.004,50,100,350",2,190,13.0,280.5,534,0,123,411,0,23.06,1.1869,12.5,95,da06be4-dirty
sharp_x1.2,"0.0258,0.0035,0.004,50,100,350",2,190,14.0,280.5,537,0,124,413,0,23.18,1.1916,12.5,95,da06be4-dirty
sharp_x1.2,"0.0258,0.0035,0.004,50,100,350",2,190,15.0,280.5,538,0,124,414,0,23.43,1.1963,12.5,95,da06be4-dirty
sharp_x1.2,"0.0258,0.0035,0.004,50,100,350",2,190,16.0,280.5,542,0,126,416,0,23.67,1.201,12.5,95,da06be4-dirty
sharp_x1.2,"0.0258,0.0035,0.004,50,100,350",2,190,17.0,280.5,545,0,127,418,0,23.94,1.2058,12.5,95,da06be4-dirty
sharp_x1.2,"0.0258,0.0035,0.004,50,100,350",2,190,18.0,280.5,546,0,128,418,0,24.19,1.2105,12.5,95,da06be4-dirty
sharp_x1.2,"0.0258,0.0035,0.004,50,100,350",2,190,19.0,280.5,549,0,129,420,0,24.41,1.2153,12.5,95,da06be4-dirty
sharp_x1.2,"0.0258,0.0035,0.004,50,100,350",2,190,19.9,280.5,555,0,131,424,0,25.08,1.2124,12.5,95,da06be4-dirty
sharp_x1.2,"0.0258,0.0035,0.004,50,100,350",2,200,0.0,290.5,671,0,163,508,0,27.25,1.3557,12.5,95,da06be4-dirty
sharp_x1.2,"0.0258,0.0035,0.004,50,100,350",2,200,1.0,290.5,673,0,164,509,0,27.33,1.3593,12.5,95,da06be4-dirty
sharp_x1.2,"0.0258,0.0035,0.004,50,100,350",2,200,2.0,290.5,675,0,166,509,0,27.47,1.3628,12.5,95,da06be4-dirty
sharp_x1.2,"0.0258,0.0035,0.004,50,100,350",2,200,3.0,290.5,677,0,166,511,0,27.66,1.3664,12.5,95,da06be4-dirty
sharp_x1.2,"0.0258,0.0035,0.004,50,100,350",2,200,4.0,290.5,679,0,166,513,0,27.8,1.37,12.5,95,da06be4-dirty
sharp_x1.2,"0.0258,0.0035,0.004,50,100,350",2,200,5.0,290.5,683,0,167,516,0,27.86,1.3736,12.5,95,da06be4-dirty
sharp_x1.2,"0.0258,0.0035,0.004,50,100,350",2,200,6.0,290.5,684,0,168,516,0,27.98,1.3771,12.5,95,da06be4-dirty
sharp_x1.2,"0.0258,0.0035,0.004,50,100,350",2,200,7.0,290.5,685,0,168,517,0,28.08,1.3807,12.5,95,da06be4-dirty
sharp_x1.2,"0.0258,0.0035,0.004,50,100,350",2,200,8.0,290.5,688,0,170,518,0,28.15,1.3843,12.5,95,da06be4-dirty
sharp_x1.2,"0.0258,0.0035,0.004,50,100,350",2,200,9.0,290.5,688,0,170,518,0,28.28,1.3878,12.5,95,da06be4-dirty
sharp_x1.2,"0.0258,0.0035,0.004,50,100,350",2,200,10.0,290.5,694,0,171,523,0,28.42,1.3962,12.5,95,da06be4-dirty
sharp_x1.2,"0.0258,0.0035,0.004,50,100,350",2,200,11.0,290.5,700,4,172,524,0,28.66,1.3998,12.5,95,da06be4-dirty
sharp_x1.2,"0.0258,0.0035,0.004,50,100,350",2,200,12.0,290.5,705,7,173,525,0,28.82,1.4035,12.5,95,da06be4-dirty
sharp_x1.2,"0.0258,0.0035,0.004,50,100,350",2,200,13.0,290.5,713,10,173,530,0,29.04,1.4071,12.5,95,da06be4-dirty
sharp_x1.2,"0.0258,0.0035,0.004,50,100,350",2,200,14.0,290.5,720,11,174,535,0,29.23,1.4108,12.5,95,da06be4-dirty
sharp_x1.2,"0.0258,0.0035,0.004,50,100,350",2,200,15.0,290.5,725,13,174,538,0,29.4,1.4145,12.5,95,da06be4-dirty
sharp_x1.2,"0.0258,0.0035,0.004,50,100,350",2,200,16.0,290.5,729,14,175,540,0,29.49,1.4181,12.5,95,da06be4-dirty
sharp_x1.2,"0.0258,0.0035,0.004,50,100,350",2,200,17.0,290.5,734,16,175,543,0,29.76,1.4218,12.5,95,da06be4-dirty
sharp_x1.2,"0.0258,0.0035,0.004,50,100,350",2,200,18.0,290.5,735,16,176,543,0,29.96,1.4254,12.5,95,da06be4-dirty
sharp_x1.2,"0.0258,0.0035,0.004,50,100,350",2,200,19.0,290.5,741,18,177,546,0,30.18,1.4291,12.5,95,da06be4-dirty
sharp_x1.2,"0.0258,0.0035,0.004,50,100,350",2,200,19.9,290.5,768,20,194,554,0,30.82,1.4318,12.5,95,da06be4-dirty
seeds_x0.8,"0.0215,0.0028,0.0032,50,100,350",3,20,0.0,110.5,0,0,0,0,0,4.44,0.4845,12.5,95,da06be4-dirty
seeds_x0.8,"0.0215,0.0028,0.0032,50,100,350",3,20,1.0,110.5,0,0,0,0,0,4.59,0.4895,12.5,95,da06be4-dirty
seeds_x0.8,"0.0215,0.0028,0.0032,50,100,350",3,20,2.0,110.5,0,0,0,0,0,4.68,0.4946,12.5,95,da06be4-dirty
seeds_x0.8,"0.0215,0.0028,0.0032,50,100,350",3,20,3.0,110.5,0,0,0,0,0,4.77,0.4996,12.5,95,da06be4-dirty
seeds_x0.8,"0.0215,0.0028,0.0032,50,100,350",3,20,4.0,110.5,0,0,0,0,0,4.8,0.5046,12.5,95,da06be4-dirty
seeds_x0.8,"0.0215,0.0028,0.0032,50,100,350",3,20,5.0,110.5,0,0,0,0,0,4.89,0.5097,12.5,95,da06be4-dirty
seeds_x0.8,"0.0215,0.0028,0.0032,50,100,350",3,20,6.0,110.5,0,0,0,0,0,4.92,0.5147,12.5,95,da06be4-dirty
seeds_x0.8,"0.0215,0.0028,0.0032,50,100,350",3,20,7.0,110.5,0,0,0,0,0,4.98,0.5197,12.5,95,da06be4-dirty
seeds_x0.8,"0.0215,0.0028,0.0032,50,100,350",3,20,8.0,110.5,0,0,0,0,0,5.03,0.5248,12.5,95,da06be4-dirty
seeds_x0.8,"0.0215,0.0028,0.0032,50,100,350",3,20,9.0,110.5,0,0,0,0,0,5.27,0.5298,12.5,95,da06be4-dirty
seeds_x0.8,"0.0215,0.0028,0.0032,50,100,350",3,20,10.0,110.5,0,0,0,0,0,5.53,0.5348,12.5,95,da06be4-dirty
seeds_x0.8,"0.0215,0.0028,0.0032,50,100,350",3,20,11.0,110.5,0,0,0,0,0,5.66,0.5398,12.5,95,da06be4-dirty
seeds_x0.8,"0.0215,0.0028,0.0032,50,100,350",3,20,12.0,110.5,0,0,0,0,0,5.74,0.5449,12.5,95,da06be4-dirty
seeds_x0.8,"0.0215,0.0028,0.0032,50,100,350",3,20,13.0,110.5,0,0,0,0,0,5.84,0.5499,12.5,95,da06be4-dirty
seeds_x0.8,"0.0215,0.0028,0.0032,50,100,350",3,20,14.0,110.5,0,0,0,0,0,5.95,0.5549,12.5,95,da06be4-dirty
seeds_x0.8,"0.0215,0.0028,0.0032,50,100,350",3,20,15.0,110.5,0,0,0,0,0,6.07,0.56,12.5,95,da06be4-dirty
seeds_x0.8,"0.0215,0.0028,0.0032,50,100,350",3,20,16.0,110.5,0,0,0,0,0,6.15,0.565,12.5,95,da06be4-dirty
seeds_x0.8,"0.0215,0.0028,0.0032,50,100,350",3,20,17.0,110.5,0,0,0,0,0,6.22,0.5701,12.5,95,da06be4-dirty
seeds_x0.8,"0.0215,0.0028,0.0032,50,100,350",3,20,18.0,110.5,0,0,0,0,0,6.34,0.5751,12.5,95,da06be4-dirty
seeds_x0.8,"0.0215,0.0028,0.0032,50,100,350",3,20,19.0,110.5,0,0,0,0,0,6.4,0.5802,12.5,95,da06be4-dirty
seeds_x0.8,"0.0215,0.0028,0.0032,50,100,350",3,20,19.9,110.5,0,0,0,0,0,6.45,0.5847,12.5,95,da06be4-dirty
seeds_x0.8,"0.0215,0.0028,0.0032,50,100,350",3,30,0.0,120.5,0,0,0,0,0,5.03,0.499,12.5,95,da06be4-dirty
seeds_x0.8,"0.0215,0.0028,0.0032,50,100,350",3,30,1.0,120.5,0,0,0,0,0,5.13,0.5041,12.5,95,da06be4-dirty
seeds_x0.8,"0.0215,0.0028,0.0032,50,100,350",3,30,2.0,120.5,0,0,0,0,0,5.23,0.5093,12.5,95,da06be4-dirty
seeds_x0.8,"0.0215,0.0028,0.0032,50,100,350",3,30,3.0,120.5,0,0,0,0,0,5.31,0.5144,12.5,95,da06be4-dirty
seeds_x0.8,"0.0215,0.0028,0.0032,50,100,350",3,30,4.0,120.5,0,0,0,0,0,5.37,0.5195,12.5,95,da06be4-dirty
seeds_x0.8,"0.0215,0.0028,0.0032,50,100,350",3,30,5.0,120.5,0,0,0,0,0,5.45,0.5246,12.5,95,da06be4-dirty
seeds_x0.8,"0.0215,0.0028,0.0032,50,100,350",3,30,6.0,120.5,0,0,0,0,0,5.46,0.5297,12.5,95,da06be4-dirty
seeds_x0.8,"0.0215,0.0028,0.0032,50,100,350",3,30,7.0,120.5,0,0,0,0,0,5.51,0.5349,12.5,95,da06be4-dirty
seeds_x0.8,"0.0215,0.0028,0.0032,50,100,350",3,30,8.0,120.5,0,0,0,0,0,5.55,0.54,12.5,95,da06be4-dirty
seeds_x0.8,"0.0215,0.0028,0.0032,50,100,350",3,30,9.0,120.5,0,0,0,0,0,5.82,0.5451,12.5,95,da06be4-dirty
seeds_x0.8,"0.0215,0.0028,0.0032,50,100,350",3,30,10.0,120.5,0,0,0,0,0,6.01,0.5502,12.5,95,da06be4-dirty
seeds_x0.8,"0.0215,0.0028,0.0032,50,100,350",3,30,11.0,120.5,0,0,0,0,0,6.11,0.5553,12.5,95,da06be4-dirty
seeds_x0.8,"0.0215,0.0028,0.0032,50,100,350",3,30,12.0,120.5,0,0,0,0,0,6.19,0.5604,12.5,95,da06be4-dirty
seeds_x0.8,"0.0215,0.0028,0.0032,50,100,350",3,30,13.0,120.5,0,0,0,0,0,6.26,0.5656,12.5,95,da06be4-dirty
seeds_x0.8,"0.0215,0.0028,0.0032,50,100,350",3,30,14.0,120.5,0,0,0,0,0,6.36,0.5707,12.5,95,da06be4-dirty
seeds_x0.8,"0.0215,0.0028,0.0032,50,100,350",3,30,15.0,120.5,0,0,0,0,0,6.45,0.5758,12.5,95,da06be4-dirty
seeds_x0.8,"0.0215,0.0028,0.0032,50,100,350",3,30,16.0,120.5,0,0,0,0,0,6.52,0.5809,12.5,95,da06be4-dirty
seeds_x0.8,"0.0215,0.0028,0.0032,50,100,350",3,30,17.0,120.5,0,0,0,0,0,6.59,0.5861,12.5,95,da06be4-dirty
seeds_x0.8,"0.0215,0.0028,0.0032,50,100,350",3,30,18.0,120.5,0,0,0,0,0,6.64,0.5912,12.5,95,da06be4-dirty
seeds_x0.8,"0.0215,0.0028,0.0032,50,100,350",3,30,19.0,120.5,0,0,0,0,0,6.71,0.5963,12.5,95,da06be4-dirty
seeds_x0.8,"0.0215,0.0028,0.0032,50,100,350",3,30,19.9,120.5,0,0,0,0,0,6.74,0.6009,12.5,95,da06be4-dirty
seeds_x0.8,"0.0215,0.0028,0.0032,50,100,350",3,40,0.0,130.5,0,0,0,0,0,5.38,0.5598,12.5,95,da06be4-dirty
seeds_x0.8,"0.0215,0.0028,0.0032,50,100,350",3,40,1.0,130.5,0,0,0,0,0,5.49,0.5618,12.5,95,da06be4-dirty
seeds_x0.8,"0.0215,0.0028,0.0032,50,100,350",3,40,2.0,130.5,0,0,0,0,0,5.56,0.5639,12.5,95,da06be4-dirty
seeds_x0.8,"0.0215,0.0028,0.0032,50,100,350",3,40,3.0,130.5,0,0,0,0,0,5.67,0.5659,12.5,95,da06be4-dirty
seeds_x0.8,"0.0215,0.0028,0.0032,50,100,350",3,40,4.0,130.5,0,0,0,0,0,5.71,0.568,12.5,95,da06be4-dirty
seeds_x0.8,"0.0215,0.0028,0.0032,50,100,350",3,40,5.0,130.5,0,0,0,0,0,5.78,0.5701,12.5,95,da06be4-dirty
seeds_x0.8,"0.0215,0.0028,0.0032,50,100,350",3,40,6.0,130.5,0,0,0,0,0,5.83,0.5723,12.5,95,da06be4-dirty
seeds_x0.8,"0.0215,0.0028,0.0032,50,100,350",3,40,7.0,130.5,0,0,0,0,0,5.88,0.5744,12.5,95,da06be4-dirty
seeds_x0.8,"0.0215,0.0028,0.0032,50,100,350",3,40,8.0,130.5,0,0,0,0,0,5.95,0.5766,12.5,95,da06be4-dirty
seeds_x0.8,"0.0215,0.0028,0.0032,50,100,350",3,40,9.0,130.5,0,0,0,0,0,6.19,0.5789,12.5,95,da06be4-dirty
seeds_x0.8,"0.0215,0.0028,0.0032,50,100,350",3,40,10.0,130.5,0,0,0,0,0,6.35,0.5811,12.5,95,da06be4-dirty
seeds_x0.8,"0.0215,0.0028,0.0032,50,100,350",3,40,11.0,130.5,0,0,0,0,0,6.44,0.5834,12.5,95,da06be4-dirty
seeds_x0.8,"0.0215,0.0028,0.0032,50,100,350",3,40,12.0,130.5,0,0,0,0,0,6.55,0.5857,12.5,95,da06be4-dirty
seeds_x0.8,"0.0215,0.0028,0.0032,50,100,350",3,40,13.0,130.5,0,0,0,0,0,6.63,0.5881,12.5,95,da06be4-dirty
seeds_x0.8,"0.0215,0.0028,0.0032,50,100,350",3,40,14.0,130.5,0,0,0,0,0,6.71,0.5904,12.5,95,da06be4-dirty
seeds_x0.8,"0.0215,0.0028,0.0032,50,100,350",3,40,15.0,130.5,0,0,0,0,0,6.79,0.5928,12.5,95,da06be4-dirty
seeds_x0.8,"0.0215,0.0028,0.0032,50,100,350",3,40,16.0,130.5,0,0,0,0,0,6.85,0.5952,12.5,95,da06be4-dirty
seeds_x0.8,"0.0215,0.0028,0.0032,50,100,350",3,40,17.0,130.5,0,0,0,0,0,6.97,0.5977,12.5,95,da06be4-dirty
seeds_x0.8,"0.0215,0.0028,0.0032,50,100,350",3,40,18.0,130.5,0,0,0,0,0,7.16,0.6025,12.5,95,da06be4-dirty
seeds_x0.8,"0.0215,0.0028,0.0032,50,100,350",3,40,19.0,130.5,0,0,0,0,0,7.25,0.6077,12.5,95,da06be4-dirty
seeds_x0.8,"0.0215,0.0028,0.0032,50,100,350",3,40,19.9,130.5,0,0,0,0,0,7.37,0.6124,12.5,95,da06be4-dirty
seeds_x0.8,"0.0215,0.0028,0.0032,50,100,350",3,50,0.0,140.5,0,0,0,0,0,5.46,0.6379,12.5,95,da06be4-dirty
seeds_x0.8,"0.0215,0.0028,0.0032,50,100,350",3,50,1.0,140.5,0,0,0,0,0,5.55,0.6404,12.5,95,da06be4-dirty
seeds_x0.8,"0.0215,0.0028,0.0032,50,100,350",3,50,2.0,140.5,0,0,0,0,0,5.62,0.6429,12.5,95,da06be4-dirty
seeds_x0.8,"0.0215,0.0028,0.0032,50,100,350",3,50,3.0,140.5,0,0,0,0,0,5.69,0.6455,12.5,95,da06be4-dirty
seeds_x0.8,"0.0215,0.0028,0.0032,50,100,350",3,50,4.0,140.5,0,0,0,0,0,5.75,0.6481,12.5,95,da06be4-dirty
seeds_x0.8,"0.0215,0.0028,0.0032,50,100,350",3,50,5.0,140.5,0,0,0,0,0,5.82,0.6507,12.5,95,da06be4-dirty
seeds_x0.8,"0.0215,0.0028,0.0032,50,100,350",3,50,6.0,140.5,0,0,0,0,0,5.84,0.6534,12.5,95,da06be4-dirty
seeds_x0.8,"0.0215,0.0028,0.0032,50,100,350",3,50,7.0,140.5,0,0,0,0,0,5.94,0.6561,12.5,95,da06be4-dirty
seeds_x0.8,"0.0215,0.0028,0.0032,50,100,350",3,50,8.0,140.5,0,0,0,0,0,5.97,0.6588,12.5,95,da06be4-dirty
seeds_x0.8,"0.0215,0.0028,0.0032,50,100,350",3,50,9.0,140.5,0,0,0,0,0,6.24,0.6615,12.5,95,da06be4-dirty
seeds_x0.8,"0.0215,0.0028,0.0032,50,100,350",3,50,10.0,140.5,0,0,0,0,0,6.53,0.6643,12.5,95,da06be4-dirty
seeds_x0.8,"0.0215,0.0028,0.0032,50,100,350",3,50,11.0,140.5,0,0,0,0,0,6.69,0.667,12.5,95,da06be4-dirty
seeds_x0.8,"0.0215,0.0028,0.0032,50,100,350",3,50,12.0,140.5,0,0,0,0,0,6.84,0.6699,12.5,95,da06be4-dirty
seeds_x0.8,"0.0215,0.0028,0.0032,50,100,350",3,50,13.0,140.5,0,0,0,0,0,6.95,0.6727,12.5,95,da06be4-dirty
seeds_x0.8,"0.0215,0.0028,0.0032,50,100,350",3,50,14.0,140.5,0,0,0,0,0,7.11,0.6756,12.5,95,da06be4-dirty
seeds_x0.8,"0.0215,0.0028,0.0032,50,100,350",3,50,15.0,140.5,0,0,0,0,0,7.2,0.6784,12.5,95,da06be4-dirty
seeds_x0.8,"0.0215,0.0028,0.0032,50,100,350",3,50,16.0,140.5,0,0,0,0,0,7.28,0.6814,12.5,95,da06be4-dirty
seeds_x0.8,"0.0215,0.0028,0.0032,50,100,350",3,50,17.0,140.5,0,0,0,0,0,7.4,0.6843,12.5,95,da06be4-dirty
seeds_x0.8,"0.0215,0.0028,0.0032,50,100,350",3,50,18.0,140.5,0,0,0,0,0,7.47,0.6872,12.5,95,da06be4-dirty
seeds_x0.8,"0.0215,0.0028,0.0032,50,100,350",3,50,19.0,140.5,0,0,0,0,0,7.57,0.6902,12.5,95,da06be4-dirty
seeds_x0.8,"0.0215,0.0028,0.0032,50,100,350",3,50,19.9,140.5,0,0,0,0,0,7.65,0.6929,12.5,95,da06be4-dirty
seeds_x0.8,"0.0215,0.0028,0.0032,50,100,350",3,60,0.0,150.5,0,0,0,0,0,5.78,0.713,12.5,95,da06be4-dirty
seeds_x0.8,"0.0215,0.0028,0.0032,50,100,350",3,60,1.0,150.5,0,0,0,0,0,5.95,0.7161,12.5,95,da06be4-dirty
seeds_x0.8,"0.0215,0.0028,0.0032,50,100,350",3,60,2.0,150.5,0,0,0,0,0,6.07,0.7191,12.5,95,da06be4-dirty
seeds_x0.8,"0.0215,0.0028,0.0032,50,100,350",3,60,3.0,150.5,0,0,0,0,0,6.21,0.7222,12.5,95,da06be4-dirty
seeds_x0.8,"0.0215,0.0028,0.0032,50,100,350",3,60,4.0,150.5,0,0,0,0,0,6.27,0.7254,12.5,95,da06be4-dirty
seeds_x0.8,"0.0215,0.0028,0.0032,50,100,350",3,60,5.0,150.5,0,0,0,0,0,6.36,0.7285,12.5,95,da06be4-dirty
seeds_x0.8,"0.0215,0.0028,0.0032,50,100,350",3,60,6.0,150.5,0,0,0,0,0,6.4,0.7317,12.5,95,da06be4-dirty
seeds_x0.8,"0.0215,0.0028,0.0032,50,100,350",3,60,7.0,150.5,0,0,0,0,0,6.46,0.7349,12.5,95,da06be4-dirty
seeds_x0.8,"0.0215,0.0028,0.0032,50,100,350",3,60,8.0,150.5,0,0,0,0,0,6.58,0.7381,12.5,95,da06be4-dirty
seeds_x0.8,"0.0215,0.0028,0.0032,50,100,350",3,60,9.0,150.5,0,0,0,0,0,6.84,0.7414,12.5,95,da06be4-dirty
seeds_x0.8,"0.0215,0.0028,0.0032,50,100,350",3,60,10.0,150.5,0,0,0,0,0,7.04,0.7446,12.5,95,da06be4-dirty
seeds_x0.8,"0.0215,0.0028,0.0032,50,100,350",3,60,11.0,150.5,0,0,0,0,0,7.15,0.7479,12.5,95,da06be4-dirty
seeds_x0.8,"0.0215,0.0028,0.0032,50,100,350",3,60,12.0,150.5,0,0,0,0,0,7.28,0.7512,12.5,95,da06be4-dirty
seeds_x0.8,"0.0215,0.0028,0.0032,50,100,350",3,60,13.0,150.5,0,0,0,0,0,7.37,0.7546,12.5,95,da06be4-dirty
seeds_x0.8,"0.0215,0.0028,0.0032,50,100,350",3,60,14.0,150.5,0,0,0,0,0,7.47,0.7579,12.5,95,da06be4-dirty
seeds_x0.8,"0.0215,0.0028,0.0032,50,100,350",3,60,15.0,150.5,0,0,0,0,0,7.58,0.7613,12.5,95,da06be4-dirty
seeds_x0.8,"0.0215,0.0028,0.0032,50,100,350",3,60,16.0,150.5,0,0,0,0,0,7.66,0.7647,12.5,95,da06be4-dirty
seeds_x0.8,"0.0215,0.0028,0.0032,50,100,350",3,60,17.0,150.5,0,0,0,0,0,7.75,0.7682,12.5,95,da06be4-dirty
seeds_x0.8,"0.0215,0.0028,0.0032,50,100,350",3,60,18.0,150.5,0,0,0,0,0,7.84,0.7716,12.5,95,da06be4-dirty
seeds_x0.8,"0.0215,0.0028,0.0032,50,100,350",3,60,19.0,150.5,0,0,0,0,0,7.89,0.7751,12.5,95,da06be4-dirty
seeds_x0.8,"0.0215,0.0028,0.0032,50,100,350",3,60,19.9,150.5,0,0,0,0,0,7.99,0.7782,12.5,95,da06be4-dirty
seeds_x0.8,"0.0215,0.0028,0.0032,50,100,350",3,70,0.0,160.5,0,0,0,0,0,6.81,0.782,12.5,95,da06be4-dirty
seeds_x0.8,"0.0215,0.0028,0.0032,50,100,350",3,70,1.0,160.5,0,0,0,0,0,6.95,0.7856,12.5,95,da06be4-dirty
seeds_x0.8,"0.0215,0.0028,0.0032,50,100,350",3,70,2.0,160.5,0,0,0,0,0,7.05,0.7892,12.5,95,da06be4-dirty
seeds_x0.8,"0.0215,0.0028,0.0032,50,100,350",3,70,3.0,160.5,0,0,0,0,0,7.13,0.7928,12.5,95,da06be4-dirty
seeds_x0.8,"0.0215,0.0028,0.0032,50,100,350",3,70,4.0,160.5,0,0,0,0,0,7.21,0.7964,12.5,95,da06be4-dirty
seeds_x0.8,"0.0215,0.0028,0.0032,50,100,350",3,70,5.0,160.5,0,0,0,0,0,7.27,0.8,12.5,95,da06be4-dirty
seeds_x0.8,"0.0215,0.0028,0.0032,50,100,350",3,70,6.0,160.5,6,0,0,0,6,7.33,0.8037,12.5,95,da06be4-dirty
seeds_x0.8,"0.0215,0.0028,0.0032,50,100,350",3,70,7.0,160.5,9,0,0,0,9,7.4,0.8074,12.5,95,da06be4-dirty
seeds_x0.8,"0.0215,0.0028,0.0032,50,100,350",3,70,8.0,160.5,11,0,0,0,11,7.47,0.8112,12.5,95,da06be4-dirty
seeds_x0.8,"0.0215,0.0028,0.0032,50,100,350",3,70,9.0,160.5,13,0,0,0,13,7.75,0.8149,12.5,95,da06be4-dirty
seeds_x0.8,"0.0215,0.0028,0.0032,50,100,350",3,70,10.0,160.5,13,0,0,0,13,7.96,0.8186,12.5,95,da06be4-dirty
seeds_x0.8,"0.0215,0.0028,0.0032,50,100,350",3,70,11.0,160.5,15,0,0,0,15,8.06,0.8224,12.5,95,da06be4-dirty
seeds_x0.8,"0.0215,0.0028,0.0032,50,100,350",3,70,12.0,160.5,16,0,0,0,16,8.17,0.8262,12.5,95,da06be4-dirty
seeds_x0.8,"0.0215,0.0028,0.0032,50,100,350",3,70,13.0,160.5,18,0,0,0,18,8.29,0.83,12.5,95,da06be4-dirty
seeds_x0.8,"0.0215,0.0028,0.0032,50,100,350",3,70,14.0,160.5,18,0,0,0,18,8.38,0.8339,12.5,95,da06be4-dirty
seeds_x0.8,"0.0215,0.0028,0.0032,50,100,350",3,70,15.0,160.5,19,0,0,0,19,8.48,0.8378,12.5,95,da06be4-dirty
seeds_x0.8,"0.0215,0.0028,0.0032,50,100,350",3,70,16.0,160.5,21,0,0,0,21,8.56,0.8417,12.5,95,da06be4-dirty
seeds_x0.8,"0.0215,0.0028,0.0032,50,100,350",3,70,17.0,160.5,21,0,0,0,21,8.64,0.8456,12.5,95,da06be4-dirty
seeds_x0.8,"0.0215,0.0028,0.0032,50,100,350",3,70,18.0,160.5,22,0,0,0,22,8.74,0.8495,12.5,95,da06be4-dirty
seeds_x0.8,"0.0215,0.0028,0.0032,50,100,350",3,70,19.0,160.5,23,0,0,0,23,8.79,0.8535,12.5,95,da06be4-dirty
seeds_x0.8,"0.0215,0.0028,0.0032,50,100,350",3,70,19.9,160.5,24,0,0,0,24,8.86,0.8571,12.5,95,da06be4-dirty
seeds_x0.8,"0.0215,0.0028,0.0032,50,100,350",3,80,0.0,170.5,21,0,0,0,21,7.54,0.8437,12.5,95,da06be4-dirty
seeds_x0.8,"0.0215,0.0028,0.0032,50,100,350",3,80,1.0,170.5,23,0,0,0,23,7.66,0.8477,12.5,95,da06be4-dirty
seeds_x0.8,"0.0215,0.0028,0.0032,50,100,350",3,80,2.0,170.5,23,0,0,0,23,7.74,0.8518,12.5,95,da06be4-dirty
seeds_x0.8,"0.0215,0.0028,0.0032,50,100,350",3,80,3.0,170.5,24,0,0,0,24,7.84,0.8559,12.5,95,da06be4-dirty
seeds_x0.8,"0.0215,0.0028,0.0032,50,100,350",3,80,4.0,170.5,24,0,0,0,24,7.89,0.8599,12.5,95,da06be4-dirty
seeds_x0.8,"0.0215,0.0028,0.0032,50,100,350",3,80,5.0,170.5,26,0,0,0,26,7.95,0.8641,12.5,95,da06be4-dirty
seeds_x0.8,"0.0215,0.0028,0.0032,50,100,350",3,80,6.0,170.5,26,0,0,0,26,8.02,0.8682,12.5,95,da06be4-dirty
seeds_x0.8,"0.0215,0.0028,0.0032,50,100,350",3,80,7.0,170.5,27,0,0,0,27,8.06,0.8724,12.5,95,da06be4-dirty
seeds_x0.8,"0.0215,0.0028,0.0032,50,100,350",3,80,8.0,170.5,27,0,0,0,27,8.13,0.8765,12.5,95,da06be4-dirty
seeds_x0.8,"0.0215,0.0028,0.0032,50,100,350",3,80,9.0,170.5,29,0,0,0,29,8.38,0.8807,12.5,95,da06be4-dirty
seeds_x0.8,"0.0215,0.0028,0.0032,50,100,350",3,80,10.0,170.5,29,0,0,0,29,8.58,0.8848,12.5,95,da06be4-dirty
seeds_x0.8,"0.0215,0.0028,0.0032,50,100,350",3,80,11.0,170.5,30,0,0,0,30,8.68,0.8891,12.5,95,da06be4-dirty
seeds_x0.8,"0.0215,0.0028,0.0032,50,100,350",3,80,12.0,170.5,30,0,0,0,30,8.79,0.8933,12.5,95,da06be4-dirty
seeds_x0.8,"0.0215,0.0028,0.0032,50,100,350",3,80,13.0,170.5,32,0,0,0,32,8.87,0.8976,12.5,95,da06be4-dirty
seeds_x0.8,"0.0215,0.0028,0.0032,50,100,350",3,80,14.0,170.5,32,0,0,0,32,8.98,0.9019,12.5,95,da06be4-dirty
seeds_x0.8,"0.0215,0.0028,0.0032,50,100,350",3,80,15.0,170.5,33,0,0,0,33,9.06,0.9062,12.5,95,da06be4-dirty
seeds_x0.8,"0.0215,0.0028,0.0032,50,100,350",3,80,16.0,170.5,42,0,0,0,42,9.13,0.9106,12.5,95,da06be4-dirty
seeds_x0.8,"0.0215,0.0028,0.0032,50,100,350",3,80,17.0,170.5,48,0,0,0,48,9.21,0.9149,12.5,95,da06be4-dirty
seeds_x0.8,"0.0215,0.0028,0.0032,50,100,350",3,80,18.0,170.5,52,0,0,0,52,9.26,0.9193,12.5,95,da06be4-dirty
seeds_x0.8,"0.0215,0.0028,0.0032,50,100,350",3,80,19.0,170.5,54,0,0,0,54,9.36,0.9237,12.5,95,da06be4-dirty
seeds_x0.8,"0.0215,0.0028,0.0032,50,100,350",3,80,19.9,170.5,57,0,0,0,57,9.41,0.9277,12.5,95,da06be4-dirty
seeds_x0.8,"0.0215,0.0028,0.0032,50,100,350",3,90,0.0,180.5,54,0,0,0,54,7.98,0.8998,12.5,95,da06be4-dirty
seeds_x0.8,"0.0215,0.0028,0.0032,50,100,350",3,90,1.0,180.5,56,0,0,0,56,8.12,0.9042,12.5,95,da06be4-dirty
seeds_x0.8,"0.0215,0.0028,0.0032,50,100,350",3,90,2.0,180.5,58,0,0,0,58,8.2,0.9087,12.5,95,da06be4-dirty
seeds_x0.8,"0.0215,0.0028,0.0032,50,100,350",3,90,3.0,180.5,60,0,0,0,60,8.28,0.9131,12.5,95,da06be4-dirty
seeds_x0.8,"0.0215,0.0028,0.0032,50,100,350",3,90,4.0,180.5,63,0,0,0,63,8.33,0.9176,12.5,95,da06be4-dirty
seeds_x0.8,"0.0215,0.0028,0.0032,50,100,350",3,90,5.0,180.5,64,0,0,0,64,8.38,0.9221,12.5,95,da06be4-dirty
seeds_x0.8,"0.0215,0.0028,0.0032,50,100,350",3,90,6.0,180.5,65,0,0,0,65,8.42,0.9267,12.5,95,da06be4-dirty
seeds_x0.8,"0.0215,0.0028,0.0032,50,100,350",3,90,7.0,180.5,67,0,0,0,67,8.53,0.9312,12.5,95,da06be4-dirty
seeds_x0.8,"0.0215,0.0028,0.0032,50,100,350",3,90,8.0,180.5,68,0,0,0,68,8.56,0.9358,12.5,95,da06be4-dirty
seeds_x0.8,"0.0215,0.0028,0.0032,50,100,350",3,90,9.0,180.5,71,0,0,0,71,8.83,0.9404,12.5,95,da06be4-dirty
seeds_x0.8,"0.0215,0.0028,0.0032,50,100,350",3,90,10.0,180.5,73,0,0,0,73,8.97,0.9448,12.5,95,da06be4-dirty
seeds_x0.8,"0.0215,0.0028,0.0032,50,100,350",3,90,11.0,180.5,74,0,0,0,74,9.07,0.9495,12.5,95,da06be4-dirty
seeds_x0.8,"0.0215,0.0028,0.0032,50,100,350",3,90,12.0,180.5,75,0,0,0,75,9.17,0.9541,12.5,95,da06be4-dirty
seeds_x0.8,"0.0215,0.0028,0.0032,50,100,350",3,90,13.0,180.5,76,0,0,0,76,9.26,0.9588,12.5,95,da06be4-dirty
seeds_x0.8,"0.0215,0.0028,0.0032,50,100,350",3,90,14.0,180.5,78,0,0,0,78,9.36,0.9635,12.5,95,da06be4-dirty
seeds_x0.8,"0.0215,0.0028,0.0032,50,100,350",3,90,15.0,180.5,80,0,0,0,80,9.46,0.9682,12.5,95,da06be4-dirty
seeds_x0.8,"0.0215,0.0028,0.0032,50,100,350",3,90,16.0,180.5,81,0,0,0,81,9.53,0.9729,12.5,95,da06be4-dirty
seeds_x0.8,"0.0215,0.0028,0.0032,50,100,350",3,90,17.0,180.5,83,0,0,0,83,9.58,0.9776,12.5,95,da06be4-dirty
seeds_x0.8,"0.0215,0.0028,0.0032,50,100,350",3,90,18.0,180.5,84,0,0,0,84,9.64,0.9824,12.5,95,da06be4-dirty
seeds_x0.8,"0.0215,0.0028,0.0032,50,100,350",3,90,19.0,180.5,85,0,0,0,85,9.71,0.9871,12.5,95,da06be4-dirty
seeds_x0.8,"0.0215,0.0028,0.0032,50,100,350",3,90,19.9,180.5,86,0,0,0,86,9.74,0.9914,12.5,95,da06be4-dirty
seeds_x0.8,"0.0215,0.0028,0.0032,50,100,350",3,100,0.0,190.5,82,0,0,0,82,8.33,0.9529,12.5,95,da06be4-dirty
seeds_x0.8,"0.0215,0.0028,0.0032,50,100,350",3,100,1.0,190.5,84,0,0,0,84,8.39,0.9576,12.5,95,da06be4-dirty
seeds_x0.8,"0.0215,0.0028,0.0032,50,100,350",3,100,2.0,190.5,84,0,0,0,84,8.47,0.9624,12.5,95,da06be4-dirty
seeds_x0.8,"0.0215,0.0028,0.0032,50,100,350",3,100,3.0,190.5,85,0,0,0,85,8.56,0.9671,12.5,95,da06be4-dirty
seeds_x0.8,"0.0215,0.0028,0.0032,50,100,350",3,100,4.0,190.5,86,0,0,0,86,8.61,0.9719,12.5,95,da06be4-dirty
seeds_x0.8,"0.0215,0.0028,0.0032,50,100,350",3,100,5.0,190.5,87,0,0,0,87,8.69,0.9768,12.5,95,da06be4-dirty
seeds_x0.8,"0.0215,0.0028,0.0032,50,100,350",3,100,6.0,190.5,90,0,0,0,90,8.73,0.9816,12.5,95,da06be4-dirty
seeds_x0.8,"0.0215,0.0028,0.0032,50,100,350",3,100,7.0,190.5,94,0,0,0,94,8.77,0.9865,12.5,95,da06be4-dirty
seeds_x0.8,"0.0215,0.0028,0.0032,50,100,350",3,100,8.0,190.5,96,0,0,0,96,8.83,0.9913,12.5,95,da06be4-dirty
seeds_x0.8,"0.0215,0.0028,0.0032,50,100,350",3,100,9.0,190.5,100,0,0,0,100,9.08,0.9962,12.5,95,da06be4-dirty
seeds_x0.8,"0.0215,0.0028,0.0032,50,100,350",3,100,10.0,190.5,101,0,0,0,101,9.24,1.001,12.5,95,da06be4-dirty
seeds_x0.8,"0.0215,0.0028,0.0032,50,100,350",3,100,11.0,190.5,104,0,0,0,104,9.33,1.0059,12.5,95,da06be4-dirty
seeds_x0.8,"0.0215,0.0028,0.0032,50,100,350",3,100,12.0,190.5,105,0,0,0,105,9.42,1.0109,12.5,95,da06be4-dirty
seeds_x0.8,"0.0215,0.0028,0.0032,50,100,350",3,100,13.0,190.5,109,0,0,0,109,9.52,1.0159,12.5,95,da06be4-dirty
seeds_x0.8,"0.0215,0.0028,0.0032,50,100,350",3,100,14.0,190.5,110,0,0,0,110,9.62,1.0208,12.5,95,da06be4-dirty
seeds_x0.8,"0.0215,0.0028,0.0032,50,100,350",3,100,15.0,190.5,113,0,0,0,113,9.69,1.0259,12.5,95,da06be4-dirty
seeds_x0.8,"0.0215,0.0028,0.0032,50,100,350",3,100,16.0,190.5,113,0,0,0,113,9.76,1.0309,12.5,95,da06be4-dirty
seeds_x0.8,"0.0215,0.0028,0.0032,50,100,350",3,100,17.0,190.5,116,0,0,0,116,9.84,1.0359,12.5,95,da06be4-dirty
seeds_x0.8,"0.0215,0.0028,0.0032,50,100,350",3,100,18.0,190.5,117,0,0,0,117,9.89,1.041,12.5,95,da06be4-dirty
seeds_x0.8,"0.0215,0.0028,0.0032,50,100,350",3,100,19.0,190.5,118,0,0,0,118,9.93,1.0461,12.5,95,da06be4-dirty
seeds_x0.8,"0.0215,0.0028,0.0032,50,100,350",3,100,19.9,190.5,119,0,0,0,119,10.0,1.0506,12.5,95,da06be4-dirty
seeds_x0.8,"0.0215,0.0028,0.0032,50,100,350",2,60,0.0,150.5,0,0,0,0,0,4.86,0.4398,12.5,95,da06be4-dirty
seeds_x0.8,"0.0215,0.0028,0.0032,50,100,350",2,60,1.0,150.5,0,0,0,0,0,4.93,0.4446,12.5,95,da06be4-dirty
seeds_x0.8,"0.0215,0.0028,0.0032,50,100,350",2,60,2.0,150.5,0,0,0,0,0,4.98,0.4494,12.5,95,da06be4-dirty
seeds_x0.8,"0.0215,0.0028,0.0032,50,100,350",2,60,3.0,150.5,0,0,0,0,0,5.02,0.4543,12.5,95,da06be4-dirty
seeds_x0.8,"0.0215,0.0028,0.0032,50,100,350",2,60,4.0,150.5,0,0,0,0,0,5.06,0.4591,12.5,95,da06be4-dirty
seeds_x0.8,"0.0215,0.0028,0.0032,50,100,350",2,60,5.0,150.5,0,0,0,0,0,5.11,0.4639,12.5,95,da06be4-dirty
seeds_x0.8,"0.0215,0.0028,0.0032,50,100,350",2,60,6.0,150.5,0,0,0,0,0,5.15,0.4688,12.5,95,da06be4-dirty
seeds_x0.8,"0.0215,0.0028,0.0032,50,100,350",2,60,7.0,150.5,0,0,0,0,0,5.22,0.4736,12.5,95,da06be4-dirty
seeds_x0.8,"0.0215,0.0028,0.0032,50,100,350",2,60,8.0,150.5,0,0,0,0,0,5.25,0.4784,12.5,95,da06be4-dirty
seeds_x0.8,"0.0215,0.0028,0.0032,50,100,350",2,60,9.0,150.5,0,0,0,0,0,5.27,0.4833,12.5,95,da06be4-dirty
seeds_x0.8,"0.0215,0.0028,0.0032,50,100,350",2,60,10.0,150.5,0,0,0,0,0,5.34,0.4881,12.5,95,da06be4-dirty
seeds_x0.8,"0.0215,0.0028,0.0032,50,100,350",2,60,11.0,150.5,0,0,0,0,0,5.43,0.493,12.5,95,da06be4-dirty
seeds_x0.8,"0.0215,0.0028,0.0032,50,100,350",2,60,12.0,150.5,0,0,0,0,0,5.53,0.4978,12.5,95,da06be4-dirty
seeds_x0.8,"0.0215,0.0028,0.0032,50,100,350",2,60,13.0,150.5,0,0,0,0,0,5.58,0.5027,12.5,95,da06be4-dirty
seeds_x0.8,"0.0215,0.0028,0.0032,50,100,350",2,60,14.0,150.5,0,0,0,0,0,5.65,0.5075,12.5,95,da06be4-dirty
seeds_x0.8,"0.0215,0.0028,0.0032,50,100,350",2,60,15.0,150.5,0,0,0,0,0,5.74,0.5124,12.5,95,da06be4-dirty
seeds_x0.8,"0.0215,0.0028,0.0032,50,100,350",2,60,16.0,150.5,0,0,0,0,0,5.82,0.5172,12.5,95,da06be4-dirty
seeds_x0.8,"0.0215,0.0028,0.0032,50,100,350",2,60,17.0,150.5,0,0,0,0,0,5.89,0.5221,12.5,95,da06be4-dirty
seeds_x0.8,"0.0215,0.0028,0.0032,50,100,350",2,60,18.0,150.5,0,0,0,0,0,5.97,0.527,12.5,95,da06be4-dirty
seeds_x0.8,"0.0215,0.0028,0.0032,50,100,350",2,60,19.0,150.5,0,0,0,0,0,6.06,0.5318,12.5,95,da06be4-dirty
seeds_x0.8,"0.0215,0.0028,0.0032,50,100,350",2,60,19.9,150.5,0,0,0,0,0,6.14,0.5362,12.5,95,da06be4-dirty
seeds_x0.8,"0.0215,0.0028,0.0032,50,100,350",2,70,0.0,160.5,0,0,0,0,0,5.23,0.4399,12.5,95,da06be4-dirty
seeds_x0.8,"0.0215,0.0028,0.0032,50,100,350",2,70,1.0,160.5,0,0,0,0,0,5.29,0.4447,12.5,95,da06be4-dirty
seeds_x0.8,"0.0215,0.0028,0.0032,50,100,350",2,70,2.0,160.5,0,0,0,0,0,5.37,0.4495,12.5,95,da06be4-dirty
seeds_x0.8,"0.0215,0.0028,0.0032,50,100,350",2,70,3.0,160.5,0,0,0,0,0,5.43,0.4543,12.5,95,da06be4-dirty
seeds_x0.8,"0.0215,0.0028,0.0032,50,100,350",2,70,4.0,160.5,0,0,0,0,0,5.46,0.4591,12.5,95,da06be4-dirty
seeds_x0.8,"0.0215,0.0028,0.0032,50,100,350",2,70,5.0,160.5,0,0,0,0,0,5.53,0.464,12.5,95,da06be4-dirty
seeds_x0.8,"0.0215,0.0028,0.0032,50,100,350",2,70,6.0,160.5,0,0,0,0,0,5.6,0.4688,12.5,95,da06be4-dirty
seeds_x0.8,"0.0215,0.0028,0.0032,50,100,350",2,70,7.0,160.5,0,0,0,0,0,5.66,0.4737,12.5,95,da06be4-dirty
seeds_x0.8,"0.0215,0.0028,0.0032,50,100,350",2,70,8.0,160.5,0,0,0,0,0,5.69,0.4785,12.5,95,da06be4-dirty
seeds_x0.8,"0.0215,0.0028,0.0032,50,100,350",2,70,9.0,160.5,0,0,0,0,0,5.72,0.4833,12.5,95,da06be4-dirty
seeds_x0.8,"0.0215,0.0028,0.0032,50,100,350",2,70,10.0,160.5,0,0,0,0,0,5.79,0.4882,12.5,95,da06be4-dirty
seeds_x0.8,"0.0215,0.0028,0.0032,50,100,350",2,70,11.0,160.5,0,0,0,0,0,5.82,0.493,12.5,95,da06be4-dirty
seeds_x0.8,"0.0215,0.0028,0.0032,50,100,350",2,70,12.0,160.5,0,0,0,0,0,5.87,0.4979,12.5,95,da06be4-dirty
seeds_x0.8,"0.0215,0.0028,0.0032,50,100,350",2,70,13.0,160.5,0,0,0,0,0,5.91,0.5027,12.5,95,da06be4-dirty
seeds_x0.8,"0.0215,0.0028,0.0032,50,100,350",2,70,14.0,160.5,0,0,0,0,0,5.97,0.5076,12.5,95,da06be4-dirty
seeds_x0.8,"0.0215,0.0028,0.0032,50,100,350",2,70,15.0,160.5,0,0,0,0,0,6.03,0.5124,12.5,95,da06be4-dirty
seeds_x0.8,"0.0215,0.0028,0.0032,50,100,350",2,70,16.0,160.5,0,0,0,0,0,6.08,0.5173,12.5,95,da06be4-dirty
seeds_x0.8,"0.0215,0.0028,0.0032,50,100,350",2,70,17.0,160.5,0,0,0,0,0,6.17,0.5222,12.5,95,da06be4-dirty
seeds_x0.8,"0.0215,0.0028,0.0032,50,100,350",2,70,18.0,160.5,0,0,0,0,0,6.23,0.527,12.5,95,da06be4-dirty
seeds_x0.8,"0.0215,0.0028,0.0032,50,100,350",2,70,19.0,160.5,0,0,0,0,0,6.28,0.5319,12.5,95,da06be4-dirty
seeds_x0.8,"0.0215,0.0028,0.0032,50,100,350",2,70,19.9,160.5,0,0,0,0,0,6.36,0.5363,12.5,95,da06be4-dirty
seeds_x0.8,"0.0215,0.0028,0.0032,50,100,350",2,80,0.0,170.5,0,0,0,0,0,5.54,0.4398,12.5,95,da06be4-dirty
seeds_x0.8,"0.0215,0.0028,0.0032,50,100,350",2,80,1.0,170.5,0,0,0,0,0,5.59,0.4447,12.5,95,da06be4-dirty
seeds_x0.8,"0.0215,0.0028,0.0032,50,100,350",2,80,2.0,170.5,0,0,0,0,0,5.64,0.4495,12.5,95,da06be4-dirty
seeds_x0.8,"0.0215,0.0028,0.0032,50,100,350",2,80,3.0,170.5,0,0,0,0,0,5.69,0.4543,12.5,95,da06be4-dirty
seeds_x0.8,"0.0215,0.0028,0.0032,50,100,350",2,80,4.0,170.5,0,0,0,0,0,5.75,0.4591,12.5,95,da06be4-dirty
seeds_x0.8,"0.0215,0.0028,0.0032,50,100,350",2,80,5.0,170.5,0,0,0,0,0,5.79,0.464,12.5,95,da06be4-dirty
seeds_x0.8,"0.0215,0.0028,0.0032,50,100,350",2,80,6.0,170.5,0,0,0,0,0,5.83,0.4688,12.5,95,da06be4-dirty
seeds_x0.8,"0.0215,0.0028,0.0032,50,100,350",2,80,7.0,170.5,0,0,0,0,0,5.89,0.4736,12.5,95,da06be4-dirty
seeds_x0.8,"0.0215,0.0028,0.0032,50,100,350",2,80,8.0,170.5,0,0,0,0,0,5.92,0.4785,12.5,95,da06be4-dirty
seeds_x0.8,"0.0215,0.0028,0.0032,50,100,350",2,80,9.0,170.5,0,0,0,0,0,5.95,0.4833,12.5,95,da06be4-dirty
seeds_x0.8,"0.0215,0.0028,0.0032,50,100,350",2,80,10.0,170.5,0,0,0,0,0,6.0,0.4882,12.5,95,da06be4-dirty
seeds_x0.8,"0.0215,0.0028,0.0032,50,100,350",2,80,11.0,170.5,0,0,0,0,0,6.05,0.493,12.5,95,da06be4-dirty
seeds_x0.8,"0.0215,0.0028,0.0032,50,100,350",2,80,12.0,170.5,0,0,0,0,0,6.07,0.4979,12.5,95,da06be4-dirty
seeds_x0.8,"0.0215,0.0028,0.0032,50,100,350",2,80,13.0,170.5,0,0,0,0,0,6.12,0.5027,12.5,95,da06be4-dirty
seeds_x0.8,"0.0215,0.0028,0.0032,50,100,350",2,80,14.0,170.5,0,0,0,0,0,6.15,0.5076,12.5,95,da06be4-dirty
seeds_x0.8,"0.0215,0.0028,0.0032,50,100,350",2,80,15.0,170.5,0,0,0,0,0,6.2,0.5124,12.5,95,da06be4-dirty
seeds_x0.8,"0.0215,0.0028,0.0032,50,100,350",2,80,16.0,170.5,0,0,0,0,0,6.28,0.5173,12.5,95,da06be4-dirty
seeds_x0.8,"0.0215,0.0028,0.0032,50,100,350",2,80,17.0,170.5,0,0,0,0,0,6.34,0.5221,12.5,95,da06be4-dirty
seeds_x0.8,"0.0215,0.0028,0.0032,50,100,350",2,80,18.0,170.5,0,0,0,0,0,6.42,0.527,12.5,95,da06be4-dirty
seeds_x0.8,"0.0215,0.0028,0.0032,50,100,350",2,80,19.0,170.5,0,0,0,0,0,6.47,0.5319,12.5,95,da06be4-dirty
seeds_x0.8,"0.0215,0.0028,0.0032,50,100,350",2,80,19.9,170.5,0,0,0,0,0,6.54,0.5363,12.5,95,da06be4-dirty
seeds_x0.8,"0.0215,0.0028,0.0032,50,100,350",2,90,0.0,180.5,0,0,0,0,0,5.92,0.4398,12.5,95,da06be4-dirty
seeds_x0.8,"0.0215,0.0028,0.0032,50,100,350",2,90,1.0,180.5,0,0,0,0,0,5.98,0.4446,12.5,95,da06be4-dirty
seeds_x0.8,"0.0215,0.0028,0.0032,50,100,350",2,90,2.0,180.5,0,0,0,0,0,6.05,0.4494,12.5,95,da06be4-dirty
seeds_x0.8,"0.0215,0.0028,0.0032,50,100,350",2,90,3.0,180.5,0,0,0,0,0,6.12,0.4543,12.5,95,da06be4-dirty
seeds_x0.8,"0.0215,0.0028,0.0032,50,100,350",2,90,4.0,180.5,0,0,0,0,0,6.16,0.4591,12.5,95,da06be4-dirty
seeds_x0.8,"0.0215,0.0028,0.0032,50,100,350",2,90,5.0,180.5,0,0,0,0,0,6.22,0.4639,12.5,95,da06be4-dirty
seeds_x0.8,"0.0215,0.0028,0.0032,50,100,350",2,90,6.0,180.5,0,0,0,0,0,6.28,0.4687,12.5,95,da06be4-dirty
seeds_x0.8,"0.0215,0.0028,0.0032,50,100,350",2,90,7.0,180.5,0,0,0,0,0,6.36,0.4736,12.5,95,da06be4-dirty
seeds_x0.8,"0.0215,0.0028,0.0032,50,100,350",2,90,8.0,180.5,0,0,0,0,0,6.39,0.4784,12.5,95,da06be4-dirty
seeds_x0.8,"0.0215,0.0028,0.0032,50,100,350",2,90,9.0,180.5,0,0,0,0,0,6.4,0.4833,12.5,95,da06be4-dirty
seeds_x0.8,"0.0215,0.0028,0.0032,50,100,350",2,90,10.0,180.5,0,0,0,0,0,6.56,0.4881,12.5,95,da06be4-dirty
seeds_x0.8,"0.0215,0.0028,0.0032,50,100,350",2,90,11.0,180.5,0,0,0,0,0,6.62,0.493,12.5,95,da06be4-dirty
seeds_x0.8,"0.0215,0.0028,0.0032,50,100,350",2,90,12.0,180.5,0,0,0,0,0,6.64,0.4978,12.5,95,da06be4-dirty
seeds_x0.8,"0.0215,0.0028,0.0032,50,100,350",2,90,13.0,180.5,0,0,0,0,0,6.67,0.5027,12.5,95,da06be4-dirty
seeds_x0.8,"0.0215,0.0028,0.0032,50,100,350",2,90,14.0,180.5,0,0,0,0,0,6.75,0.5075,12.5,95,da06be4-dirty
seeds_x0.8,"0.0215,0.0028,0.0032,50,100,350",2,90,15.0,180.5,0,0,0,0,0,6.77,0.5124,12.5,95,da06be4-dirty
seeds_x0.8,"0.0215,0.0028,0.0032,50,100,350",2,90,16.0,180.5,0,0,0,0,0,6.86,0.5172,12.5,95,da06be4-dirty
seeds_x0.8,"0.0215,0.0028,0.0032,50,100,350",2,90,17.0,180.5,0,0,0,0,0,6.93,0.5221,12.5,95,da06be4-dirty
seeds_x0.8,"0.0215,0.0028,0.0032,50,100,350",2,90,18.0,180.5,0,0,0,0,0,7.01,0.527,12.5,95,da06be4-dirty
seeds_x0.8,"0.0215,0.0028,0.0032,50,100,350",2,90,19.0,180.5,0,0,0,0,0,7.06,0.5318,12.5,95,da06be4-dirty
seeds_x0.8,"0.0215,0.0028,0.0032,50,100,350",2,90,19.9,180.5,0,0,0,0,0,7.13,0.5362,12.5,95,da06be4-dirty
seeds_x0.8,"0.0215,0.0028,0.0032,50,100,350",2,100,0.0,190.5,0,0,0,0,0,6.6,0.4397,12.5,95,da06be4-dirty
seeds_x0.8,"0.0215,0.0028,0.0032,50,100,350",2,100,1.0,190.5,0,0,0,0,0,6.66,0.4446,12.5,95,da06be4-dirty
seeds_x0.8,"0.0215,0.0028,0.0032,50,100,350",2,100,2.0,190.5,0,0,0,0,0,6.72,0.4494,12.5,95,da06be4-dirty
seeds_x0.8,"0.0215,0.0028,0.0032,50,100,350",2,100,3.0,190.5,0,0,0,0,0,6.77,0.4542,12.5,95,da06be4-dirty
seeds_x0.8,"0.0215,0.0028,0.0032,50,100,350",2,100,4.0,190.5,0,0,0,0,0,6.84,0.459,12.5,95,da06be4-dirty
seeds_x0.8,"0.0215,0.0028,0.0032,50,100,350",2,100,5.0,190.5,0,0,0,0,0,6.88,0.4639,12.5,95,da06be4-dirty
seeds_x0.8,"0.0215,0.0028,0.0032,50,100,350",2,100,6.0,190.5,0,0,0,0,0,6.93,0.4687,12.5,95,da06be4-dirty
seeds_x0.8,"0.0215,0.0028,0.0032,50,100,350",2,100,7.0,190.5,0,0,0,0,0,6.99,0.4735,12.5,95,da06be4-dirty
seeds_x0.8,"0.0215,0.0028,0.0032,50,100,350",2,100,8.0,190.5,0,0,0,0,0,7.02,0.4784,12.5,95,da06be4-dirty
seeds_x0.8,"0.0215,0.0028,0.0032,50,100,350",2,100,9.0,190.5,0,0,0,0,0,7.06,0.4832,12.5,95,da06be4-dirty
seeds_x0.8,"0.0215,0.0028,0.0032,50,100,350",2,100,10.0,190.5,0,0,0,0,0,7.17,0.4881,12.5,95,da06be4-dirty
seeds_x0.8,"0.0215,0.0028,0.0032,50,100,350",2,100,11.0,190.5,0,0,0,0,0,7.22,0.4929,12.5,95,da06be4-dirty
seeds_x0.8,"0.0215,0.0028,0.0032,50,100,350",2,100,12.0,190.5,0,0,0,0,0,7.24,0.4978,12.5,95,da06be4-dirty
seeds_x0.8,"0.0215,0.0028,0.0032,50,100,350",2,100,13.0,190.5,0,0,0,0,0,7.28,0.5026,12.5,95,da06be4-dirty
seeds_x0.8,"0.0215,0.0028,0.0032,50,100,350",2,100,14.0,190.5,0,0,0,0,0,7.36,0.5075,12.5,95,da06be4-dirty
seeds_x0.8,"0.0215,0.0028,0.0032,50,100,350",2,100,15.0,190.5,0,0,0,0,0,7.45,0.5123,12.5,95,da06be4-dirty
seeds_x0.8,"0.0215,0.0028,0.0032,50,100,350",2,100,16.0,190.5,0,0,0,0,0,7.55,0.5172,12.5,95,da06be4-dirty
seeds_x0.8,"0.0215,0.0028,0.0032,50,100,350",2,100,17.0,190.5,0,0,0,0,0,7.65,0.5221,12.5,95,da06be4-dirty
seeds_x0.8,"0.0215,0.0028,0.0032,50,100,350",2,100,18.0,190.5,0,0,0,0,0,7.77,0.5269,12.5,95,da06be4-dirty
seeds_x0.8,"0.0215,0.0028,0.0032,50,100,350",2,100,19.0,190.5,0,0,0,0,0,7.84,0.5318,12.5,95,da06be4-dirty
seeds_x0.8,"0.0215,0.0028,0.0032,50,100,350",2,100,19.9,190.5,0,0,0,0,0,7.94,0.5362,12.5,95,da06be4-dirty
seeds_x0.8,"0.0215,0.0028,0.0032,50,100,350",2,110,0.0,200.5,0,0,0,0,0,7.82,0.4395,12.5,95,da06be4-dirty
seeds_x0.8,"0.0215,0.0028,0.0032,50,100,350",2,110,1.0,200.5,0,0,0,0,0,7.84,0.4443,12.5,95,da06be4-dirty
seeds_x0.8,"0.0215,0.0028,0.0032,50,100,350",2,110,2.0,200.5,0,0,0,0,0,7.93,0.4491,12.5,95,da06be4-dirty
seeds_x0.8,"0.0215,0.0028,0.0032,50,100,350",2,110,3.0,200.5,0,0,0,0,0,7.97,0.4539,12.5,95,da06be4-dirty
seeds_x0.8,"0.0215,0.0028,0.0032,50,100,350",2,110,4.0,200.5,0,0,0,0,0,8.0,0.4588,12.5,95,da06be4-dirty
seeds_x0.8,"0.0215,0.0028,0.0032,50,100,350",2,110,5.0,200.5,0,0,0,0,0,8.03,0.4636,12.5,95,da06be4-dirty
seeds_x0.8,"0.0215,0.0028,0.0032,50,100,350",2,110,6.0,200.5,0,0,0,0,0,8.09,0.4684,12.5,95,da06be4-dirty
seeds_x0.8,"0.0215,0.0028,0.0032,50,100,350",2,110,7.0,200.5,0,0,0,0,0,8.14,0.4733,12.5,95,da06be4-dirty
seeds_x0.8,"0.0215,0.0028,0.0032,50,100,350",2,110,8.0,200.5,0,0,0,0,0,8.18,0.4781,12.5,95,da06be4-dirty
seeds_x0.8,"0.0215,0.0028,0.0032,50,100,350",2,110,9.0,200.5,0,0,0,0,0,8.21,0.483,12.5,95,da06be4-dirty
seeds_x0.8,"0.0215,0.0028,0.0032,50,100,350",2,110,10.0,200.5,0,0,0,0,0,8.29,0.4878,12.5,95,da06be4-dirty
seeds_x0.8,"0.0215,0.0028,0.0032,50,100,350",2,110,11.0,200.5,0,0,0,0,0,8.35,0.4926,12.5,95,da06be4-dirty
seeds_x0.8,"0.0215,0.0028,0.0032,50,100,350",2,110,12.0,200.5,0,0,0,0,0,8.38,0.4975,12.5,95,da06be4-dirty
seeds_x0.8,"0.0215,0.0028,0.0032,50,100,350",2,110,13.0,200.5,0,0,0,0,0,8.4,0.5023,12.5,95,da06be4-dirty
seeds_x0.8,"0.0215,0.0028,0.0032,50,100,350",2,110,14.0,200.5,0,0,0,0,0,8.47,0.5072,12.5,95,da06be4-dirty
seeds_x0.8,"0.0215,0.0028,0.0032,50,100,350",2,110,15.0,200.5,0,0,0,0,0,8.52,0.512,12.5,95,da06be4-dirty
seeds_x0.8,"0.0215,0.0028,0.0032,50,100,350",2,110,16.0,200.5,0,0,0,0,0,8.63,0.5169,12.5,95,da06be4-dirty
seeds_x0.8,"0.0215,0.0028,0.0032,50,100,350",2,110,17.0,200.5,0,0,0,0,0,8.74,0.5218,12.5,95,da06be4-dirty
seeds_x0.8,"0.0215,0.0028,0.0032,50,100,350",2,110,18.0,200.5,0,0,0,0,0,8.83,0.5266,12.5,95,da06be4-dirty
seeds_x0.8,"0.0215,0.0028,0.0032,50,100,350",2,110,19.0,200.5,0,0,0,0,0,8.91,0.5315,12.5,95,da06be4-dirty
seeds_x0.8,"0.0215,0.0028,0.0032,50,100,350",2,110,19.9,200.5,0,0,0,0,0,9.04,0.5359,12.5,95,da06be4-dirty
seeds_x0.8,"0.0215,0.0028,0.0032,50,100,350",2,120,0.0,210.5,0,0,0,0,0,9.18,0.4868,12.5,95,da06be4-dirty
seeds_x0.8,"0.0215,0.0028,0.0032,50,100,350",2,120,1.0,210.5,0,0,0,0,0,9.23,0.4894,12.5,95,da06be4-dirty
seeds_x0.8,"0.0215,0.0028,0.0032,50,100,350",2,120,2.0,210.5,0,0,0,0,0,9.31,0.4919,12.5,95,da06be4-dirty
seeds_x0.8,"0.0215,0.0028,0.0032,50,100,350",2,120,3.0,210.5,0,0,0,0,0,9.36,0.4945,12.5,95,da06be4-dirty
seeds_x0.8,"0.0215,0.0028,0.0032,50,100,350",2,120,4.0,210.5,0,0,0,0,0,9.4,0.4971,12.5,95,da06be4-dirty
seeds_x0.8,"0.0215,0.0028,0.0032,50,100,350",2,120,5.0,210.5,0,0,0,0,0,9.46,0.4997,12.5,95,da06be4-dirty
seeds_x0.8,"0.0215,0.0028,0.0032,50,100,350",2,120,6.0,210.5,0,0,0,0,0,9.51,0.5023,12.5,95,da06be4-dirty
seeds_x0.8,"0.0215,0.0028,0.0032,50,100,350",2,120,7.0,210.5,0,0,0,0,0,9.59,0.505,12.5,95,da06be4-dirty
seeds_x0.8,"0.0215,0.0028,0.0032,50,100,350",2,120,8.0,210.5,0,0,0,0,0,9.64,0.5076,12.5,95,da06be4-dirty
seeds_x0.8,"0.0215,0.0028,0.0032,50,100,350",2,120,9.0,210.5,0,0,0,0,0,9.65,0.5103,12.5,95,da06be4-dirty
seeds_x0.8,"0.0215,0.0028,0.0032,50,100,350",2,120,10.0,210.5,0,0,0,0,0,9.79,0.5167,12.5,95,da06be4-dirty
seeds_x0.8,"0.0215,0.0028,0.0032,50,100,350",2,120,11.0,210.5,0,0,0,0,0,9.83,0.5194,12.5,95,da06be4-dirty
seeds_x0.8,"0.0215,0.0028,0.0032,50,100,350",2,120,12.0,210.5,0,0,0,0,0,9.85,0.522,12.5,95,da06be4-dirty
seeds_x0.8,"0.0215,0.0028,0.0032,50,100,350",2,120,13.0,210.5,0,0,0,0,0,9.92,0.5247,12.5,95,da06be4-dirty
seeds_x0.8,"0.0215,0.0028,0.0032,50,100,350",2,120,14.0,210.5,0,0,0,0,0,9.96,0.5274,12.5,95,da06be4-dirty
seeds_x0.8,"0.0215,0.0028,0.0032,50,100,350",2,120,15.0,210.5,0,0,0,0,0,10.01,0.5301,12.5,95,da06be4-dirty
seeds_x0.8,"0.0215,0.0028,0.0032,50,100,350",2,120,16.0,210.5,0,0,0,0,0,10.09,0.5328,12.5,95,da06be4-dirty
seeds_x0.8,"0.0215,0.0028,0.0032,50,100,350",2,120,17.0,210.5,0,0,0,0,0,10.18,0.5355,12.5,95,da06be4-dirty
seeds_x0.8,"0.0215,0.0028,0.0032,50,100,350",2,120,18.0,210.5,0,0,0,0,0,10.24,0.5383,12.5,95,da06be4-dirty
seeds_x0.8,"0.0215,0.0028,0.0032,50,100,350",2,120,19.0,210.5,0,0,0,0,0,10.31,0.541,12.5,95,da06be4-dirty
seeds_x0.8,"0.0215,0.0028,0.0032,50,100,350",2,120,19.9,210.5,0,0,0,0,0,10.4,0.5438,12.5,95,da06be4-dirty
seeds_x0.8,"0.0215,0.0028,0.0032,50,100,350",2,130,0.0,220.5,0,0,0,0,0,10.85,0.5576,12.5,95,da06be4-dirty
seeds_x0.8,"0.0215,0.0028,0.0032,50,100,350",2,130,1.0,220.5,0,0,0,0,0,10.91,0.5604,12.5,95,da06be4-dirty
seeds_x0.8,"0.0215,0.0028,0.0032,50,100,350",2,130,2.0,220.5,0,0,0,0,0,10.97,0.5632,12.5,95,da06be4-dirty
seeds_x0.8,"0.0215,0.0028,0.0032,50,100,350",2,130,3.0,220.5,0,0,0,0,0,11.0,0.566,12.5,95,da06be4-dirty
seeds_x0.8,"0.0215,0.0028,0.0032,50,100,350",2,130,4.0,220.5,0,0,0,0,0,11.04,0.5688,12.5,95,da06be4-dirty
seeds_x0.8,"0.0215,0.0028,0.0032,50,100,350",2,130,5.0,220.5,0,0,0,0,0,11.09,0.5716,12.5,95,da06be4-dirty
seeds_x0.8,"0.0215,0.0028,0.0032,50,100,350",2,130,6.0,220.5,0,0,0,0,0,11.17,0.5745,12.5,95,da06be4-dirty
seeds_x0.8,"0.0215,0.0028,0.0032,50,100,350",2,130,7.0,220.5,0,0,0,0,0,11.18,0.5773,12.5,95,da06be4-dirty
seeds_x0.8,"0.0215,0.0028,0.0032,50,100,350",2,130,8.0,220.5,0,0,0,0,0,11.24,0.5802,12.5,95,da06be4-dirty
seeds_x0.8,"0.0215,0.0028,0.0032,50,100,350",2,130,9.0,220.5,0,0,0,0,0,11.25,0.5831,12.5,95,da06be4-dirty
seeds_x0.8,"0.0215,0.0028,0.0032,50,100,350",2,130,10.0,220.5,0,0,0,0,0,11.37,0.5898,12.5,95,da06be4-dirty
seeds_x0.8,"0.0215,0.0028,0.0032,50,100,350",2,130,11.0,220.5,0,0,0,0,0,11.38,0.5926,12.5,95,da06be4-dirty
seeds_x0.8,"0.0215,0.0028,0.0032,50,100,350",2,130,12.0,220.5,0,0,0,0,0,11.48,0.5955,12.5,95,da06be4-dirty
seeds_x0.8,"0.0215,0.0028,0.0032,50,100,350",2,130,13.0,220.5,0,0,0,0,0,11.56,0.5984,12.5,95,da06be4-dirty
seeds_x0.8,"0.0215,0.0028,0.0032,50,100,350",2,130,14.0,220.5,0,0,0,0,0,11.62,0.6013,12.5,95,da06be4-dirty
seeds_x0.8,"0.0215,0.0028,0.0032,50,100,350",2,130,15.0,220.5,0,0,0,0,0,11.68,0.6042,12.5,95,da06be4-dirty
seeds_x0.8,"0.0215,0.0028,0.0032,50,100,350",2,130,16.0,220.5,0,0,0,0,0,11.81,0.6071,12.5,95,da06be4-dirty
seeds_x0.8,"0.0215,0.0028,0.0032,50,100,350",2,130,17.0,220.5,0,0,0,0,0,11.88,0.61,12.5,95,da06be4-dirty
seeds_x0.8,"0.0215,0.0028,0.0032,50,100,350",2,130,18.0,220.5,0,0,0,0,0,12.0,0.613,12.5,95,da06be4-dirty
seeds_x0.8,"0.0215,0.0028,0.0032,50,100,350",2,130,19.0,220.5,0,0,0,0,0,12.02,0.6159,12.5,95,da06be4-dirty
seeds_x0.8,"0.0215,0.0028,0.0032,50,100,350",2,130,19.9,220.5,0,0,0,0,0,12.15,0.6187,12.5,95,da06be4-dirty
seeds_x0.8,"0.0215,0.0028,0.0032,50,100,350",2,140,0.0,230.5,0,0,0,0,0,13.38,0.6414,12.5,95,da06be4-dirty
seeds_x0.8,"0.0215,0.0028,0.0032,50,100,350",2,140,1.0,230.5,0,0,0,0,0,13.43,0.6445,12.5,95,da06be4-dirty
seeds_x0.8,"0.0215,0.0028,0.0032,50,100,350",2,140,2.0,230.5,0,0,0,0,0,13.52,0.6476,12.5,95,da06be4-dirty
seeds_x0.8,"0.0215,0.0028,0.0032,50,100,350",2,140,3.0,230.5,0,0,0,0,0,13.55,0.6507,12.5,95,da06be4-dirty
seeds_x0.8,"0.0215,0.0028,0.0032,50,100,350",2,140,4.0,230.5,0,0,0,0,0,13.63,0.6538,12.5,95,da06be4-dirty
seeds_x0.8,"0.0215,0.0028,0.0032,50,100,350",2,140,5.0,230.5,0,0,0,0,0,13.68,0.6569,12.5,95,da06be4-dirty
seeds_x0.8,"0.0215,0.0028,0.0032,50,100,350",2,140,6.0,230.5,0,0,0,0,0,13.71,0.6601,12.5,95,da06be4-dirty
seeds_x0.8,"0.0215,0.0028,0.0032,50,100,350",2,140,7.0,230.5,0,0,0,0,0,13.79,0.6632,12.5,95,da06be4-dirty
seeds_x0.8,"0.0215,0.0028,0.0032,50,100,350",2,140,8.0,230.5,0,0,0,0,0,13.84,0.6664,12.5,95,da06be4-dirty
seeds_x0.8,"0.0215,0.0028,0.0032,50,100,350",2,140,9.0,230.5,0,0,0,0,0,13.88,0.6696,12.5,95,da06be4-dirty
seeds_x0.8,"0.0215,0.0028,0.0032,50,100,350",2,140,10.0,230.5,0,0,0,0,0,14.01,0.6766,12.5,95,da06be4-dirty
seeds_x0.8,"0.0215,0.0028,0.0032,50,100,350",2,140,11.0,230.5,0,0,0,0,0,14.07,0.6798,12.5,95,da06be4-dirty
seeds_x0.8,"0.0215,0.0028,0.0032,50,100,350",2,140,12.0,230.5,0,0,0,0,0,14.16,0.683,12.5,95,da06be4-dirty
seeds_x0.8,"0.0215,0.0028,0.0032,50,100,350",2,140,13.0,230.5,0,0,0,0,0,14.2,0.6861,12.5,95,da06be4-dirty
seeds_x0.8,"0.0215,0.0028,0.0032,50,100,350",2,140,14.0,230.5,0,0,0,0,0,14.24,0.6893,12.5,95,da06be4-dirty
seeds_x0.8,"0.0215,0.0028,0.0032,50,100,350",2,140,15.0,230.5,0,0,0,0,0,14.29,0.6925,12.5,95,da06be4-dirty
seeds_x0.8,"0.0215,0.0028,0.0032,50,100,350",2,140,16.0,230.5,0,0,0,0,0,14.38,0.6957,12.5,95,da06be4-dirty
seeds_x0.8,"0.0215,0.0028,0.0032,50,100,350",2,140,17.0,230.5,0,0,0,0,0,14.49,0.6989,12.5,95,da06be4-dirty
seeds_x0.8,"0.0215,0.0028,0.0032,50,100,350",2,140,18.0,230.5,0,0,0,0,0,14.58,0.7022,12.5,95,da06be4-dirty
seeds_x0.8,"0.0215,0.0028,0.0032,50,100,350",2,140,19.0,230.5,0,0,0,0,0,14.62,0.7054,12.5,95,da06be4-dirty
seeds_x0.8,"0.0215,0.0028,0.0032,50,100,350",2,140,19.9,230.5,0,0,0,0,0,14.74,0.709,12.5,95,da06be4-dirty
seeds_x0.8,"0.0215,0.0028,0.0032,50,100,350",2,150,0.0,240.5,0,0,0,0,0,15.47,0.7385,12.5,95,da06be4-dirty
seeds_x0.8,"0.0215,0.0028,0.0032,50,100,350",2,150,1.0,240.5,0,0,0,0,0,15.51,0.7419,12.5,95,da06be4-dirty
seeds_x0.8,"0.0215,0.0028,0.0032,50,100,350",2,150,2.0,240.5,0,0,0,0,0,15.56,0.7454,12.5,95,da06be4-dirty
seeds_x0.8,"0.0215,0.0028,0.0032,50,100,350",2,150,3.0,240.5,0,0,0,0,0,15.63,0.7488,12.5,95,da06be4-dirty
seeds_x0.8,"0.0215,0.0028,0.0032,50,100,350",2,150,4.0,240.5,0,0,0,0,0,15.64,0.7523,12.5,95,da06be4-dirty
seeds_x0.8,"0.0215,0.0028,0.0032,50,100,350",2,150,5.0,240.5,0,0,0,0,0,15.72,0.7558,12.5,95,da06be4-dirty
seeds_x0.8,"0.0215,0.0028,0.0032,50,100,350",2,150,6.0,240.5,0,0,0,0,0,15.74,0.7593,12.5,95,da06be4-dirty
seeds_x0.8,"0.0215,0.0028,0.0032,50,100,350",2,150,7.0,240.5,0,0,0,0,0,15.81,0.7628,12.5,95,da06be4-dirty
seeds_x0.8,"0.0215,0.0028,0.0032,50,100,350",2,150,8.0,240.5,0,0,0,0,0,15.89,0.7664,12.5,95,da06be4-dirty
seeds_x0.8,"0.0215,0.0028,0.0032,50,100,350",2,150,9.0,240.5,0,0,0,0,0,15.93,0.7699,12.5,95,da06be4-dirty
seeds_x0.8,"0.0215,0.0028,0.0032,50,100,350",2,150,10.0,240.5,0,0,0,0,0,15.99,0.7775,12.5,95,da06be4-dirty
seeds_x0.8,"0.0215,0.0028,0.0032,50,100,350",2,150,11.0,240.5,0,0,0,0,0,16.05,0.781,12.5,95,da06be4-dirty
seeds_x0.8,"0.0215,0.0028,0.0032,50,100,350",2,150,12.0,240.5,0,0,0,0,0,16.06,0.7845,12.5,95,da06be4-dirty
seeds_x0.8,"0.0215,0.0028,0.0032,50,100,350",2,150,13.0,240.5,0,0,0,0,0,16.15,0.7881,12.5,95,da06be4-dirty
seeds_x0.8,"0.0215,0.0028,0.0032,50,100,350",2,150,14.0,240.5,0,0,0,0,0,16.26,0.7916,12.5,95,da06be4-dirty
seeds_x0.8,"0.0215,0.0028,0.0032,50,100,350",2,150,15.0,240.5,0,0,0,0,0,16.37,0.7951,12.5,95,da06be4-dirty
seeds_x0.8,"0.0215,0.0028,0.0032,50,100,350",2,150,16.0,240.5,0,0,0,0,0,16.49,0.7987,12.5,95,da06be4-dirty
seeds_x0.8,"0.0215,0.0028,0.0032,50,100,350",2,150,17.0,240.5,7,0,7,0,0,16.66,0.8022,12.5,95,da06be4-dirty
seeds_x0.8,"0.0215,0.0028,0.0032,50,100,350",2,150,18.0,240.5,11,0,11,0,0,16.73,0.8058,12.5,95,da06be4-dirty
seeds_x0.8,"0.0215,0.0028,0.0032,50,100,350",2,150,19.0,240.5,14,0,14,0,0,16.91,0.8094,12.5,95,da06be4-dirty
seeds_x0.8,"0.0215,0.0028,0.0032,50,100,350",2,150,19.9,240.5,18,0,18,0,0,17.16,0.8141,12.5,95,da06be4-dirty
seeds_x0.8,"0.0215,0.0028,0.0032,50,100,350",2,160,0.0,250.5,32,0,32,0,0,17.55,0.8516,12.5,95,da06be4-dirty
seeds_x0.8,"0.0215,0.0028,0.0032,50,100,350",2,160,1.0,250.5,33,0,33,0,0,17.6,0.8555,12.5,95,da06be4-dirty
seeds_x0.8,"0.0215,0.0028,0.0032,50,100,350",2,160,2.0,250.5,35,0,35,0,0,17.68,0.8593,12.5,95,da06be4-dirty
seeds_x0.8,"0.0215,0.0028,0.0032,50,100,350",2,160,3.0,250.5,36,0,36,0,0,17.77,0.8632,12.5,95,da06be4-dirty
seeds_x0.8,"0.0215,0.0028,0.0032,50,100,350",2,160,4.0,250.5,38,0,38,0,0,17.85,0.8671,12.5,95,da06be4-dirty
seeds_x0.8,"0.0215,0.0028,0.0032,50,100,350",2,160,5.0,250.5,38,0,38,0,0,17.93,0.871,12.5,95,da06be4-dirty
seeds_x0.8,"0.0215,0.0028,0.0032,50,100,350",2,160,6.0,250.5,39,0,39,0,0,18.04,0.8749,12.5,95,da06be4-dirty
seeds_x0.8,"0.0215,0.0028,0.0032,50,100,350",2,160,7.0,250.5,41,0,41,0,0,18.13,0.8788,12.5,95,da06be4-dirty
seeds_x0.8,"0.0215,0.0028,0.0032,50,100,350",2,160,8.0,250.5,42,0,42,0,0,18.21,0.8827,12.5,95,da06be4-dirty
seeds_x0.8,"0.0215,0.0028,0.0032,50,100,350",2,160,9.0,250.5,42,0,42,0,0,18.29,0.8866,12.5,95,da06be4-dirty
seeds_x0.8,"0.0215,0.0028,0.0032,50,100,350",2,160,10.0,250.5,45,0,45,0,0,18.42,0.8949,12.5,95,da06be4-dirty
seeds_x0.8,"0.0215,0.0028,0.0032,50,100,350",2,160,11.0,250.5,46,0,46,0,0,18.47,0.8988,12.5,95,da06be4-dirty
seeds_x0.8,"0.0215,0.0028,0.0032,50,100,350",2,160,12.0,250.5,47,0,47,0,0,18.53,0.9027,12.5,95,da06be4-dirty
seeds_x0.8,"0.0215,0.0028,0.0032,50,100,350",2,160,13.0,250.5,47,0,47,0,0,18.61,0.9066,12.5,95,da06be4-dirty
seeds_x0.8,"0.0215,0.0028,0.0032,50,100,350",2,160,14.0,250.5,49,0,49,0,0,18.66,0.9105,12.5,95,da06be4-dirty
seeds_x0.8,"0.0215,0.0028,0.0032,50,100,350",2,160,15.0,250.5,50,0,50,0,0,18.68,0.9144,12.5,95,da06be4-dirty
seeds_x0.8,"0.0215,0.0028,0.0032,50,100,350",2,160,16.0,250.5,50,0,50,0,0,18.82,0.9184,12.5,95,da06be4-dirty
seeds_x0.8,"0.0215,0.0028,0.0032,50,100,350",2,160,17.0,250.5,51,0,51,0,0,18.92,0.9223,12.5,95,da06be4-dirty
seeds_x0.8,"0.0215,0.0028,0.0032,50,100,350",2,160,18.0,250.5,53,0,53,0,0,18.99,0.9262,12.5,95,da06be4-dirty
seeds_x0.8,"0.0215,0.0028,0.0032,50,100,350",2,160,19.0,250.5,53,0,53,0,0,19.03,0.9302,12.5,95,da06be4-dirty
seeds_x0.8,"0.0215,0.0028,0.0032,50,100,350",2,160,19.9,250.5,55,0,55,0,0,19.22,0.9355,12.5,95,da06be4-dirty
seeds_x0.8,"0.0215,0.0028,0.0032,50,100,350",2,170,0.0,260.5,66,0,59,7,0,19.62,0.9787,12.5,95,da06be4-dirty
seeds_x0.8,"0.0215,0.0028,0.0032,50,100,350",2,170,1.0,260.5,70,0,60,10,0,19.65,0.9829,12.5,95,da06be4-dirty
seeds_x0.8,"0.0215,0.0028,0.0032,50,100,350",2,170,2.0,260.5,72,0,60,12,0,19.68,0.9872,12.5,95,da06be4-dirty
seeds_x0.8,"0.0215,0.0028,0.0032,50,100,350",2,170,3.0,260.5,75,0,61,14,0,19.72,0.9915,12.5,95,da06be4-dirty
seeds_x0.8,"0.0215,0.0028,0.0032,50,100,350",2,170,4.0,260.5,78,0,62,16,0,19.82,0.9959,12.5,95,da06be4-dirty
seeds_x0.8,"0.0215,0.0028,0.0032,50,100,350",2,170,5.0,260.5,79,0,63,16,0,19.87,1.0002,12.5,95,da06be4-dirty
seeds_x0.8,"0.0215,0.0028,0.0032,50,100,350",2,170,6.0,260.5,87,0,63,24,0,19.97,1.0045,12.5,95,da06be4-dirty
seeds_x0.8,"0.0215,0.0028,0.0032,50,100,350",2,170,7.0,260.5,91,0,64,27,0,20.04,1.0088,12.5,95,da06be4-dirty
seeds_x0.8,"0.0215,0.0028,0.0032,50,100,350",2,170,8.0,260.5,95,0,64,31,0,20.07,1.0132,12.5,95,da06be4-dirty
seeds_x0.8,"0.0215,0.0028,0.0032,50,100,350",2,170,9.0,260.5,98,0,65,33,0,20.16,1.0176,12.5,95,da06be4-dirty
seeds_x0.8,"0.0215,0.0028,0.0032,50,100,350",2,170,10.0,260.5,107,0,67,40,0,20.25,1.0264,12.5,95,da06be4-dirty
seeds_x0.8,"0.0215,0.0028,0.0032,50,100,350",2,170,11.0,260.5,110,0,67,43,0,20.33,1.0307,12.5,95,da06be4-dirty
seeds_x0.8,"0.0215,0.0028,0.0032,50,100,350",2,170,12.0,260.5,112,0,68,44,0,20.37,1.0351,12.5,95,da06be4-dirty
seeds_x0.8,"0.0215,0.0028,0.0032,50,100,350",2,170,13.0,260.5,113,0,68,45,0,20.43,1.0394,12.5,95,da06be4-dirty
seeds_x0.8,"0.0215,0.0028,0.0032,50,100,350",2,170,14.0,260.5,117,0,69,48,0,20.46,1.0437,12.5,95,da06be4-dirty
seeds_x0.8,"0.0215,0.0028,0.0032,50,100,350",2,170,15.0,260.5,119,0,69,50,0,20.53,1.0481,12.5,95,da06be4-dirty
seeds_x0.8,"0.0215,0.0028,0.0032,50,100,350",2,170,16.0,260.5,122,0,71,51,0,20.64,1.0524,12.5,95,da06be4-dirty
seeds_x0.8,"0.0215,0.0028,0.0032,50,100,350",2,170,17.0,260.5,124,0,71,53,0,20.84,1.0568,12.5,95,da06be4-dirty
seeds_x0.8,"0.0215,0.0028,0.0032,50,100,350",2,170,18.0,260.5,125,0,71,54,0,20.98,1.0611,12.5,95,da06be4-dirty
seeds_x0.8,"0.0215,0.0028,0.0032,50,100,350",2,170,19.0,260.5,128,0,72,56,0,21.09,1.0655,12.5,95,da06be4-dirty
seeds_x0.8,"0.0215,0.0028,0.0032,50,100,350",2,170,19.9,260.5,132,0,73,59,0,21.28,1.0703,12.5,95,da06be4-dirty
seeds_x0.8,"0.0215,0.0028,0.0032,50,100,350",2,180,0.0,270.5,322,0,73,249,0,21.47,1.1132,12.5,95,da06be4-dirty
seeds_x0.8,"0.0215,0.0028,0.0032,50,100,350",2,180,1.0,270.5,327,0,75,252,0,21.58,1.118,12.5,95,da06be4-dirty
seeds_x0.8,"0.0215,0.0028,0.0032,50,100,350",2,180,2.0,270.5,329,0,75,254,0,21.68,1.1227,12.5,95,da06be4-dirty
seeds_x0.8,"0.0215,0.0028,0.0032,50,100,350",2,180,3.0,270.5,332,0,76,256,0,21.78,1.1275,12.5,95,da06be4-dirty
seeds_x0.8,"0.0215,0.0028,0.0032,50,100,350",2,180,4.0,270.5,335,0,76,259,0,21.85,1.1322,12.5,95,da06be4-dirty
seeds_x0.8,"0.0215,0.0028,0.0032,50,100,350",2,180,5.0,270.5,336,0,76,260,0,21.97,1.137,12.5,95,da06be4-dirty
seeds_x0.8,"0.0215,0.0028,0.0032,50,100,350",2,180,6.0,270.5,343,0,77,266,0,22.04,1.1418,12.5,95,da06be4-dirty
seeds_x0.8,"0.0215,0.0028,0.0032,50,100,350",2,180,7.0,270.5,347,0,77,270,0,22.11,1.1466,12.5,95,da06be4-dirty
seeds_x0.8,"0.0215,0.0028,0.0032,50,100,350",2,180,8.0,270.5,347,0,77,270,0,22.18,1.1514,12.5,95,da06be4-dirty
seeds_x0.8,"0.0215,0.0028,0.0032,50,100,350",2,180,9.0,270.5,352,0,79,273,0,22.22,1.1562,12.5,95,da06be4-dirty
seeds_x0.8,"0.0215,0.0028,0.0032,50,100,350",2,180,10.0,270.5,359,0,80,279,0,22.73,1.1657,12.5,95,da06be4-dirty
seeds_x0.8,"0.0215,0.0028,0.0032,50,100,350",2,180,11.0,270.5,363,0,80,283,0,22.87,1.1705,12.5,95,da06be4-dirty
seeds_x0.8,"0.0215,0.0028,0.0032,50,100,350",2,180,12.0,270.5,364,0,80,284,0,23.01,1.1752,12.5,95,da06be4-dirty
seeds_x0.8,"0.0215,0.0028,0.0032,50,100,350",2,180,13.0,270.5,367,0,81,286,0,23.13,1.18,12.5,95,da06be4-dirty
seeds_x0.8,"0.0215,0.0028,0.0032,50,100,350",2,180,14.0,270.5,370,0,81,289,0,23.21,1.1848,12.5,95,da06be4-dirty
seeds_x0.8,"0.0215,0.0028,0.0032,50,100,350",2,180,15.0,270.5,372,0,81,291,0,23.4,1.1895,12.5,95,da06be4-dirty
seeds_x0.8,"0.0215,0.0028,0.0032,50,100,350",2,180,16.0,270.5,376,0,81,295,0,23.52,1.1943,12.5,95,da06be4-dirty
seeds_x0.8,"0.0215,0.0028,0.0032,50,100,350",2,180,17.0,270.5,380,0,83,297,0,23.61,1.1991,12.5,95,da06be4-dirty
seeds_x0.8,"0.0215,0.0028,0.0032,50,100,350",2,180,18.0,270.5,383,0,83,300,0,23.72,1.2039,12.5,95,da06be4-dirty
seeds_x0.8,"0.0215,0.0028,0.0032,50,100,350",2,180,19.0,270.5,384,0,83,301,0,23.84,1.2087,12.5,95,da06be4-dirty
seeds_x0.8,"0.0215,0.0028,0.0032,50,100,350",2,180,19.9,270.5,389,0,84,305,0,24.22,1.213,12.5,95,da06be4-dirty
seeds_x0.8,"0.0215,0.0028,0.0032,50,100,350",2,190,0.0,280.5,567,0,121,446,0,26.07,1.2511,12.5,95,da06be4-dirty
seeds_x0.8,"0.0215,0.0028,0.0032,50,100,350",2,190,1.0,280.5,573,0,124,449,0,26.26,1.2563,12.5,95,da06be4-dirty
seeds_x0.8,"0.0215,0.0028,0.0032,50,100,350",2,190,2.0,280.5,574,0,125,449,0,26.41,1.2615,12.5,95,da06be4-dirty
seeds_x0.8,"0.0215,0.0028,0.0032,50,100,350",2,190,3.0,280.5,578,0,125,453,0,26.52,1.2667,12.5,95,da06be4-dirty
seeds_x0.8,"0.0215,0.0028,0.0032,50,100,350",2,190,4.0,280.5,580,0,126,454,0,26.64,1.2719,12.5,95,da06be4-dirty
seeds_x0.8,"0.0215,0.0028,0.0032,50,100,350",2,190,5.0,280.5,583,0,128,455,0,26.76,1.2771,12.5,95,da06be4-dirty
seeds_x0.8,"0.0215,0.0028,0.0032,50,100,350",2,190,6.0,280.5,587,0,129,458,0,26.83,1.2823,12.5,95,da06be4-dirty
seeds_x0.8,"0.0215,0.0028,0.0032,50,100,350",2,190,7.0,280.5,588,0,129,459,0,26.92,1.2876,12.5,95,da06be4-dirty
seeds_x0.8,"0.0215,0.0028,0.0032,50,100,350",2,190,8.0,280.5,593,0,134,459,0,26.96,1.2928,12.5,95,da06be4-dirty
seeds_x0.8,"0.0215,0.0028,0.0032,50,100,350",2,190,9.0,280.5,602,0,141,461,0,27.02,1.2981,12.5,95,da06be4-dirty
seeds_x0.8,"0.0215,0.0028,0.0032,50,100,350",2,190,10.0,280.5,614,0,149,465,0,27.34,1.3081,12.5,95,da06be4-dirty
seeds_x0.8,"0.0215,0.0028,0.0032,50,100,350",2,190,11.0,280.5,620,0,152,468,0,27.43,1.3133,12.5,95,da06be4-dirty
seeds_x0.8,"0.0215,0.0028,0.0032,50,100,350",2,190,12.0,280.5,623,0,155,468,0,27.47,1.3185,12.5,95,da06be4-dirty
seeds_x0.8,"0.0215,0.0028,0.0032,50,100,350",2,190,13.0,280.5,635,0,158,477,0,27.58,1.3237,12.5,95,da06be4-dirty
seeds_x0.8,"0.0215,0.0028,0.0032,50,100,350",2,190,14.0,280.5,643,0,159,484,0,27.78,1.3289,12.5,95,da06be4-dirty
seeds_x0.8,"0.0215,0.0028,0.0032,50,100,350",2,190,15.0,280.5,650,0,162,488,0,27.89,1.3342,12.5,95,da06be4-dirty
seeds_x0.8,"0.0215,0.0028,0.0032,50,100,350",2,190,16.0,280.5,655,0,163,492,0,28.06,1.3394,12.5,95,da06be4-dirty
seeds_x0.8,"0.0215,0.0028,0.0032,50,100,350",2,190,17.0,280.5,660,0,166,494,0,28.36,1.3446,12.5,95,da06be4-dirty
seeds_x0.8,"0.0215,0.0028,0.0032,50,100,350",2,190,18.0,280.5,667,0,168,499,0,28.63,1.3499,12.5,95,da06be4-dirty
seeds_x0.8,"0.0215,0.0028,0.0032,50,100,350",2,190,19.0,280.5,671,0,170,501,0,28.87,1.3551,12.5,95,da06be4-dirty
seeds_x0.8,"0.0215,0.0028,0.0032,50,100,350",2,190,19.9,280.5,677,0,173,504,0,29.38,1.3555,12.5,95,da06be4-dirty
seeds_x0.8,"0.0215,0.0028,0.0032,50,100,350",2,200,0.0,290.5,801,12,197,592,0,29.65,1.4952,12.5,95,da06be4-dirty
seeds_x0.8,"0.0215,0.0028,0.0032,50,100,350",2,200,1.0,290.5,807,14,198,595,0,29.78,1.4997,12.5,95,da06be4-dirty
seeds_x0.8,"0.0215,0.0028,0.0032,50,100,350",2,200,2.0,290.5,813,16,200,597,0,29.93,1.5041,12.5,95,da06be4-dirty
seeds_x0.8,"0.0215,0.0028,0.0032,50,100,350",2,200,3.0,290.5,819,18,203,598,0,30.08,1.5085,12.5,95,da06be4-dirty
seeds_x0.8,"0.0215,0.0028,0.0032,50,100,350",2,200,4.0,290.5,827,18,203,606,0,30.22,1.5129,12.5,95,da06be4-dirty
seeds_x0.8,"0.0215,0.0028,0.0032,50,100,350",2,200,5.0,290.5,833,20,205,608,0,30.35,1.5174,12.5,95,da06be4-dirty
seeds_x0.8,"0.0215,0.0028,0.0032,50,100,350",2,200,6.0,290.5,840,21,205,614,0,30.57,1.5218,12.5,95,da06be4-dirty
seeds_x0.8,"0.0215,0.0028,0.0032,50,100,350",2,200,7.0,290.5,849,22,209,618,0,30.71,1.5262,12.5,95,da06be4-dirty
seeds_x0.8,"0.0215,0.0028,0.0032,50,100,350",2,200,8.0,290.5,854,24,209,621,0,30.92,1.5307,12.5,95,da06be4-dirty
seeds_x0.8,"0.0215,0.0028,0.0032,50,100,350",2,200,9.0,290.5,859,24,212,623,0,31.09,1.5351,12.5,95,da06be4-dirty
seeds_x0.8,"0.0215,0.0028,0.0032,50,100,350",2,200,10.0,290.5,872,28,215,629,0,31.35,1.547,12.5,95,da06be4-dirty
seeds_x0.8,"0.0215,0.0028,0.0032,50,100,350",2,200,11.0,290.5,876,29,216,631,0,31.57,1.5515,12.5,95,da06be4-dirty
seeds_x0.8,"0.0215,0.0028,0.0032,50,100,350",2,200,12.0,290.5,883,30,218,635,0,31.8,1.5559,12.5,95,da06be4-dirty
seeds_x0.8,"0.0215,0.0028,0.0032,50,100,350",2,200,13.0,290.5,883,30,218,635,0,31.98,1.5604,12.5,95,da06be4-dirty
seeds_x0.8,"0.0215,0.0028,0.0032,50,100,350",2,200,14.0,290.5,888,31,219,638,0,32.16,1.5648,12.5,95,da06be4-dirty
seeds_x0.8,"0.0215,0.0028,0.0032,50,100,350",2,200,15.0,290.5,895,32,221,642,0,32.31,1.5693,12.5,95,da06be4-dirty
seeds_x0.8,"0.0215,0.0028,0.0032,50,100,350",2,200,16.0,290.5,899,32,222,645,0,32.46,1.5737,12.5,95,da06be4-dirty
seeds_x0.8,"0.0215,0.0028,0.0032,50,100,350",2,200,17.0,290.5,903,33,224,646,0,32.72,1.5782,12.5,95,da06be4-dirty
seeds_x0.8,"0.0215,0.0028,0.0032,50,100,350",2,200,18.0,290.5,904,34,224,646,0,32.91,1.5827,12.5,95,da06be4-dirty
seeds_x0.8,"0.0215,0.0028,0.0032,50,100,350",2,200,19.0,290.5,910,34,225,651,0,33.06,1.5871,12.5,95,da06be4-dirty
seeds_x0.8,"0.0215,0.0028,0.0032,50,100,350",2,200,19.9,290.5,915,35,228,652,0,33.53,1.5842,12.5,95,da06be4-dirty
seeds_x1.2,"0.0215,0.0042,0.0048,50,100,350",3,20,0.0,110.5,0,0,0,0,0,4.29,0.4845,12.5,95,da06be4-dirty
seeds_x1.2,"0.0215,0.0042,0.0048,50,100,350",3,20,1.0,110.5,0,0,0,0,0,4.42,0.4895,12.5,95,da06be4-dirty
seeds_x1.2,"0.0215,0.0042,0.0048,50,100,350",3,20,2.0,110.5,0,0,0,0,0,4.51,0.4946,12.5,95,da06be4-dirty
seeds_x1.2,"0.0215,0.0042,0.0048,50,100,350",3,20,3.0,110.5,0,0,0,0,0,4.59,0.4996,12.5,95,da06be4-dirty
seeds_x1.2,"0.0215,0.0042,0.0048,50,100,350",3,20,4.0,110.5,0,0,0,0,0,4.63,0.5046,12.5,95,da06be4-dirty
seeds_x1.2,"0.0215,0.0042,0.0048,50,100,350",3,20,5.0,110.5,0,0,0,0,0,4.72,0.5097,12.5,95,da06be4-dirty
seeds_x1.2,"0.0215,0.0042,0.0048,50,100,350",3,20,6.0,110.5,0,0,0,0,0,4.77,0.5147,12.5,95,da06be4-dirty
seeds_x1.2,"0.0215,0.0042,0.0048,50,100,350",3,20,7.0,110.5,0,0,0,0,0,4.83,0.5197,12.5,95,da06be4-dirty
seeds_x1.2,"0.0215,0.0042,0.0048,50,100,350",3,20,8.0,110.5,0,0,0,0,0,4.88,0.5248,12.5,95,da06be4-dirty
seeds_x1.2,"0.0215,0.0042,0.0048,50,100,350",3,20,9.0,110.5,0,0,0,0,0,5.11,0.5298,12.5,95,da06be4-dirty
seeds_x1.2,"0.0215,0.0042,0.0048,50,100,350",3,20,10.0,110.5,0,0,0,0,0,5.32,0.5348,12.5,95,da06be4-dirty
seeds_x1.2,"0.0215,0.0042,0.0048,50,100,350",3,20,11.0,110.5,0,0,0,0,0,5.44,0.5399,12.5,95,da06be4-dirty
seeds_x1.2,"0.0215,0.0042,0.0048,50,100,350",3,20,12.0,110.5,0,0,0,0,0,5.53,0.5449,12.5,95,da06be4-dirty
seeds_x1.2,"0.0215,0.0042,0.0048,50,100,350",3,20,13.0,110.5,0,0,0,0,0,5.62,0.5499,12.5,95,da06be4-dirty
seeds_x1.2,"0.0215,0.0042,0.0048,50,100,350",3,20,14.0,110.5,0,0,0,0,0,5.72,0.555,12.5,95,da06be4-dirty
seeds_x1.2,"0.0215,0.0042,0.0048,50,100,350",3,20,15.0,110.5,0,0,0,0,0,5.81,0.56,12.5,95,da06be4-dirty
seeds_x1.2,"0.0215,0.0042,0.0048,50,100,350",3,20,16.0,110.5,0,0,0,0,0,5.87,0.5651,12.5,95,da06be4-dirty
seeds_x1.2,"0.0215,0.0042,0.0048,50,100,350",3,20,17.0,110.5,0,0,0,0,0,5.94,0.5701,12.5,95,da06be4-dirty
seeds_x1.2,"0.0215,0.0042,0.0048,50,100,350",3,20,18.0,110.5,0,0,0,0,0,6.0,0.5752,12.5,95,da06be4-dirty
seeds_x1.2,"0.0215,0.0042,0.0048,50,100,350",3,20,19.0,110.5,0,0,0,0,0,6.04,0.5802,12.5,95,da06be4-dirty
seeds_x1.2,"0.0215,0.0042,0.0048,50,100,350",3,20,19.9,110.5,0,0,0,0,0,6.13,0.5847,12.5,95,da06be4-dirty
seeds_x1.2,"0.0215,0.0042,0.0048,50,100,350",3,30,0.0,120.5,0,0,0,0,0,4.63,0.499,12.5,95,da06be4-dirty
seeds_x1.2,"0.0215,0.0042,0.0048,50,100,350",3,30,1.0,120.5,0,0,0,0,0,4.76,0.5041,12.5,95,da06be4-dirty
seeds_x1.2,"0.0215,0.0042,0.0048,50,100,350",3,30,2.0,120.5,0,0,0,0,0,4.86,0.5093,12.5,95,da06be4-dirty
seeds_x1.2,"0.0215,0.0042,0.0048,50,100,350",3,30,3.0,120.5,0,0,0,0,0,4.96,0.5144,12.5,95,da06be4-dirty
seeds_x1.2,"0.0215,0.0042,0.0048,50,100,350",3,30,4.0,120.5,0,0,0,0,0,5.04,0.5195,12.5,95,da06be4-dirty
seeds_x1.2,"0.0215,0.0042,0.0048,50,100,350",3,30,5.0,120.5,0,0,0,0,0,5.12,0.5246,12.5,95,da06be4-dirty
seeds_x1.2,"0.0215,0.0042,0.0048,50,100,350",3,30,6.0,120.5,0,0,0,0,0,5.17,0.5297,12.5,95,da06be4-dirty
seeds_x1.2,"0.0215,0.0042,0.0048,50,100,350",3,30,7.0,120.5,0,0,0,0,0,5.24,0.5349,12.5,95,da06be4-dirty
seeds_x1.2,"0.0215,0.0042,0.0048,50,100,350",3,30,8.0,120.5,0,0,0,0,0,5.32,0.54,12.5,95,da06be4-dirty
seeds_x1.2,"0.0215,0.0042,0.0048,50,100,350",3,30,9.0,120.5,0,0,0,0,0,5.63,0.5451,12.5,95,da06be4-dirty
seeds_x1.2,"0.0215,0.0042,0.0048,50,100,350",3,30,10.0,120.5,0,0,0,0,0,5.81,0.5502,12.5,95,da06be4-dirty
seeds_x1.2,"0.0215,0.0042,0.0048,50,100,350",3,30,11.0,120.5,0,0,0,0,0,5.92,0.5554,12.5,95,da06be4-dirty
seeds_x1.2,"0.0215,0.0042,0.0048,50,100,350",3,30,12.0,120.5,0,0,0,0,0,5.99,0.5605,12.5,95,da06be4-dirty
seeds_x1.2,"0.0215,0.0042,0.0048,50,100,350",3,30,13.0,120.5,0,0,0,0,0,6.08,0.5656,12.5,95,da06be4-dirty
seeds_x1.2,"0.0215,0.0042,0.0048,50,100,350",3,30,14.0,120.5,0,0,0,0,0,6.15,0.5707,12.5,95,da06be4-dirty
seeds_x1.2,"0.0215,0.0042,0.0048,50,100,350",3,30,15.0,120.5,0,0,0,0,0,6.25,0.5759,12.5,95,da06be4-dirty
seeds_x1.2,"0.0215,0.0042,0.0048,50,100,350",3,30,16.0,120.5,0,0,0,0,0,6.32,0.581,12.5,95,da06be4-dirty
seeds_x1.2,"0.0215,0.0042,0.0048,50,100,350",3,30,17.0,120.5,0,0,0,0,0,6.36,0.5861,12.5,95,da06be4-dirty
seeds_x1.2,"0.0215,0.0042,0.0048,50,100,350",3,30,18.0,120.5,0,0,0,0,0,6.42,0.5912,12.5,95,da06be4-dirty
seeds_x1.2,"0.0215,0.0042,0.0048,50,100,350",3,30,19.0,120.5,0,0,0,0,0,6.47,0.5964,12.5,95,da06be4-dirty
seeds_x1.2,"0.0215,0.0042,0.0048,50,100,350",3,30,19.9,120.5,0,0,0,0,0,6.51,0.6009,12.5,95,da06be4-dirty
seeds_x1.2,"0.0215,0.0042,0.0048,50,100,350",3,40,0.0,130.5,0,0,0,0,0,4.77,0.5739,12.5,95,da06be4-dirty
seeds_x1.2,"0.0215,0.0042,0.0048,50,100,350",3,40,1.0,130.5,0,0,0,0,0,4.88,0.5762,12.5,95,da06be4-dirty
seeds_x1.2,"0.0215,0.0042,0.0048,50,100,350",3,40,2.0,130.5,0,0,0,0,0,4.97,0.5786,12.5,95,da06be4-dirty
seeds_x1.2,"0.0215,0.0042,0.0048,50,100,350",3,40,3.0,130.5,0,0,0,0,0,5.07,0.581,12.5,95,da06be4-dirty
seeds_x1.2,"0.0215,0.0042,0.0048,50,100,350",3,40,4.0,130.5,0,0,0,0,0,5.13,0.5834,12.5,95,da06be4-dirty
seeds_x1.2,"0.0215,0.0042,0.0048,50,100,350",3,40,5.0,130.5,0,0,0,0,0,5.2,0.5858,12.5,95,da06be4-dirty
seeds_x1.2,"0.0215,0.0042,0.0048,50,100,350",3,40,6.0,130.5,0,0,0,0,0,5.27,0.5883,12.5,95,da06be4-dirty
seeds_x1.2,"0.0215,0.0042,0.0048,50,100,350",3,40,7.0,130.5,0,0,0,0,0,5.32,0.5908,12.5,95,da06be4-dirty
seeds_x1.2,"0.0215,0.0042,0.0048,50,100,350",3,40,8.0,130.5,0,0,0,0,0,5.38,0.5933,12.5,95,da06be4-dirty
seeds_x1.2,"0.0215,0.0042,0.0048,50,100,350",3,40,9.0,130.5,0,0,0,0,0,5.63,0.5959,12.5,95,da06be4-dirty
seeds_x1.2,"0.0215,0.0042,0.0048,50,100,350",3,40,10.0,130.5,0,0,0,0,0,5.76,0.6017,12.5,95,da06be4-dirty
seeds_x1.2,"0.0215,0.0042,0.0048,50,100,350",3,40,11.0,130.5,0,0,0,0,0,5.87,0.6044,12.5,95,da06be4-dirty
seeds_x1.2,"0.0215,0.0042,0.0048,50,100,350",3,40,12.0,130.5,0,0,0,0,0,5.99,0.6071,12.5,95,da06be4-dirty
seeds_x1.2,"0.0215,0.0042,0.0048,50,100,350",3,40,13.0,130.5,0,0,0,0,0,6.06,0.6098,12.5,95,da06be4-dirty
seeds_x1.2,"0.0215,0.0042,0.0048,50,100,350",3,40,14.0,130.5,0,0,0,0,0,6.18,0.6126,12.5,95,da06be4-dirty
seeds_x1.2,"0.0215,0.0042,0.0048,50,100,350",3,40,15.0,130.5,0,0,0,0,0,6.24,0.6154,12.5,95,da06be4-dirty
seeds_x1.2,"0.0215,0.0042,0.0048,50,100,350",3,40,16.0,130.5,0,0,0,0,0,6.31,0.6182,12.5,95,da06be4-dirty
seeds_x1.2,"0.0215,0.0042,0.0048,50,100,350",3,40,17.0,130.5,0,0,0,0,0,6.39,0.6211,12.5,95,da06be4-dirty
seeds_x1.2,"0.0215,0.0042,0.0048,50,100,350",3,40,18.0,130.5,0,0,0,0,0,6.46,0.624,12.5,95,da06be4-dirty
seeds_x1.2,"0.0215,0.0042,0.0048,50,100,350",3,40,19.0,130.5,0,0,0,0,0,6.54,0.6269,12.5,95,da06be4-dirty
seeds_x1.2,"0.0215,0.0042,0.0048,50,100,350",3,40,19.9,130.5,0,0,0,0,0,6.56,0.6296,12.5,95,da06be4-dirty
seeds_x1.2,"0.0215,0.0042,0.0048,50,100,350",3,50,0.0,140.5,0,0,0,0,0,4.45,0.6568,12.5,95,da06be4-dirty
seeds_x1.2,"0.0215,0.0042,0.0048,50,100,350",3,50,1.0,140.5,0,0,0,0,0,4.58,0.6597,12.5,95,da06be4-dirty
seeds_x1.2,"0.0215,0.0042,0.0048,50,100,350",3,50,2.0,140.5,0,0,0,0,0,4.66,0.6625,12.5,95,da06be4-dirty
seeds_x1.2,"0.0215,0.0042,0.0048,50,100,350",3,50,3.0,140.5,0,0,0,0,0,4.75,0.6654,12.5,95,da06be4-dirty
seeds_x1.2,"0.0215,0.0042,0.0048,50,100,350",3,50,4.0,140.5,0,0,0,0,0,4.8,0.6684,12.5,95,da06be4-dirty
seeds_x1.2,"0.0215,0.0042,0.0048,50,100,350",3,50,5.0,140.5,0,0,0,0,0,4.87,0.6714,12.5,95,da06be4-dirty
seeds_x1.2,"0.0215,0.0042,0.0048,50,100,350",3,50,6.0,140.5,0,0,0,0,0,4.94,0.6744,12.5,95,da06be4-dirty
seeds_x1.2,"0.0215,0.0042,0.0048,50,100,350",3,50,7.0,140.5,0,0,0,0,0,4.99,0.6774,12.5,95,da06be4-dirty
seeds_x1.2,"0.0215,0.0042,0.0048,50,100,350",3,50,8.0,140.5,0,0,0,0,0,5.05,0.6804,12.5,95,da06be4-dirty
seeds_x1.2,"0.0215,0.0042,0.0048,50,100,350",3,50,9.0,140.5,0,0,0,0,0,5.31,0.6835,12.5,95,da06be4-dirty
seeds_x1.2,"0.0215,0.0042,0.0048,50,100,350",3,50,10.0,140.5,0,0,0,0,0,5.46,0.686,12.5,95,da06be4-dirty
seeds_x1.2,"0.0215,0.0042,0.0048,50,100,350",3,50,11.0,140.5,0,0,0,0,0,5.57,0.6891,12.5,95,da06be4-dirty
seeds_x1.2,"0.0215,0.0042,0.0048,50,100,350",3,50,12.0,140.5,0,0,0,0,0,5.65,0.6922,12.5,95,da06be4-dirty
seeds_x1.2,"0.0215,0.0042,0.0048,50,100,350",3,50,13.0,140.5,0,0,0,0,0,5.82,0.6954,12.5,95,da06be4-dirty
seeds_x1.2,"0.0215,0.0042,0.0048,50,100,350",3,50,14.0,140.5,0,0,0,0,0,5.96,0.6986,12.5,95,da06be4-dirty
seeds_x1.2,"0.0215,0.0042,0.0048,50,100,350",3,50,15.0,140.5,0,0,0,0,0,6.05,0.7018,12.5,95,da06be4-dirty
seeds_x1.2,"0.0215,0.0042,0.0048,50,100,350",3,50,16.0,140.5,0,0,0,0,0,6.14,0.7051,12.5,95,da06be4-dirty
seeds_x1.2,"0.0215,0.0042,0.0048,50,100,350",3,50,17.0,140.5,0,0,0,0,0,6.24,0.7084,12.5,95,da06be4-dirty
seeds_x1.2,"0.0215,0.0042,0.0048,50,100,350",3,50,18.0,140.5,0,0,0,0,0,6.33,0.7117,12.5,95,da06be4-dirty
seeds_x1.2,"0.0215,0.0042,0.0048,50,100,350",3,50,19.0,140.5,0,0,0,0,0,6.41,0.715,12.5,95,da06be4-dirty
seeds_x1.2,"0.0215,0.0042,0.0048,50,100,350",3,50,19.9,140.5,0,0,0,0,0,6.49,0.718,12.5,95,da06be4-dirty
seeds_x1.2,"0.0215,0.0042,0.0048,50,100,350",3,60,0.0,150.5,0,0,0,0,0,4.61,0.7312,12.5,95,da06be4-dirty
seeds_x1.2,"0.0215,0.0042,0.0048,50,100,350",3,60,1.0,150.5,0,0,0,0,0,4.74,0.7345,12.5,95,da06be4-dirty
seeds_x1.2,"0.0215,0.0042,0.0048,50,100,350",3,60,2.0,150.5,0,0,0,0,0,4.83,0.7378,12.5,95,da06be4-dirty
seeds_x1.2,"0.0215,0.0042,0.0048,50,100,350",3,60,3.0,150.5,0,0,0,0,0,4.92,0.7412,12.5,95,da06be4-dirty
seeds_x1.2,"0.0215,0.0042,0.0048,50,100,350",3,60,4.0,150.5,0,0,0,0,0,4.98,0.7446,12.5,95,da06be4-dirty
seeds_x1.2,"0.0215,0.0042,0.0048,50,100,350",3,60,5.0,150.5,0,0,0,0,0,5.04,0.748,12.5,95,da06be4-dirty
seeds_x1.2,"0.0215,0.0042,0.0048,50,100,350",3,60,6.0,150.5,0,0,0,0,0,5.07,0.7514,12.5,95,da06be4-dirty
seeds_x1.2,"0.0215,0.0042,0.0048,50,100,350",3,60,7.0,150.5,0,0,0,0,0,5.13,0.7549,12.5,95,da06be4-dirty
seeds_x1.2,"0.0215,0.0042,0.0048,50,100,350",3,60,8.0,150.5,0,0,0,0,0,5.19,0.7584,12.5,95,da06be4-dirty
seeds_x1.2,"0.0215,0.0042,0.0048,50,100,350",3,60,9.0,150.5,0,0,0,0,0,5.46,0.7619,12.5,95,da06be4-dirty
seeds_x1.2,"0.0215,0.0042,0.0048,50,100,350",3,60,10.0,150.5,0,0,0,0,0,5.62,0.7612,12.5,95,da06be4-dirty
seeds_x1.2,"0.0215,0.0042,0.0048,50,100,350",3,60,11.0,150.5,0,0,0,0,0,5.72,0.7647,12.5,95,da06be4-dirty
seeds_x1.2,"0.0215,0.0042,0.0048,50,100,350",3,60,12.0,150.5,0,0,0,0,0,5.81,0.7682,12.5,95,da06be4-dirty
seeds_x1.2,"0.0215,0.0042,0.0048,50,100,350",3,60,13.0,150.5,0,0,0,0,0,5.88,0.7718,12.5,95,da06be4-dirty
seeds_x1.2,"0.0215,0.0042,0.0048,50,100,350",3,60,14.0,150.5,0,0,0,0,0,6.0,0.7754,12.5,95,da06be4-dirty
seeds_x1.2,"0.0215,0.0042,0.0048,50,100,350",3,60,15.0,150.5,0,0,0,0,0,6.06,0.779,12.5,95,da06be4-dirty
seeds_x1.2,"0.0215,0.0042,0.0048,50,100,350",3,60,16.0,150.5,0,0,0,0,0,6.14,0.7826,12.5,95,da06be4-dirty
seeds_x1.2,"0.0215,0.0042,0.0048,50,100,350",3,60,17.0,150.5,0,0,0,0,0,6.27,0.7862,12.5,95,da06be4-dirty
seeds_x1.2,"0.0215,0.0042,0.0048,50,100,350",3,60,18.0,150.5,0,0,0,0,0,6.39,0.7899,12.5,95,da06be4-dirty
seeds_x1.2,"0.0215,0.0042,0.0048,50,100,350",3,60,19.0,150.5,0,0,0,0,0,6.48,0.7936,12.5,95,da06be4-dirty
seeds_x1.2,"0.0215,0.0042,0.0048,50,100,350",3,60,19.9,150.5,0,0,0,0,0,6.62,0.7969,12.5,95,da06be4-dirty
seeds_x1.2,"0.0215,0.0042,0.0048,50,100,350",3,70,0.0,160.5,0,0,0,0,0,5.13,0.7933,12.5,95,da06be4-dirty
seeds_x1.2,"0.0215,0.0042,0.0048,50,100,350",3,70,1.0,160.5,0,0,0,0,0,5.23,0.797,12.5,95,da06be4-dirty
seeds_x1.2,"0.0215,0.0042,0.0048,50,100,350",3,70,2.0,160.5,3,0,0,0,3,5.34,0.8007,12.5,95,da06be4-dirty
seeds_x1.2,"0.0215,0.0042,0.0048,50,100,350",3,70,3.0,160.5,8,0,0,0,8,5.44,0.8044,12.5,95,da06be4-dirty
seeds_x1.2,"0.0215,0.0042,0.0048,50,100,350",3,70,4.0,160.5,11,0,0,0,11,5.51,0.8082,12.5,95,da06be4-dirty
seeds_x1.2,"0.0215,0.0042,0.0048,50,100,350",3,70,5.0,160.5,14,0,0,0,14,5.59,0.812,12.5,95,da06be4-dirty
seeds_x1.2,"0.0215,0.0042,0.0048,50,100,350",3,70,6.0,160.5,15,0,0,0,15,5.63,0.8158,12.5,95,da06be4-dirty
seeds_x1.2,"0.0215,0.0042,0.0048,50,100,350",3,70,7.0,160.5,17,0,0,0,17,5.69,0.8196,12.5,95,da06be4-dirty
seeds_x1.2,"0.0215,0.0042,0.0048,50,100,350",3,70,8.0,160.5,18,0,0,0,18,5.76,0.8235,12.5,95,da06be4-dirty
seeds_x1.2,"0.0215,0.0042,0.0048,50,100,350",3,70,9.0,160.5,20,1,0,0,19,6.02,0.8274,12.5,95,da06be4-dirty
seeds_x1.2,"0.0215,0.0042,0.0048,50,100,350",3,70,10.0,160.5,19,0,0,0,19,6.18,0.8232,12.5,95,da06be4-dirty
seeds_x1.2,"0.0215,0.0042,0.0048,50,100,350",3,70,11.0,160.5,20,0,0,0,20,6.27,0.8271,12.5,95,da06be4-dirty
seeds_x1.2,"0.0215,0.0042,0.0048,50,100,350",3,70,12.0,160.5,22,1,0,0,21,6.37,0.8309,12.5,95,da06be4-dirty
seeds_x1.2,"0.0215,0.0042,0.0048,50,100,350",3,70,13.0,160.5,23,1,0,0,22,6.48,0.8348,12.5,95,da06be4-dirty
seeds_x1.2,"0.0215,0.0042,0.0048,50,100,350",3,70,14.0,160.5,24,1,0,0,23,6.58,0.8387,12.5,95,da06be4-dirty
seeds_x1.2,"0.0215,0.0042,0.0048,50,100,350",3,70,15.0,160.5,25,2,0,0,23,6.66,0.8426,12.5,95,da06be4-dirty
seeds_x1.2,"0.0215,0.0042,0.0048,50,100,350",3,70,16.0,160.5,26,2,0,0,24,6.75,0.8466,12.5,95,da06be4-dirty
seeds_x1.2,"0.0215,0.0042,0.0048,50,100,350",3,70,17.0,160.5,27,2,0,0,25,6.79,0.8505,12.5,95,da06be4-dirty
seeds_x1.2,"0.0215,0.0042,0.0048,50,100,350",3,70,18.0,160.5,29,3,0,0,26,6.88,0.8545,12.5,95,da06be4-dirty
seeds_x1.2,"0.0215,0.0042,0.0048,50,100,350",3,70,19.0,160.5,29,3,0,0,26,6.94,0.8585,12.5,95,da06be4-dirty
seeds_x1.2,"0.0215,0.0042,0.0048,50,100,350",3,70,19.9,160.5,30,3,0,0,27,7.09,0.862,12.5,95,da06be4-dirty
seeds_x1.2,"0.0215,0.0042,0.0048,50,100,350",3,80,0.0,170.5,25,3,0,0,22,5.78,0.8448,12.5,95,da06be4-dirty
seeds_x1.2,"0.0215,0.0042,0.0048,50,100,350",3,80,1.0,170.5,26,3,0,0,23,5.87,0.8488,12.5,95,da06be4-dirty
seeds_x1.2,"0.0215,0.0042,0.0048,50,100,350",3,80,2.0,170.5,27,3,0,0,24,5.96,0.8528,12.5,95,da06be4-dirty
seeds_x1.2,"0.0215,0.0042,0.0048,50,100,350",3,80,3.0,170.5,28,4,0,0,24,6.05,0.8569,12.5,95,da06be4-dirty
seeds_x1.2,"0.0215,0.0042,0.0048,50,100,350",3,80,4.0,170.5,29,4,0,0,25,6.09,0.8609,12.5,95,da06be4-dirty
seeds_x1.2,"0.0215,0.0042,0.0048,50,100,350",3,80,5.0,170.5,30,4,0,0,26,6.15,0.865,12.5,95,da06be4-dirty
seeds_x1.2,"0.0215,0.0042,0.0048,50,100,350",3,80,6.0,170.5,31,5,0,0,26,6.2,0.8692,12.5,95,da06be4-dirty
seeds_x1.2,"0.0215,0.0042,0.0048,50,100,350",3,80,7.0,170.5,32,5,0,0,27,6.24,0.8733,12.5,95,da06be4-dirty
seeds_x1.2,"0.0215,0.0042,0.0048,50,100,350",3,80,8.0,170.5,33,5,0,0,28,6.28,0.8775,12.5,95,da06be4-dirty
seeds_x1.2,"0.0215,0.0042,0.0048,50,100,350",3,80,9.0,170.5,33,5,0,0,28,6.54,0.8816,12.5,95,da06be4-dirty
seeds_x1.2,"0.0215,0.0042,0.0048,50,100,350",3,80,10.0,170.5,32,4,0,0,28,6.69,0.8765,12.5,95,da06be4-dirty
seeds_x1.2,"0.0215,0.0042,0.0048,50,100,350",3,80,11.0,170.5,33,4,0,0,29,6.8,0.8806,12.5,95,da06be4-dirty
seeds_x1.2,"0.0215,0.0042,0.0048,50,100,350",3,80,12.0,170.5,35,5,0,0,30,6.88,0.8848,12.5,95,da06be4-dirty
seeds_x1.2,"0.0215,0.0042,0.0048,50,100,350",3,80,13.0,170.5,35,5,0,0,30,6.97,0.889,12.5,95,da06be4-dirty
seeds_x1.2,"0.0215,0.0042,0.0048,50,100,350",3,80,14.0,170.5,36,5,0,0,31,7.04,0.8931,12.5,95,da06be4-dirty
seeds_x1.2,"0.0215,0.0042,0.0048,50,100,350",3,80,15.0,170.5,36,5,0,0,31,7.14,0.8974,12.5,95,da06be4-dirty
seeds_x1.2,"0.0215,0.0042,0.0048,50,100,350",3,80,16.0,170.5,47,6,0,0,41,7.18,0.9016,12.5,95,da06be4-dirty
seeds_x1.2,"0.0215,0.0042,0.0048,50,100,350",3,80,17.0,170.5,52,6,0,0,46,7.24,0.9058,12.5,95,da06be4-dirty
seeds_x1.2,"0.0215,0.0042,0.0048,50,100,350",3,80,18.0,170.5,56,6,0,0,50,7.33,0.9101,12.5,95,da06be4-dirty
seeds_x1.2,"0.0215,0.0042,0.0048,50,100,350",3,80,19.0,170.5,58,6,0,0,52,7.38,0.9144,12.5,95,da06be4-dirty
seeds_x1.2,"0.0215,0.0042,0.0048,50,100,350",3,80,19.9,170.5,60,6,0,0,54,7.47,0.918,12.5,95,da06be4-dirty
seeds_x1.2,"0.0215,0.0042,0.0048,50,100,350",3,90,0.0,180.5,56,6,0,0,50,6.35,0.8942,12.5,95,da06be4-dirty
seeds_x1.2,"0.0215,0.0042,0.0048,50,100,350",3,90,1.0,180.5,60,7,0,0,53,6.46,0.8985,12.5,95,da06be4-dirty
seeds_x1.2,"0.0215,0.0042,0.0048,50,100,350",3,90,2.0,180.5,61,7,0,0,54,6.57,0.9028,12.5,95,da06be4-dirty
seeds_x1.2,"0.0215,0.0042,0.0048,50,100,350",3,90,3.0,180.5,63,7,0,0,56,6.66,0.9072,12.5,95,da06be4-dirty
seeds_x1.2,"0.0215,0.0042,0.0048,50,100,350",3,90,4.0,180.5,65,7,0,0,58,6.71,0.9116,12.5,95,da06be4-dirty
seeds_x1.2,"0.0215,0.0042,0.0048,50,100,350",3,90,5.0,180.5,68,8,0,0,60,6.79,0.916,12.5,95,da06be4-dirty
seeds_x1.2,"0.0215,0.0042,0.0048,50,100,350",3,90,6.0,180.5,68,8,0,0,60,6.83,0.9204,12.5,95,da06be4-dirty
seeds_x1.2,"0.0215,0.0042,0.0048,50,100,350",3,90,7.0,180.5,71,8,0,0,63,6.92,0.9248,12.5,95,da06be4-dirty
seeds_x1.2,"0.0215,0.0042,0.0048,50,100,350",3,90,8.0,180.5,72,8,0,0,64,6.96,0.9293,12.5,95,da06be4-dirty
seeds_x1.2,"0.0215,0.0042,0.0048,50,100,350",3,90,9.0,180.5,74,8,0,0,66,7.21,0.9337,12.5,95,da06be4-dirty
seeds_x1.2,"0.0215,0.0042,0.0048,50,100,350",3,90,10.0,180.5,75,7,0,0,68,7.36,0.929,12.5,95,da06be4-dirty
seeds_x1.2,"0.0215,0.0042,0.0048,50,100,350",3,90,11.0,180.5,76,7,0,0,69,7.45,0.9335,12.5,95,da06be4-dirty
seeds_x1.2,"0.0215,0.0042,0.0048,50,100,350",3,90,12.0,180.5,78,8,0,0,70,7.57,0.9379,12.5,95,da06be4-dirty
seeds_x1.2,"0.0215,0.0042,0.0048,50,100,350",3,90,13.0,180.5,80,8,0,0,72,7.65,0.9424,12.5,95,da06be4-dirty
seeds_x1.2,"0.0215,0.0042,0.0048,50,100,350",3,90,14.0,180.5,81,8,0,0,73,7.74,0.9469,12.5,95,da06be4-dirty
seeds_x1.2,"0.0215,0.0042,0.0048,50,100,350",3,90,15.0,180.5,82,8,0,0,74,7.81,0.9514,12.5,95,da06be4-dirty
seeds_x1.2,"0.0215,0.0042,0.0048,50,100,350",3,90,16.0,180.5,84,8,0,0,76,7.89,0.9559,12.5,95,da06be4-dirty
seeds_x1.2,"0.0215,0.0042,0.0048,50,100,350",3,90,17.0,180.5,85,8,0,0,77,7.97,0.9604,12.5,95,da06be4-dirty
seeds_x1.2,"0.0215,0.0042,0.0048,50,100,350",3,90,18.0,180.5,88,9,0,0,79,8.03,0.965,12.5,95,da06be4-dirty
seeds_x1.2,"0.0215,0.0042,0.0048,50,100,350",3,90,19.0,180.5,89,9,0,0,80,8.08,0.9695,12.5,95,da06be4-dirty
seeds_x1.2,"0.0215,0.0042,0.0048,50,100,350",3,90,19.9,180.5,89,9,0,0,80,8.23,0.9734,12.5,95,da06be4-dirty
seeds_x1.2,"0.0215,0.0042,0.0048,50,100,350",3,100,0.0,190.5,86,11,0,0,75,6.87,0.9488,12.5,95,da06be4-dirty
seeds_x1.2,"0.0215,0.0042,0.0048,50,100,350",3,100,1.0,190.5,87,11,0,0,76,6.97,0.9534,12.5,95,da06be4-dirty
seeds_x1.2,"0.0215,0.0042,0.0048,50,100,350",3,100,2.0,190.5,88,11,0,0,77,7.04,0.9581,12.5,95,da06be4-dirty
seeds_x1.2,"0.0215,0.0042,0.0048,50,100,350",3,100,3.0,190.5,89,11,0,0,78,7.14,0.9627,12.5,95,da06be4-dirty
seeds_x1.2,"0.0215,0.0042,0.0048,50,100,350",3,100,4.0,190.5,89,11,0,0,78,7.2,0.9674,12.5,95,da06be4-dirty
seeds_x1.2,"0.0215,0.0042,0.0048,50,100,350",3,100,5.0,190.5,91,11,0,0,80,7.27,0.9721,12.5,95,da06be4-dirty
seeds_x1.2,"0.0215,0.0042,0.0048,50,100,350",3,100,6.0,190.5,92,11,0,0,81,7.31,0.9768,12.5,95,da06be4-dirty
seeds_x1.2,"0.0215,0.0042,0.0048,50,100,350",3,100,7.0,190.5,95,12,0,0,83,7.37,0.9815,12.5,95,da06be4-dirty
seeds_x1.2,"0.0215,0.0042,0.0048,50,100,350",3,100,8.0,190.5,95,12,0,0,83,7.4,0.9863,12.5,95,da06be4-dirty
seeds_x1.2,"0.0215,0.0042,0.0048,50,100,350",3,100,9.0,190.5,96,12,0,0,84,7.66,0.991,12.5,95,da06be4-dirty
seeds_x1.2,"0.0215,0.0042,0.0048,50,100,350",3,100,10.0,190.5,96,11,0,0,85,7.79,0.9873,12.5,95,da06be4-dirty
seeds_x1.2,"0.0215,0.0042,0.0048,50,100,350",3,100,11.0,190.5,97,11,0,0,86,7.92,0.992,12.5,95,da06be4-dirty
seeds_x1.2,"0.0215,0.0042,0.0048,50,100,350",3,100,12.0,190.5,98,11,0,0,87,7.99,0.9968,12.5,95,da06be4-dirty
seeds_x1.2,"0.0215,0.0042,0.0048,50,100,350",3,100,13.0,190.5,100,11,0,0,89,8.07,1.0015,12.5,95,da06be4-dirty
seeds_x1.2,"0.0215,0.0042,0.0048,50,100,350",3,100,14.0,190.5,101,11,0,0,90,8.2,1.0063,12.5,95,da06be4-dirty
seeds_x1.2,"0.0215,0.0042,0.0048,50,100,350",3,100,15.0,190.5,103,12,0,0,91,8.27,1.0111,12.5,95,da06be4-dirty
seeds_x1.2,"0.0215,0.0042,0.0048,50,100,350",3,100,16.0,190.5,103,12,0,0,91,8.33,1.0159,12.5,95,da06be4-dirty
seeds_x1.2,"0.0215,0.0042,0.0048,50,100,350",3,100,17.0,190.5,105,12,0,0,93,8.38,1.0207,12.5,95,da06be4-dirty
seeds_x1.2,"0.0215,0.0042,0.0048,50,100,350",3,100,18.0,190.5,105,12,0,0,93,8.45,1.0255,12.5,95,da06be4-dirty
seeds_x1.2,"0.0215,0.0042,0.0048,50,100,350",3,100,19.0,190.5,105,12,0,0,93,8.52,1.0304,12.5,95,da06be4-dirty
seeds_x1.2,"0.0215,0.0042,0.0048,50,100,350",3,100,19.9,190.5,106,12,0,0,94,8.62,1.0345,12.5,95,da06be4-dirty
seeds_x1.2,"0.0215,0.0042,0.0048,50,100,350",2,60,0.0,150.5,0,0,0,0,0,4.86,0.4398,12.5,95,da06be4-dirty
seeds_x1.2,"0.0215,0.0042,0.0048,50,100,350",2,60,1.0,150.5,0,0,0,0,0,4.93,0.4446,12.5,95,da06be4-dirty
seeds_x1.2,"0.0215,0.0042,0.0048,50,100,350",2,60,2.0,150.5,0,0,0,0,0,4.98,0.4494,12.5,95,da06be4-dirty
seeds_x1.2,"0.0215,0.0042,0.0048,50,100,350",2,60,3.0,150.5,0,0,0,0,0,5.02,0.4543,12.5,95,da06be4-dirty
seeds_x1.2,"0.0215,0.0042,0.0048,50,100,350",2,60,4.0,150.5,0,0,0,0,0,5.06,0.4591,12.5,95,da06be4-dirty
seeds_x1.2,"0.0215,0.0042,0.0048,50,100,350",2,60,5.0,150.5,0,0,0,0,0,5.11,0.4639,12.5,95,da06be4-dirty
seeds_x1.2,"0.0215,0.0042,0.0048,50,100,350",2,60,6.0,150.5,0,0,0,0,0,5.15,0.4688,12.5,95,da06be4-dirty
seeds_x1.2,"0.0215,0.0042,0.0048,50,100,350",2,60,7.0,150.5,0,0,0,0,0,5.22,0.4736,12.5,95,da06be4-dirty
seeds_x1.2,"0.0215,0.0042,0.0048,50,100,350",2,60,8.0,150.5,0,0,0,0,0,5.25,0.4784,12.5,95,da06be4-dirty
seeds_x1.2,"0.0215,0.0042,0.0048,50,100,350",2,60,9.0,150.5,0,0,0,0,0,5.27,0.4833,12.5,95,da06be4-dirty
seeds_x1.2,"0.0215,0.0042,0.0048,50,100,350",2,60,10.0,150.5,0,0,0,0,0,5.34,0.4881,12.5,95,da06be4-dirty
seeds_x1.2,"0.0215,0.0042,0.0048,50,100,350",2,60,11.0,150.5,0,0,0,0,0,5.43,0.493,12.5,95,da06be4-dirty
seeds_x1.2,"0.0215,0.0042,0.0048,50,100,350",2,60,12.0,150.5,0,0,0,0,0,5.53,0.4978,12.5,95,da06be4-dirty
seeds_x1.2,"0.0215,0.0042,0.0048,50,100,350",2,60,13.0,150.5,0,0,0,0,0,5.58,0.5027,12.5,95,da06be4-dirty
seeds_x1.2,"0.0215,0.0042,0.0048,50,100,350",2,60,14.0,150.5,0,0,0,0,0,5.65,0.5075,12.5,95,da06be4-dirty
seeds_x1.2,"0.0215,0.0042,0.0048,50,100,350",2,60,15.0,150.5,0,0,0,0,0,5.74,0.5124,12.5,95,da06be4-dirty
seeds_x1.2,"0.0215,0.0042,0.0048,50,100,350",2,60,16.0,150.5,0,0,0,0,0,5.82,0.5172,12.5,95,da06be4-dirty
seeds_x1.2,"0.0215,0.0042,0.0048,50,100,350",2,60,17.0,150.5,0,0,0,0,0,5.89,0.5221,12.5,95,da06be4-dirty
seeds_x1.2,"0.0215,0.0042,0.0048,50,100,350",2,60,18.0,150.5,0,0,0,0,0,5.97,0.527,12.5,95,da06be4-dirty
seeds_x1.2,"0.0215,0.0042,0.0048,50,100,350",2,60,19.0,150.5,0,0,0,0,0,6.06,0.5318,12.5,95,da06be4-dirty
seeds_x1.2,"0.0215,0.0042,0.0048,50,100,350",2,60,19.9,150.5,0,0,0,0,0,6.14,0.5362,12.5,95,da06be4-dirty
seeds_x1.2,"0.0215,0.0042,0.0048,50,100,350",2,70,0.0,160.5,0,0,0,0,0,5.23,0.4399,12.5,95,da06be4-dirty
seeds_x1.2,"0.0215,0.0042,0.0048,50,100,350",2,70,1.0,160.5,0,0,0,0,0,5.29,0.4447,12.5,95,da06be4-dirty
seeds_x1.2,"0.0215,0.0042,0.0048,50,100,350",2,70,2.0,160.5,0,0,0,0,0,5.37,0.4495,12.5,95,da06be4-dirty
seeds_x1.2,"0.0215,0.0042,0.0048,50,100,350",2,70,3.0,160.5,0,0,0,0,0,5.43,0.4543,12.5,95,da06be4-dirty
seeds_x1.2,"0.0215,0.0042,0.0048,50,100,350",2,70,4.0,160.5,0,0,0,0,0,5.46,0.4591,12.5,95,da06be4-dirty
seeds_x1.2,"0.0215,0.0042,0.0048,50,100,350",2,70,5.0,160.5,0,0,0,0,0,5.53,0.464,12.5,95,da06be4-dirty
seeds_x1.2,"0.0215,0.0042,0.0048,50,100,350",2,70,6.0,160.5,0,0,0,0,0,5.6,0.4688,12.5,95,da06be4-dirty
seeds_x1.2,"0.0215,0.0042,0.0048,50,100,350",2,70,7.0,160.5,0,0,0,0,0,5.66,0.4737,12.5,95,da06be4-dirty
seeds_x1.2,"0.0215,0.0042,0.0048,50,100,350",2,70,8.0,160.5,0,0,0,0,0,5.69,0.4785,12.5,95,da06be4-dirty
seeds_x1.2,"0.0215,0.0042,0.0048,50,100,350",2,70,9.0,160.5,0,0,0,0,0,5.72,0.4833,12.5,95,da06be4-dirty
seeds_x1.2,"0.0215,0.0042,0.0048,50,100,350",2,70,10.0,160.5,0,0,0,0,0,5.79,0.4882,12.5,95,da06be4-dirty
seeds_x1.2,"0.0215,0.0042,0.0048,50,100,350",2,70,11.0,160.5,0,0,0,0,0,5.82,0.493,12.5,95,da06be4-dirty
seeds_x1.2,"0.0215,0.0042,0.0048,50,100,350",2,70,12.0,160.5,0,0,0,0,0,5.87,0.4979,12.5,95,da06be4-dirty
seeds_x1.2,"0.0215,0.0042,0.0048,50,100,350",2,70,13.0,160.5,0,0,0,0,0,5.91,0.5027,12.5,95,da06be4-dirty
seeds_x1.2,"0.0215,0.0042,0.0048,50,100,350",2,70,14.0,160.5,0,0,0,0,0,5.97,0.5076,12.5,95,da06be4-dirty
seeds_x1.2,"0.0215,0.0042,0.0048,50,100,350",2,70,15.0,160.5,0,0,0,0,0,6.03,0.5124,12.5,95,da06be4-dirty
seeds_x1.2,"0.0215,0.0042,0.0048,50,100,350",2,70,16.0,160.5,0,0,0,0,0,6.08,0.5173,12.5,95,da06be4-dirty
seeds_x1.2,"0.0215,0.0042,0.0048,50,100,350",2,70,17.0,160.5,0,0,0,0,0,6.17,0.5222,12.5,95,da06be4-dirty
seeds_x1.2,"0.0215,0.0042,0.0048,50,100,350",2,70,18.0,160.5,0,0,0,0,0,6.23,0.527,12.5,95,da06be4-dirty
seeds_x1.2,"0.0215,0.0042,0.0048,50,100,350",2,70,19.0,160.5,0,0,0,0,0,6.28,0.5319,12.5,95,da06be4-dirty
seeds_x1.2,"0.0215,0.0042,0.0048,50,100,350",2,70,19.9,160.5,0,0,0,0,0,6.36,0.5363,12.5,95,da06be4-dirty
seeds_x1.2,"0.0215,0.0042,0.0048,50,100,350",2,80,0.0,170.5,0,0,0,0,0,5.54,0.4398,12.5,95,da06be4-dirty
seeds_x1.2,"0.0215,0.0042,0.0048,50,100,350",2,80,1.0,170.5,0,0,0,0,0,5.59,0.4447,12.5,95,da06be4-dirty
seeds_x1.2,"0.0215,0.0042,0.0048,50,100,350",2,80,2.0,170.5,0,0,0,0,0,5.64,0.4495,12.5,95,da06be4-dirty
seeds_x1.2,"0.0215,0.0042,0.0048,50,100,350",2,80,3.0,170.5,0,0,0,0,0,5.69,0.4543,12.5,95,da06be4-dirty
seeds_x1.2,"0.0215,0.0042,0.0048,50,100,350",2,80,4.0,170.5,0,0,0,0,0,5.75,0.4591,12.5,95,da06be4-dirty
seeds_x1.2,"0.0215,0.0042,0.0048,50,100,350",2,80,5.0,170.5,0,0,0,0,0,5.79,0.464,12.5,95,da06be4-dirty
seeds_x1.2,"0.0215,0.0042,0.0048,50,100,350",2,80,6.0,170.5,0,0,0,0,0,5.83,0.4688,12.5,95,da06be4-dirty
seeds_x1.2,"0.0215,0.0042,0.0048,50,100,350",2,80,7.0,170.5,0,0,0,0,0,5.89,0.4736,12.5,95,da06be4-dirty
seeds_x1.2,"0.0215,0.0042,0.0048,50,100,350",2,80,8.0,170.5,0,0,0,0,0,5.92,0.4785,12.5,95,da06be4-dirty
seeds_x1.2,"0.0215,0.0042,0.0048,50,100,350",2,80,9.0,170.5,0,0,0,0,0,5.95,0.4833,12.5,95,da06be4-dirty
seeds_x1.2,"0.0215,0.0042,0.0048,50,100,350",2,80,10.0,170.5,0,0,0,0,0,6.0,0.4882,12.5,95,da06be4-dirty
seeds_x1.2,"0.0215,0.0042,0.0048,50,100,350",2,80,11.0,170.5,0,0,0,0,0,6.05,0.493,12.5,95,da06be4-dirty
seeds_x1.2,"0.0215,0.0042,0.0048,50,100,350",2,80,12.0,170.5,0,0,0,0,0,6.07,0.4979,12.5,95,da06be4-dirty
seeds_x1.2,"0.0215,0.0042,0.0048,50,100,350",2,80,13.0,170.5,0,0,0,0,0,6.12,0.5027,12.5,95,da06be4-dirty
seeds_x1.2,"0.0215,0.0042,0.0048,50,100,350",2,80,14.0,170.5,0,0,0,0,0,6.15,0.5076,12.5,95,da06be4-dirty
seeds_x1.2,"0.0215,0.0042,0.0048,50,100,350",2,80,15.0,170.5,0,0,0,0,0,6.2,0.5124,12.5,95,da06be4-dirty
seeds_x1.2,"0.0215,0.0042,0.0048,50,100,350",2,80,16.0,170.5,0,0,0,0,0,6.28,0.5173,12.5,95,da06be4-dirty
seeds_x1.2,"0.0215,0.0042,0.0048,50,100,350",2,80,17.0,170.5,0,0,0,0,0,6.34,0.5221,12.5,95,da06be4-dirty
seeds_x1.2,"0.0215,0.0042,0.0048,50,100,350",2,80,18.0,170.5,0,0,0,0,0,6.42,0.527,12.5,95,da06be4-dirty
seeds_x1.2,"0.0215,0.0042,0.0048,50,100,350",2,80,19.0,170.5,0,0,0,0,0,6.47,0.5319,12.5,95,da06be4-dirty
seeds_x1.2,"0.0215,0.0042,0.0048,50,100,350",2,80,19.9,170.5,0,0,0,0,0,6.54,0.5363,12.5,95,da06be4-dirty
seeds_x1.2,"0.0215,0.0042,0.0048,50,100,350",2,90,0.0,180.5,0,0,0,0,0,5.92,0.4398,12.5,95,da06be4-dirty
seeds_x1.2,"0.0215,0.0042,0.0048,50,100,350",2,90,1.0,180.5,0,0,0,0,0,5.98,0.4446,12.5,95,da06be4-dirty
seeds_x1.2,"0.0215,0.0042,0.0048,50,100,350",2,90,2.0,180.5,0,0,0,0,0,6.05,0.4494,12.5,95,da06be4-dirty
seeds_x1.2,"0.0215,0.0042,0.0048,50,100,350",2,90,3.0,180.5,0,0,0,0,0,6.12,0.4543,12.5,95,da06be4-dirty
seeds_x1.2,"0.0215,0.0042,0.0048,50,100,350",2,90,4.0,180.5,0,0,0,0,0,6.16,0.4591,12.5,95,da06be4-dirty
seeds_x1.2,"0.0215,0.0042,0.0048,50,100,350",2,90,5.0,180.5,0,0,0,0,0,6.22,0.4639,12.5,95,da06be4-dirty
seeds_x1.2,"0.0215,0.0042,0.0048,50,100,350",2,90,6.0,180.5,0,0,0,0,0,6.28,0.4687,12.5,95,da06be4-dirty
seeds_x1.2,"0.0215,0.0042,0.0048,50,100,350",2,90,7.0,180.5,0,0,0,0,0,6.36,0.4736,12.5,95,da06be4-dirty
seeds_x1.2,"0.0215,0.0042,0.0048,50,100,350",2,90,8.0,180.5,0,0,0,0,0,6.39,0.4784,12.5,95,da06be4-dirty
seeds_x1.2,"0.0215,0.0042,0.0048,50,100,350",2,90,9.0,180.5,0,0,0,0,0,6.4,0.4833,12.5,95,da06be4-dirty
seeds_x1.2,"0.0215,0.0042,0.0048,50,100,350",2,90,10.0,180.5,0,0,0,0,0,6.56,0.4881,12.5,95,da06be4-dirty
seeds_x1.2,"0.0215,0.0042,0.0048,50,100,350",2,90,11.0,180.5,0,0,0,0,0,6.62,0.493,12.5,95,da06be4-dirty
seeds_x1.2,"0.0215,0.0042,0.0048,50,100,350",2,90,12.0,180.5,0,0,0,0,0,6.64,0.4978,12.5,95,da06be4-dirty
seeds_x1.2,"0.0215,0.0042,0.0048,50,100,350",2,90,13.0,180.5,0,0,0,0,0,6.67,0.5027,12.5,95,da06be4-dirty
seeds_x1.2,"0.0215,0.0042,0.0048,50,100,350",2,90,14.0,180.5,0,0,0,0,0,6.75,0.5075,12.5,95,da06be4-dirty
seeds_x1.2,"0.0215,0.0042,0.0048,50,100,350",2,90,15.0,180.5,0,0,0,0,0,6.77,0.5124,12.5,95,da06be4-dirty
seeds_x1.2,"0.0215,0.0042,0.0048,50,100,350",2,90,16.0,180.5,0,0,0,0,0,6.96,0.5172,12.5,95,da06be4-dirty
seeds_x1.2,"0.0215,0.0042,0.0048,50,100,350",2,90,17.0,180.5,0,0,0,0,0,7.11,0.5221,12.5,95,da06be4-dirty
seeds_x1.2,"0.0215,0.0042,0.0048,50,100,350",2,90,18.0,180.5,0,0,0,0,0,7.24,0.527,12.5,95,da06be4-dirty
seeds_x1.2,"0.0215,0.0042,0.0048,50,100,350",2,90,19.0,180.5,0,0,0,0,0,7.34,0.5318,12.5,95,da06be4-dirty
seeds_x1.2,"0.0215,0.0042,0.0048,50,100,350",2,90,19.9,180.5,0,0,0,0,0,7.43,0.5362,12.5,95,da06be4-dirty
seeds_x1.2,"0.0215,0.0042,0.0048,50,100,350",2,100,0.0,190.5,0,0,0,0,0,6.6,0.4397,12.5,95,da06be4-dirty
seeds_x1.2,"0.0215,0.0042,0.0048,50,100,350",2,100,1.0,190.5,0,0,0,0,0,6.66,0.4446,12.5,95,da06be4-dirty
seeds_x1.2,"0.0215,0.0042,0.0048,50,100,350",2,100,2.0,190.5,0,0,0,0,0,6.72,0.4494,12.5,95,da06be4-dirty
seeds_x1.2,"0.0215,0.0042,0.0048,50,100,350",2,100,3.0,190.5,0,0,0,0,0,6.77,0.4542,12.5,95,da06be4-dirty
seeds_x1.2,"0.0215,0.0042,0.0048,50,100,350",2,100,4.0,190.5,0,0,0,0,0,6.84,0.459,12.5,95,da06be4-dirty
seeds_x1.2,"0.0215,0.0042,0.0048,50,100,350",2,100,5.0,190.5,0,0,0,0,0,6.88,0.4639,12.5,95,da06be4-dirty
seeds_x1.2,"0.0215,0.0042,0.0048,50,100,350",2,100,6.0,190.5,0,0,0,0,0,6.93,0.4687,12.5,95,da06be4-dirty
seeds_x1.2,"0.0215,0.0042,0.0048,50,100,350",2,100,7.0,190.5,0,0,0,0,0,6.99,0.4735,12.5,95,da06be4-dirty
seeds_x1.2,"0.0215,0.0042,0.0048,50,100,350",2,100,8.0,190.5,0,0,0,0,0,7.02,0.4784,12.5,95,da06be4-dirty
seeds_x1.2,"0.0215,0.0042,0.0048,50,100,350",2,100,9.0,190.5,0,0,0,0,0,7.06,0.4832,12.5,95,da06be4-dirty
seeds_x1.2,"0.0215,0.0042,0.0048,50,100,350",2,100,10.0,190.5,0,0,0,0,0,7.4,0.4881,12.5,95,da06be4-dirty
seeds_x1.2,"0.0215,0.0042,0.0048,50,100,350",2,100,11.0,190.5,0,0,0,0,0,7.49,0.4929,12.5,95,da06be4-dirty
seeds_x1.2,"0.0215,0.0042,0.0048,50,100,350",2,100,12.0,190.5,0,0,0,0,0,7.56,0.4978,12.5,95,da06be4-dirty
seeds_x1.2,"0.0215,0.0042,0.0048,50,100,350",2,100,13.0,190.5,0,0,0,0,0,7.63,0.5026,12.5,95,da06be4-dirty
seeds_x1.2,"0.0215,0.0042,0.0048,50,100,350",2,100,14.0,190.5,0,0,0,0,0,7.75,0.5075,12.5,95,da06be4-dirty
seeds_x1.2,"0.0215,0.0042,0.0048,50,100,350",2,100,15.0,190.5,0,0,0,0,0,7.86,0.5123,12.5,95,da06be4-dirty
seeds_x1.2,"0.0215,0.0042,0.0048,50,100,350",2,100,16.0,190.5,0,0,0,0,0,7.99,0.5172,12.5,95,da06be4-dirty
seeds_x1.2,"0.0215,0.0042,0.0048,50,100,350",2,100,17.0,190.5,0,0,0,0,0,8.12,0.5221,12.5,95,da06be4-dirty
seeds_x1.2,"0.0215,0.0042,0.0048,50,100,350",2,100,18.0,190.5,0,0,0,0,0,8.25,0.5269,12.5,95,da06be4-dirty
seeds_x1.2,"0.0215,0.0042,0.0048,50,100,350",2,100,19.0,190.5,0,0,0,0,0,8.35,0.5318,12.5,95,da06be4-dirty
seeds_x1.2,"0.0215,0.0042,0.0048,50,100,350",2,100,19.9,190.5,0,0,0,0,0,8.46,0.5362,12.5,95,da06be4-dirty
seeds_x1.2,"0.0215,0.0042,0.0048,50,100,350",2,110,0.0,200.5,0,0,0,0,0,8.11,0.4395,12.5,95,da06be4-dirty
seeds_x1.2,"0.0215,0.0042,0.0048,50,100,350",2,110,1.0,200.5,0,0,0,0,0,8.16,0.4443,12.5,95,da06be4-dirty
seeds_x1.2,"0.0215,0.0042,0.0048,50,100,350",2,110,2.0,200.5,0,0,0,0,0,8.27,0.4491,12.5,95,da06be4-dirty
seeds_x1.2,"0.0215,0.0042,0.0048,50,100,350",2,110,3.0,200.5,0,0,0,0,0,8.35,0.4539,12.5,95,da06be4-dirty
seeds_x1.2,"0.0215,0.0042,0.0048,50,100,350",2,110,4.0,200.5,0,0,0,0,0,8.41,0.4588,12.5,95,da06be4-dirty
seeds_x1.2,"0.0215,0.0042,0.0048,50,100,350",2,110,5.0,200.5,0,0,0,0,0,8.46,0.4636,12.5,95,da06be4-dirty
seeds_x1.2,"0.0215,0.0042,0.0048,50,100,350",2,110,6.0,200.5,0,0,0,0,0,8.56,0.4684,12.5,95,da06be4-dirty
seeds_x1.2,"0.0215,0.0042,0.0048,50,100,350",2,110,7.0,200.5,0,0,0,0,0,8.63,0.4733,12.5,95,da06be4-dirty
seeds_x1.2,"0.0215,0.0042,0.0048,50,100,350",2,110,8.0,200.5,0,0,0,0,0,8.68,0.4781,12.5,95,da06be4-dirty
seeds_x1.2,"0.0215,0.0042,0.0048,50,100,350",2,110,9.0,200.5,0,0,0,0,0,8.74,0.483,12.5,95,da06be4-dirty
seeds_x1.2,"0.0215,0.0042,0.0048,50,100,350",2,110,10.0,200.5,0,0,0,0,0,8.87,0.4878,12.5,95,da06be4-dirty
seeds_x1.2,"0.0215,0.0042,0.0048,50,100,350",2,110,11.0,200.5,0,0,0,0,0,8.94,0.4926,12.5,95,da06be4-dirty
seeds_x1.2,"0.0215,0.0042,0.0048,50,100,350",2,110,12.0,200.5,0,0,0,0,0,8.99,0.4975,12.5,95,da06be4-dirty
seeds_x1.2,"0.0215,0.0042,0.0048,50,100,350",2,110,13.0,200.5,0,0,0,0,0,9.02,0.5023,12.5,95,da06be4-dirty
seeds_x1.2,"0.0215,0.0042,0.0048,50,100,350",2,110,14.0,200.5,0,0,0,0,0,9.12,0.5072,12.5,95,da06be4-dirty
seeds_x1.2,"0.0215,0.0042,0.0048,50,100,350",2,110,15.0,200.5,0,0,0,0,0,9.17,0.512,12.5,95,da06be4-dirty
seeds_x1.2,"0.0215,0.0042,0.0048,50,100,350",2,110,16.0,200.5,0,0,0,0,0,9.31,0.5169,12.5,95,da06be4-dirty
seeds_x1.2,"0.0215,0.0042,0.0048,50,100,350",2,110,17.0,200.5,0,0,0,0,0,9.42,0.5218,12.5,95,da06be4-dirty
seeds_x1.2,"0.0215,0.0042,0.0048,50,100,350",2,110,18.0,200.5,0,0,0,0,0,9.59,0.5266,12.5,95,da06be4-dirty
seeds_x1.2,"0.0215,0.0042,0.0048,50,100,350",2,110,19.0,200.5,0,0,0,0,0,9.75,0.5315,12.5,95,da06be4-dirty
seeds_x1.2,"0.0215,0.0042,0.0048,50,100,350",2,110,19.9,200.5,0,0,0,0,0,9.95,0.5359,12.5,95,da06be4-dirty
seeds_x1.2,"0.0215,0.0042,0.0048,50,100,350",2,120,0.0,210.5,0,0,0,0,0,9.79,0.4868,12.5,95,da06be4-dirty
seeds_x1.2,"0.0215,0.0042,0.0048,50,100,350",2,120,1.0,210.5,0,0,0,0,0,9.85,0.4894,12.5,95,da06be4-dirty
seeds_x1.2,"0.0215,0.0042,0.0048,50,100,350",2,120,2.0,210.5,0,0,0,0,0,9.95,0.4919,12.5,95,da06be4-dirty
seeds_x1.2,"0.0215,0.0042,0.0048,50,100,350",2,120,3.0,210.5,0,0,0,0,0,10.01,0.4945,12.5,95,da06be4-dirty
seeds_x1.2,"0.0215,0.0042,0.0048,50,100,350",2,120,4.0,210.5,0,0,0,0,0,10.06,0.4971,12.5,95,da06be4-dirty
seeds_x1.2,"0.0215,0.0042,0.0048,50,100,350",2,120,5.0,210.5,0,0,0,0,0,10.15,0.4997,12.5,95,da06be4-dirty
seeds_x1.2,"0.0215,0.0042,0.0048,50,100,350",2,120,6.0,210.5,0,0,0,0,0,10.2,0.5023,12.5,95,da06be4-dirty
seeds_x1.2,"0.0215,0.0042,0.0048,50,100,350",2,120,7.0,210.5,0,0,0,0,0,10.29,0.505,12.5,95,da06be4-dirty
seeds_x1.2,"0.0215,0.0042,0.0048,50,100,350",2,120,8.0,210.5,0,0,0,0,0,10.37,0.5076,12.5,95,da06be4-dirty
seeds_x1.2,"0.0215,0.0042,0.0048,50,100,350",2,120,9.0,210.5,0,0,0,0,0,10.38,0.5103,12.5,95,da06be4-dirty
seeds_x1.2,"0.0215,0.0042,0.0048,50,100,350",2,120,10.0,210.5,0,0,0,0,0,10.55,0.5167,12.5,95,da06be4-dirty
seeds_x1.2,"0.0215,0.0042,0.0048,50,100,350",2,120,11.0,210.5,0,0,0,0,0,10.6,0.5194,12.5,95,da06be4-dirty
seeds_x1.2,"0.0215,0.0042,0.0048,50,100,350",2,120,12.0,210.5,0,0,0,0,0,10.63,0.522,12.5,95,da06be4-dirty
seeds_x1.2,"0.0215,0.0042,0.0048,50,100,350",2,120,13.0,210.5,0,0,0,0,0,10.71,0.5247,12.5,95,da06be4-dirty
seeds_x1.2,"0.0215,0.0042,0.0048,50,100,350",2,120,14.0,210.5,0,0,0,0,0,10.76,0.5274,12.5,95,da06be4-dirty
seeds_x1.2,"0.0215,0.0042,0.0048,50,100,350",2,120,15.0,210.5,0,0,0,0,0,10.93,0.5301,12.5,95,da06be4-dirty
seeds_x1.2,"0.0215,0.0042,0.0048,50,100,350",2,120,16.0,210.5,0,0,0,0,0,11.07,0.5328,12.5,95,da06be4-dirty
seeds_x1.2,"0.0215,0.0042,0.0048,50,100,350",2,120,17.0,210.5,0,0,0,0,0,11.21,0.5355,12.5,95,da06be4-dirty
seeds_x1.2,"0.0215,0.0042,0.0048,50,100,350",2,120,18.0,210.5,0,0,0,0,0,11.35,0.5383,12.5,95,da06be4-dirty
seeds_x1.2,"0.0215,0.0042,0.0048,50,100,350",2,120,19.0,210.5,0,0,0,0,0,11.52,0.541,12.5,95,da06be4-dirty
seeds_x1.2,"0.0215,0.0042,0.0048,50,100,350",2,120,19.9,210.5,0,0,0,0,0,11.69,0.5438,12.5,95,da06be4-dirty
seeds_x1.2,"0.0215,0.0042,0.0048,50,100,350",2,130,0.0,220.5,0,0,0,0,0,11.62,0.5576,12.5,95,da06be4-dirty
seeds_x1.2,"0.0215,0.0042,0.0048,50,100,350",2,130,1.0,220.5,0,0,0,0,0,11.68,0.5604,12.5,95,da06be4-dirty
seeds_x1.2,"0.0215,0.0042,0.0048,50,100,350",2,130,2.0,220.5,0,0,0,0,0,11.8,0.5632,12.5,95,da06be4-dirty
seeds_x1.2,"0.0215,0.0042,0.0048,50,100,350",2,130,3.0,220.5,0,0,0,0,0,11.89,0.566,12.5,95,da06be4-dirty
seeds_x1.2,"0.0215,0.0042,0.0048,50,100,350",2,130,4.0,220.5,0,0,0,0,0,11.98,0.5688,12.5,95,da06be4-dirty
seeds_x1.2,"0.0215,0.0042,0.0048,50,100,350",2,130,5.0,220.5,0,0,0,0,0,12.06,0.5716,12.5,95,da06be4-dirty
seeds_x1.2,"0.0215,0.0042,0.0048,50,100,350",2,130,6.0,220.5,0,0,0,0,0,12.17,0.5745,12.5,95,da06be4-dirty
seeds_x1.2,"0.0215,0.0042,0.0048,50,100,350",2,130,7.0,220.5,0,0,0,0,0,12.21,0.5773,12.5,95,da06be4-dirty
seeds_x1.2,"0.0215,0.0042,0.0048,50,100,350",2,130,8.0,220.5,0,0,0,0,0,12.31,0.5802,12.5,95,da06be4-dirty
seeds_x1.2,"0.0215,0.0042,0.0048,50,100,350",2,130,9.0,220.5,0,0,0,0,0,12.34,0.5831,12.5,95,da06be4-dirty
seeds_x1.2,"0.0215,0.0042,0.0048,50,100,350",2,130,10.0,220.5,0,0,0,0,0,12.49,0.5898,12.5,95,da06be4-dirty
seeds_x1.2,"0.0215,0.0042,0.0048,50,100,350",2,130,11.0,220.5,0,0,0,0,0,12.62,0.5926,12.5,95,da06be4-dirty
seeds_x1.2,"0.0215,0.0042,0.0048,50,100,350",2,130,12.0,220.5,0,0,0,0,0,12.79,0.5955,12.5,95,da06be4-dirty
seeds_x1.2,"0.0215,0.0042,0.0048,50,100,350",2,130,13.0,220.5,0,0,0,0,0,12.92,0.5984,12.5,95,da06be4-dirty
seeds_x1.2,"0.0215,0.0042,0.0048,50,100,350",2,130,14.0,220.5,0,0,0,0,0,13.05,0.6013,12.5,95,da06be4-dirty
seeds_x1.2,"0.0215,0.0042,0.0048,50,100,350",2,130,15.0,220.5,0,0,0,0,0,13.16,0.6042,12.5,95,da06be4-dirty
seeds_x1.2,"0.0215,0.0042,0.0048,50,100,350",2,130,16.0,220.5,0,0,0,0,0,13.32,0.6071,12.5,95,da06be4-dirty
seeds_x1.2,"0.0215,0.0042,0.0048,50,100,350",2,130,17.0,220.5,0,0,0,0,0,13.44,0.61,12.5,95,da06be4-dirty
seeds_x1.2,"0.0215,0.0042,0.0048,50,100,350",2,130,18.0,220.5,0,0,0,0,0,13.6,0.613,12.5,95,da06be4-dirty
seeds_x1.2,"0.0215,0.0042,0.0048,50,100,350",2,130,19.0,220.5,0,0,0,0,0,13.74,0.6159,12.5,95,da06be4-dirty
seeds_x1.2,"0.0215,0.0042,0.0048,50,100,350",2,130,19.9,220.5,0,0,0,0,0,13.96,0.6187,12.5,95,da06be4-dirty
seeds_x1.2,"0.0215,0.0042,0.0048,50,100,350",2,140,0.0,230.5,0,0,0,0,0,14.56,0.6414,12.5,95,da06be4-dirty
seeds_x1.2,"0.0215,0.0042,0.0048,50,100,350",2,140,1.0,230.5,0,0,0,0,0,14.62,0.6445,12.5,95,da06be4-dirty
seeds_x1.2,"0.0215,0.0042,0.0048,50,100,350",2,140,2.0,230.5,0,0,0,0,0,14.72,0.6476,12.5,95,da06be4-dirty
seeds_x1.2,"0.0215,0.0042,0.0048,50,100,350",2,140,3.0,230.5,0,0,0,0,0,14.79,0.6507,12.5,95,da06be4-dirty
seeds_x1.2,"0.0215,0.0042,0.0048,50,100,350",2,140,4.0,230.5,0,0,0,0,0,14.88,0.6538,12.5,95,da06be4-dirty
seeds_x1.2,"0.0215,0.0042,0.0048,50,100,350",2,140,5.0,230.5,0,0,0,0,0,14.95,0.6569,12.5,95,da06be4-dirty
seeds_x1.2,"0.0215,0.0042,0.0048,50,100,350",2,140,6.0,230.5,0,0,0,0,0,15.05,0.6601,12.5,95,da06be4-dirty
seeds_x1.2,"0.0215,0.0042,0.0048,50,100,350",2,140,7.0,230.5,0,0,0,0,0,15.21,0.6632,12.5,95,da06be4-dirty
seeds_x1.2,"0.0215,0.0042,0.0048,50,100,350",2,140,8.0,230.5,0,0,0,0,0,15.45,0.6664,12.5,95,da06be4-dirty
seeds_x1.2,"0.0215,0.0042,0.0048,50,100,350",2,140,9.0,230.5,0,0,0,0,0,15.67,0.6696,12.5,95,da06be4-dirty
seeds_x1.2,"0.0215,0.0042,0.0048,50,100,350",2,140,10.0,230.5,0,0,0,0,0,15.97,0.6766,12.5,95,da06be4-dirty
seeds_x1.2,"0.0215,0.0042,0.0048,50,100,350",2,140,11.0,230.5,0,0,0,0,0,16.09,0.6798,12.5,95,da06be4-dirty
seeds_x1.2,"0.0215,0.0042,0.0048,50,100,350",2,140,12.0,230.5,0,0,0,0,0,16.26,0.683,12.5,95,da06be4-dirty
seeds_x1.2,"0.0215,0.0042,0.0048,50,100,350",2,140,13.0,230.5,0,0,0,0,0,16.38,0.6861,12.5,95,da06be4-dirty
seeds_x1.2,"0.0215,0.0042,0.0048,50,100,350",2,140,14.0,230.5,0,0,0,0,0,16.51,0.6893,12.5,95,da06be4-dirty
seeds_x1.2,"0.0215,0.0042,0.0048,50,100,350",2,140,15.0,230.5,0,0,0,0,0,16.64,0.6925,12.5,95,da06be4-dirty
seeds_x1.2,"0.0215,0.0042,0.0048,50,100,350",2,140,16.0,230.5,0,0,0,0,0,16.77,0.6957,12.5,95,da06be4-dirty
seeds_x1.2,"0.0215,0.0042,0.0048,50,100,350",2,140,17.0,230.5,0,0,0,0,0,16.95,0.6989,12.5,95,da06be4-dirty
seeds_x1.2,"0.0215,0.0042,0.0048,50,100,350",2,140,18.0,230.5,0,0,0,0,0,17.12,0.7022,12.5,95,da06be4-dirty
seeds_x1.2,"0.0215,0.0042,0.0048,50,100,350",2,140,19.0,230.5,0,0,0,0,0,17.2,0.7054,12.5,95,da06be4-dirty
seeds_x1.2,"0.0215,0.0042,0.0048,50,100,350",2,140,19.9,230.5,0,0,0,0,0,17.38,0.709,12.5,95,da06be4-dirty
seeds_x1.2,"0.0215,0.0042,0.0048,50,100,350",2,150,0.0,240.5,0,0,0,0,0,17.33,0.7385,12.5,95,da06be4-dirty
seeds_x1.2,"0.0215,0.0042,0.0048,50,100,350",2,150,1.0,240.5,0,0,0,0,0,17.4,0.7419,12.5,95,da06be4-dirty
seeds_x1.2,"0.0215,0.0042,0.0048,50,100,350",2,150,2.0,240.5,0,0,0,0,0,17.63,0.7454,12.5,95,da06be4-dirty
seeds_x1.2,"0.0215,0.0042,0.0048,50,100,350",2,150,3.0,240.5,0,0,0,0,0,17.8,0.7488,12.5,95,da06be4-dirty
seeds_x1.2,"0.0215,0.0042,0.0048,50,100,350",2,150,4.0,240.5,0,0,0,0,0,17.89,0.7523,12.5,95,da06be4-dirty
seeds_x1.2,"0.0215,0.0042,0.0048,50,100,350",2,150,5.0,240.5,0,0,0,0,0,18.04,0.7558,12.5,95,da06be4-dirty
seeds_x1.2,"0.0215,0.0042,0.0048,50,100,350",2,150,6.0,240.5,0,0,0,0,0,18.11,0.7593,12.5,95,da06be4-dirty
seeds_x1.2,"0.0215,0.0042,0.0048,50,100,350",2,150,7.0,240.5,0,0,0,0,0,18.26,0.7628,12.5,95,da06be4-dirty
seeds_x1.2,"0.0215,0.0042,0.0048,50,100,350",2,150,8.0,240.5,0,0,0,0,0,18.41,0.7664,12.5,95,da06be4-dirty
seeds_x1.2,"0.0215,0.0042,0.0048,50,100,350",2,150,9.0,240.5,0,0,0,0,0,18.51,0.7699,12.5,95,da06be4-dirty
seeds_x1.2,"0.0215,0.0042,0.0048,50,100,350",2,150,10.0,240.5,0,0,0,0,0,18.63,0.7775,12.5,95,da06be4-dirty
seeds_x1.2,"0.0215,0.0042,0.0048,50,100,350",2,150,11.0,240.5,0,0,0,0,0,18.74,0.781,12.5,95,da06be4-dirty
seeds_x1.2,"0.0215,0.0042,0.0048,50,100,350",2,150,12.0,240.5,0,0,0,0,0,18.8,0.7845,12.5,95,da06be4-dirty
seeds_x1.2,"0.0215,0.0042,0.0048,50,100,350",2,150,13.0,240.5,0,0,0,0,0,18.95,0.7881,12.5,95,da06be4-dirty
seeds_x1.2,"0.0215,0.0042,0.0048,50,100,350",2,150,14.0,240.5,0,0,0,0,0,19.11,0.7916,12.5,95,da06be4-dirty
seeds_x1.2,"0.0215,0.0042,0.0048,50,100,350",2,150,15.0,240.5,0,0,0,0,0,19.27,0.7951,12.5,95,da06be4-dirty
seeds_x1.2,"0.0215,0.0042,0.0048,50,100,350",2,150,16.0,240.5,0,0,0,0,0,19.44,0.7987,12.5,95,da06be4-dirty
seeds_x1.2,"0.0215,0.0042,0.0048,50,100,350",2,150,17.0,240.5,7,0,7,0,0,19.65,0.8022,12.5,95,da06be4-dirty
seeds_x1.2,"0.0215,0.0042,0.0048,50,100,350",2,150,18.0,240.5,11,0,11,0,0,19.78,0.8058,12.5,95,da06be4-dirty
seeds_x1.2,"0.0215,0.0042,0.0048,50,100,350",2,150,19.0,240.5,14,0,14,0,0,19.98,0.8094,12.5,95,da06be4-dirty
seeds_x1.2,"0.0215,0.0042,0.0048,50,100,350",2,150,19.9,240.5,18,0,18,0,0,20.28,0.8141,12.5,95,da06be4-dirty
seeds_x1.2,"0.0215,0.0042,0.0048,50,100,350",2,160,0.0,250.5,32,0,32,0,0,20.29,0.8516,12.5,95,da06be4-dirty
seeds_x1.2,"0.0215,0.0042,0.0048,50,100,350",2,160,1.0,250.5,33,0,33,0,0,20.55,0.8555,12.5,95,da06be4-dirty
seeds_x1.2,"0.0215,0.0042,0.0048,50,100,350",2,160,2.0,250.5,35,0,35,0,0,20.75,0.8593,12.5,95,da06be4-dirty
seeds_x1.2,"0.0215,0.0042,0.0048,50,100,350",2,160,3.0,250.5,36,0,36,0,0,20.97,0.8632,12.5,95,da06be4-dirty
seeds_x1.2,"0.0215,0.0042,0.0048,50,100,350",2,160,4.0,250.5,38,0,38,0,0,21.15,0.8671,12.5,95,da06be4-dirty
seeds_x1.2,"0.0215,0.0042,0.0048,50,100,350",2,160,5.0,250.5,38,0,38,0,0,21.32,0.871,12.5,95,da06be4-dirty
seeds_x1.2,"0.0215,0.0042,0.0048,50,100,350",2,160,6.0,250.5,39,0,39,0,0,21.52,0.8749,12.5,95,da06be4-dirty
seeds_x1.2,"0.0215,0.0042,0.0048,50,100,350",2,160,7.0,250.5,41,0,41,0,0,21.71,0.8788,12.5,95,da06be4-dirty
seeds_x1.2,"0.0215,0.0042,0.0048,50,100,350",2,160,8.0,250.5,42,0,42,0,0,21.86,0.8827,12.5,95,da06be4-dirty
seeds_x1.2,"0.0215,0.0042,0.0048,50,100,350",2,160,9.0,250.5,42,0,42,0,0,22.01,0.8866,12.5,95,da06be4-dirty
seeds_x1.2,"0.0215,0.0042,0.0048,50,100,350",2,160,10.0,250.5,45,0,45,0,0,22.19,0.8949,12.5,95,da06be4-dirty
seeds_x1.2,"0.0215,0.0042,0.0048,50,100,350",2,160,11.0,250.5,46,0,46,0,0,22.33,0.8988,12.5,95,da06be4-dirty
seeds_x1.2,"0.0215,0.0042,0.0048,50,100,350",2,160,12.0,250.5,47,0,47,0,0,22.44,0.9027,12.5,95,da06be4-dirty
seeds_x1.2,"0.0215,0.0042,0.0048,50,100,350",2,160,13.0,250.5,47,0,47,0,0,22.59,0.9066,12.5,95,da06be4-dirty
seeds_x1.2,"0.0215,0.0042,0.0048,50,100,350",2,160,14.0,250.5,49,0,49,0,0,22.71,0.9105,12.5,95,da06be4-dirty
seeds_x1.2,"0.0215,0.0042,0.0048,50,100,350",2,160,15.0,250.5,50,0,50,0,0,22.81,0.9144,12.5,95,da06be4-dirty
seeds_x1.2,"0.0215,0.0042,0.0048,50,100,350",2,160,16.0,250.5,50,0,50,0,0,23.0,0.9184,12.5,95,da06be4-dirty
seeds_x1.2,"0.0215,0.0042,0.0048,50,100,350",2,160,17.0,250.5,51,0,51,0,0,23.16,0.9223,12.5,95,da06be4-dirty
seeds_x1.2,"0.0215,0.0042,0.0048,50,100,350",2,160,18.0,250.5,53,0,53,0,0,23.29,0.9262,12.5,95,da06be4-dirty
seeds_x1.2,"0.0215,0.0042,0.0048,50,100,350",2,160,19.0,250.5,53,0,53,0,0,23.38,0.9302,12.5,95,da06be4-dirty
seeds_x1.2,"0.0215,0.0042,0.0048,50,100,350",2,160,19.9,250.5,55,0,55,0,0,23.66,0.9355,12.5,95,da06be4-dirty
seeds_x1.2,"0.0215,0.0042,0.0048,50,100,350",2,170,0.0,260.5,66,0,59,7,0,23.75,0.9787,12.5,95,da06be4-dirty
seeds_x1.2,"0.0215,0.0042,0.0048,50,100,350",2,170,1.0,260.5,70,0,60,10,0,23.85,0.9829,12.5,95,da06be4-dirty
seeds_x1.2,"0.0215,0.0042,0.0048,50,100,350",2,170,2.0,260.5,72,0,60,12,0,23.94,0.9872,12.5,95,da06be4-dirty
seeds_x1.2,"0.0215,0.0042,0.0048,50,100,350",2,170,3.0,260.5,75,0,61,14,0,24.03,0.9915,12.5,95,da06be4-dirty
seeds_x1.2,"0.0215,0.0042,0.0048,50,100,350",2,170,4.0,260.5,78,0,62,16,0,24.21,0.9959,12.5,95,da06be4-dirty
seeds_x1.2,"0.0215,0.0042,0.0048,50,100,350",2,170,5.0,260.5,79,0,63,16,0,24.34,1.0002,12.5,95,da06be4-dirty
seeds_x1.2,"0.0215,0.0042,0.0048,50,100,350",2,170,6.0,260.5,87,0,63,24,0,24.47,1.0045,12.5,95,da06be4-dirty
seeds_x1.2,"0.0215,0.0042,0.0048,50,100,350",2,170,7.0,260.5,91,0,64,27,0,24.58,1.0088,12.5,95,da06be4-dirty
seeds_x1.2,"0.0215,0.0042,0.0048,50,100,350",2,170,8.0,260.5,95,0,64,31,0,24.66,1.0132,12.5,95,da06be4-dirty
seeds_x1.2,"0.0215,0.0042,0.0048,50,100,350",2,170,9.0,260.5,98,0,65,33,0,24.81,1.0176,12.5,95,da06be4-dirty
seeds_x1.2,"0.0215,0.0042,0.0048,50,100,350",2,170,10.0,260.5,107,0,67,40,0,24.95,1.0264,12.5,95,da06be4-dirty
seeds_x1.2,"0.0215,0.0042,0.0048,50,100,350",2,170,11.0,260.5,110,0,67,43,0,25.05,1.0307,12.5,95,da06be4-dirty
seeds_x1.2,"0.0215,0.0042,0.0048,50,100,350",2,170,12.0,260.5,112,0,68,44,0,25.17,1.0351,12.5,95,da06be4-dirty
seeds_x1.2,"0.0215,0.0042,0.0048,50,100,350",2,170,13.0,260.5,113,0,68,45,0,25.27,1.0394,12.5,95,da06be4-dirty
seeds_x1.2,"0.0215,0.0042,0.0048,50,100,350",2,170,14.0,260.5,117,0,69,48,0,25.34,1.0437,12.5,95,da06be4-dirty
seeds_x1.2,"0.0215,0.0042,0.0048,50,100,350",2,170,15.0,260.5,119,0,69,50,0,25.45,1.0481,12.5,95,da06be4-dirty
seeds_x1.2,"0.0215,0.0042,0.0048,50,100,350",2,170,16.0,260.5,122,0,71,51,0,25.61,1.0524,12.5,95,da06be4-dirty
seeds_x1.2,"0.0215,0.0042,0.0048,50,100,350",2,170,17.0,260.5,124,0,71,53,0,25.79,1.0568,12.5,95,da06be4-dirty
seeds_x1.2,"0.0215,0.0042,0.0048,50,100,350",2,170,18.0,260.5,125,0,71,54,0,25.87,1.0611,12.5,95,da06be4-dirty
seeds_x1.2,"0.0215,0.0042,0.0048,50,100,350",2,170,19.0,260.5,128,0,72,56,0,25.97,1.0655,12.5,95,da06be4-dirty
seeds_x1.2,"0.0215,0.0042,0.0048,50,100,350",2,170,19.9,260.5,132,0,73,59,0,26.23,1.0703,12.5,95,da06be4-dirty
seeds_x1.2,"0.0215,0.0042,0.0048,50,100,350",2,180,0.0,270.5,322,0,73,249,0,26.66,1.1132,12.5,95,da06be4-dirty
seeds_x1.2,"0.0215,0.0042,0.0048,50,100,350",2,180,1.0,270.5,327,0,75,252,0,26.84,1.118,12.5,95,da06be4-dirty
seeds_x1.2,"0.0215,0.0042,0.0048,50,100,350",2,180,2.0,270.5,329,0,75,254,0,27.01,1.1227,12.5,95,da06be4-dirty
seeds_x1.2,"0.0215,0.0042,0.0048,50,100,350",2,180,3.0,270.5,332,0,76,256,0,27.17,1.1275,12.5,95,da06be4-dirty
seeds_x1.2,"0.0215,0.0042,0.0048,50,100,350",2,180,4.0,270.5,335,0,76,259,0,27.29,1.1322,12.5,95,da06be4-dirty
seeds_x1.2,"0.0215,0.0042,0.0048,50,100,350",2,180,5.0,270.5,336,0,76,260,0,27.47,1.137,12.5,95,da06be4-dirty
seeds_x1.2,"0.0215,0.0042,0.0048,50,100,350",2,180,6.0,270.5,343,0,77,266,0,27.57,1.1418,12.5,95,da06be4-dirty
seeds_x1.2,"0.0215,0.0042,0.0048,50,100,350",2,180,7.0,270.5,347,0,77,270,0,27.71,1.1466,12.5,95,da06be4-dirty
seeds_x1.2,"0.0215,0.0042,0.0048,50,100,350",2,180,8.0,270.5,347,0,77,270,0,27.84,1.1514,12.5,95,da06be4-dirty
seeds_x1.2,"0.0215,0.0042,0.0048,50,100,350",2,180,9.0,270.5,352,0,79,273,0,27.95,1.1562,12.5,95,da06be4-dirty
seeds_x1.2,"0.0215,0.0042,0.0048,50,100,350",2,180,10.0,270.5,359,0,80,279,0,28.35,1.1657,12.5,95,da06be4-dirty
seeds_x1.2,"0.0215,0.0042,0.0048,50,100,350",2,180,11.0,270.5,363,0,80,283,0,28.49,1.1705,12.5,95,da06be4-dirty
seeds_x1.2,"0.0215,0.0042,0.0048,50,100,350",2,180,12.0,270.5,364,0,80,284,0,28.61,1.1752,12.5,95,da06be4-dirty
seeds_x1.2,"0.0215,0.0042,0.0048,50,100,350",2,180,13.0,270.5,367,0,81,286,0,28.74,1.18,12.5,95,da06be4-dirty
seeds_x1.2,"0.0215,0.0042,0.0048,50,100,350",2,180,14.0,270.5,370,0,81,289,0,28.85,1.1848,12.5,95,da06be4-dirty
seeds_x1.2,"0.0215,0.0042,0.0048,50,100,350",2,180,15.0,270.5,372,0,81,291,0,29.05,1.1895,12.5,95,da06be4-dirty
seeds_x1.2,"0.0215,0.0042,0.0048,50,100,350",2,180,16.0,270.5,376,0,81,295,0,29.16,1.1943,12.5,95,da06be4-dirty
seeds_x1.2,"0.0215,0.0042,0.0048,50,100,350",2,180,17.0,270.5,380,0,83,297,0,29.26,1.1991,12.5,95,da06be4-dirty
seeds_x1.2,"0.0215,0.0042,0.0048,50,100,350",2,180,18.0,270.5,383,0,83,300,0,29.42,1.2039,12.5,95,da06be4-dirty
seeds_x1.2,"0.0215,0.0042,0.0048,50,100,350",2,180,19.0,270.5,384,0,83,301,0,29.55,1.2087,12.5,95,da06be4-dirty
seeds_x1.2,"0.0215,0.0042,0.0048,50,100,350",2,180,19.9,270.5,389,0,84,305,0,29.84,1.213,12.5,95,da06be4-dirty
seeds_x1.2,"0.0215,0.0042,0.0048,50,100,350",2,190,0.0,280.5,567,0,121,446,0,32.27,1.2511,12.5,95,da06be4-dirty
seeds_x1.2,"0.0215,0.0042,0.0048,50,100,350",2,190,1.0,280.5,573,0,124,449,0,32.38,1.2563,12.5,95,da06be4-dirty
seeds_x1.2,"0.0215,0.0042,0.0048,50,100,350",2,190,2.0,280.5,574,0,125,449,0,32.47,1.2615,12.5,95,da06be4-dirty
seeds_x1.2,"0.0215,0.0042,0.0048,50,100,350",2,190,3.0,280.5,578,0,125,453,0,32.61,1.2667,12.5,95,da06be4-dirty
seeds_x1.2,"0.0215,0.0042,0.0048,50,100,350",2,190,4.0,280.5,580,0,126,454,0,32.72,1.2719,12.5,95,da06be4-dirty
seeds_x1.2,"0.0215,0.0042,0.0048,50,100,350",2,190,5.0,280.5,583,0,128,455,0,32.82,1.2771,12.5,95,da06be4-dirty
seeds_x1.2,"0.0215,0.0042,0.0048,50,100,350",2,190,6.0,280.5,587,0,129,458,0,32.92,1.2823,12.5,95,da06be4-dirty
seeds_x1.2,"0.0215,0.0042,0.0048,50,100,350",2,190,7.0,280.5,588,0,129,459,0,33.02,1.2876,12.5,95,da06be4-dirty
seeds_x1.2,"0.0215,0.0042,0.0048,50,100,350",2,190,8.0,280.5,593,0,134,459,0,33.05,1.2928,12.5,95,da06be4-dirty
seeds_x1.2,"0.0215,0.0042,0.0048,50,100,350",2,190,9.0,280.5,602,0,141,461,0,33.14,1.2981,12.5,95,da06be4-dirty
seeds_x1.2,"0.0215,0.0042,0.0048,50,100,350",2,190,10.0,280.5,614,0,149,465,0,33.45,1.3081,12.5,95,da06be4-dirty
seeds_x1.2,"0.0215,0.0042,0.0048,50,100,350",2,190,11.0,280.5,620,0,152,468,0,33.55,1.3133,12.5,95,da06be4-dirty
seeds_x1.2,"0.0215,0.0042,0.0048,50,100,350",2,190,12.0,280.5,623,0,155,468,0,33.64,1.3185,12.5,95,da06be4-dirty
seeds_x1.2,"0.0215,0.0042,0.0048,50,100,350",2,190,13.0,280.5,635,0,158,477,0,33.76,1.3237,12.5,95,da06be4-dirty
seeds_x1.2,"0.0215,0.0042,0.0048,50,100,350",2,190,14.0,280.5,643,0,159,484,0,33.96,1.3289,12.5,95,da06be4-dirty
seeds_x1.2,"0.0215,0.0042,0.0048,50,100,350",2,190,15.0,280.5,650,0,162,488,0,34.06,1.3342,12.5,95,da06be4-dirty
seeds_x1.2,"0.0215,0.0042,0.0048,50,100,350",2,190,16.0,280.5,655,0,163,492,0,34.15,1.3394,12.5,95,da06be4-dirty
seeds_x1.2,"0.0215,0.0042,0.0048,50,100,350",2,190,17.0,280.5,660,0,166,494,0,34.29,1.3446,12.5,95,da06be4-dirty
seeds_x1.2,"0.0215,0.0042,0.0048,50,100,350",2,190,18.0,280.5,667,0,168,499,0,34.45,1.3499,12.5,95,da06be4-dirty
seeds_x1.2,"0.0215,0.0042,0.0048,50,100,350",2,190,19.0,280.5,671,0,170,501,0,34.61,1.3551,12.5,95,da06be4-dirty
seeds_x1.2,"0.0215,0.0042,0.0048,50,100,350",2,190,19.9,280.5,677,0,173,504,0,34.79,1.3555,12.5,95,da06be4-dirty
seeds_x1.2,"0.0215,0.0042,0.0048,50,100,350",2,200,0.0,290.5,801,12,197,592,0,35.82,1.4952,12.5,95,da06be4-dirty
seeds_x1.2,"0.0215,0.0042,0.0048,50,100,350",2,200,1.0,290.5,807,14,198,595,0,35.93,1.4997,12.5,95,da06be4-dirty
seeds_x1.2,"0.0215,0.0042,0.0048,50,100,350",2,200,2.0,290.5,813,16,200,597,0,36.02,1.5041,12.5,95,da06be4-dirty
seeds_x1.2,"0.0215,0.0042,0.0048,50,100,350",2,200,3.0,290.5,819,18,203,598,0,36.09,1.5085,12.5,95,da06be4-dirty
seeds_x1.2,"0.0215,0.0042,0.0048,50,100,350",2,200,4.0,290.5,827,18,203,606,0,36.21,1.5129,12.5,95,da06be4-dirty
seeds_x1.2,"0.0215,0.0042,0.0048,50,100,350",2,200,5.0,290.5,833,20,205,608,0,36.28,1.5174,12.5,95,da06be4-dirty
seeds_x1.2,"0.0215,0.0042,0.0048,50,100,350",2,200,6.0,290.5,840,21,205,614,0,36.48,1.5218,12.5,95,da06be4-dirty
seeds_x1.2,"0.0215,0.0042,0.0048,50,100,350",2,200,7.0,290.5,849,22,209,618,0,36.61,1.5262,12.5,95,da06be4-dirty
seeds_x1.2,"0.0215,0.0042,0.0048,50,100,350",2,200,8.0,290.5,854,24,209,621,0,36.78,1.5307,12.5,95,da06be4-dirty
seeds_x1.2,"0.0215,0.0042,0.0048,50,100,350",2,200,9.0,290.5,859,24,212,623,0,36.92,1.5351,12.5,95,da06be4-dirty
seeds_x1.2,"0.0215,0.0042,0.0048,50,100,350",2,200,10.0,290.5,872,28,215,629,0,37.16,1.547,12.5,95,da06be4-dirty
seeds_x1.2,"0.0215,0.0042,0.0048,50,100,350",2,200,11.0,290.5,876,29,216,631,0,37.33,1.5515,12.5,95,da06be4-dirty
seeds_x1.2,"0.0215,0.0042,0.0048,50,100,350",2,200,12.0,290.5,883,30,218,635,0,37.48,1.5559,12.5,95,da06be4-dirty
seeds_x1.2,"0.0215,0.0042,0.0048,50,100,350",2,200,13.0,290.5,883,30,218,635,0,37.62,1.5604,12.5,95,da06be4-dirty
seeds_x1.2,"0.0215,0.0042,0.0048,50,100,350",2,200,14.0,290.5,888,31,219,638,0,37.82,1.5648,12.5,95,da06be4-dirty
seeds_x1.2,"0.0215,0.0042,0.0048,50,100,350",2,200,15.0,290.5,895,32,221,642,0,37.97,1.5693,12.5,95,da06be4-dirty
seeds_x1.2,"0.0215,0.0042,0.0048,50,100,350",2,200,16.0,290.5,899,32,222,645,0,38.13,1.5737,12.5,95,da06be4-dirty
seeds_x1.2,"0.0215,0.0042,0.0048,50,100,350",2,200,17.0,290.5,903,33,224,646,0,38.24,1.5782,12.5,95,da06be4-dirty
seeds_x1.2,"0.0215,0.0042,0.0048,50,100,350",2,200,18.0,290.5,904,34,224,646,0,38.35,1.5827,12.5,95,da06be4-dirty
seeds_x1.2,"0.0215,0.0042,0.0048,50,100,350",2,200,19.0,290.5,910,34,225,651,0,38.52,1.5871,12.5,95,da06be4-dirty
seeds_x1.2,"0.0215,0.0042,0.0048,50,100,350",2,200,19.9,290.5,915,35,228,652,0,38.76,1.5842,12.5,95,da06be4-dirty
times_x0.5,"0.0215,0.0035,0.004,25,50,175",3,20,0.0,110.5,0,0,0,0,0,4.34,0.4846,12.5,95,da06be4-dirty
times_x0.5,"0.0215,0.0035,0.004,25,50,175",3,20,1.0,110.5,0,0,0,0,0,4.47,0.4896,12.5,95,da06be4-dirty
times_x0.5,"0.0215,0.0035,0.004,25,50,175",3,20,2.0,110.5,0,0,0,0,0,4.56,0.4946,12.5,95,da06be4-dirty
times_x0.5,"0.0215,0.0035,0.004,25,50,175",3,20,3.0,110.5,0,0,0,0,0,4.64,0.4997,12.5,95,da06be4-dirty
times_x0.5,"0.0215,0.0035,0.004,25,50,175",3,20,4.0,110.5,0,0,0,0,0,4.69,0.5047,12.5,95,da06be4-dirty
times_x0.5,"0.0215,0.0035,0.004,25,50,175",3,20,5.0,110.5,0,0,0,0,0,4.75,0.5097,12.5,95,da06be4-dirty
times_x0.5,"0.0215,0.0035,0.004,25,50,175",3,20,6.0,110.5,0,0,0,0,0,4.81,0.5148,12.5,95,da06be4-dirty
times_x0.5,"0.0215,0.0035,0.004,25,50,175",3,20,7.0,110.5,0,0,0,0,0,4.85,0.5198,12.5,95,da06be4-dirty
times_x0.5,"0.0215,0.0035,0.004,25,50,175",3,20,8.0,110.5,0,0,0,0,0,4.88,0.5248,12.5,95,da06be4-dirty
times_x0.5,"0.0215,0.0035,0.004,25,50,175",3,20,9.0,110.5,0,0,0,0,0,5.16,0.5299,12.5,95,da06be4-dirty
times_x0.5,"0.0215,0.0035,0.004,25,50,175",3,20,10.0,110.5,0,0,0,0,0,5.38,0.5349,12.5,95,da06be4-dirty
times_x0.5,"0.0215,0.0035,0.004,25,50,175",3,20,11.0,110.5,0,0,0,0,0,5.48,0.5399,12.5,95,da06be4-dirty
times_x0.5,"0.0215,0.0035,0.004,25,50,175",3,20,12.0,110.5,0,0,0,0,0,5.58,0.545,12.5,95,da06be4-dirty
times_x0.5,"0.0215,0.0035,0.004,25,50,175",3,20,13.0,110.5,0,0,0,0,0,5.65,0.55,12.5,95,da06be4-dirty
times_x0.5,"0.0215,0.0035,0.004,25,50,175",3,20,14.0,110.5,0,0,0,0,0,5.75,0.555,12.5,95,da06be4-dirty
times_x0.5,"0.0215,0.0035,0.004,25,50,175",3,20,15.0,110.5,0,0,0,0,0,5.86,0.5601,12.5,95,da06be4-dirty
times_x0.5,"0.0215,0.0035,0.004,25,50,175",3,20,16.0,110.5,0,0,0,0,0,5.94,0.5651,12.5,95,da06be4-dirty
times_x0.5,"0.0215,0.0035,0.004,25,50,175",3,20,17.0,110.5,0,0,0,0,0,5.99,0.5702,12.5,95,da06be4-dirty
times_x0.5,"0.0215,0.0035,0.004,25,50,175",3,20,18.0,110.5,0,0,0,0,0,6.04,0.5752,12.5,95,da06be4-dirty
times_x0.5,"0.0215,0.0035,0.004,25,50,175",3,20,19.0,110.5,0,0,0,0,0,6.12,0.5803,12.5,95,da06be4-dirty
times_x0.5,"0.0215,0.0035,0.004,25,50,175",3,20,19.9,110.5,0,0,0,0,0,6.18,0.5848,12.5,95,da06be4-dirty
times_x0.5,"0.0215,0.0035,0.004,25,50,175",3,30,0.0,120.5,0,0,0,0,0,4.71,0.4992,12.5,95,da06be4-dirty
times_x0.5,"0.0215,0.0035,0.004,25,50,175",3,30,1.0,120.5,0,0,0,0,0,4.83,0.5043,12.5,95,da06be4-dirty
times_x0.5,"0.0215,0.0035,0.004,25,50,175",3,30,2.0,120.5,0,0,0,0,0,4.94,0.5094,12.5,95,da06be4-dirty
times_x0.5,"0.0215,0.0035,0.004,25,50,175",3,30,3.0,120.5,0,0,0,0,0,5.03,0.5145,12.5,95,da06be4-dirty
times_x0.5,"0.0215,0.0035,0.004,25,50,175",3,30,4.0,120.5,0,0,0,0,0,5.09,0.5196,12.5,95,da06be4-dirty
times_x0.5,"0.0215,0.0035,0.004,25,50,175",3,30,5.0,120.5,0,0,0,0,0,5.19,0.5247,12.5,95,da06be4-dirty
times_x0.5,"0.0215,0.0035,0.004,25,50,175",3,30,6.0,120.5,0,0,0,0,0,5.26,0.5299,12.5,95,da06be4-dirty
times_x0.5,"0.0215,0.0035,0.004,25,50,175",3,30,7.0,120.5,0,0,0,0,0,5.35,0.535,12.5,95,da06be4-dirty
times_x0.5,"0.0215,0.0035,0.004,25,50,175",3,30,8.0,120.5,0,0,0,0,0,5.41,0.5401,12.5,95,da06be4-dirty
times_x0.5,"0.0215,0.0035,0.004,25,50,175",3,30,9.0,120.5,0,0,0,0,0,5.66,0.5452,12.5,95,da06be4-dirty
times_x0.5,"0.0215,0.0035,0.004,25,50,175",3,30,10.0,120.5,0,0,0,0,0,5.8,0.5503,12.5,95,da06be4-dirty
times_x0.5,"0.0215,0.0035,0.004,25,50,175",3,30,11.0,120.5,0,0,0,0,0,5.91,0.5554,12.5,95,da06be4-dirty
times_x0.5,"0.0215,0.0035,0.004,25,50,175",3,30,12.0,120.5,0,0,0,0,0,5.98,0.5606,12.5,95,da06be4-dirty
times_x0.5,"0.0215,0.0035,0.004,25,50,175",3,30,13.0,120.5,0,0,0,0,0,6.07,0.5657,12.5,95,da06be4-dirty
times_x0.5,"0.0215,0.0035,0.004,25,50,175",3,30,14.0,120.5,0,0,0,0,0,6.17,0.5708,12.5,95,da06be4-dirty
times_x0.5,"0.0215,0.0035,0.004,25,50,175",3,30,15.0,120.5,0,0,0,0,0,6.26,0.5759,12.5,95,da06be4-dirty
times_x0.5,"0.0215,0.0035,0.004,25,50,175",3,30,16.0,120.5,0,0,0,0,0,6.34,0.5811,12.5,95,da06be4-dirty
times_x0.5,"0.0215,0.0035,0.004,25,50,175",3,30,17.0,120.5,0,0,0,0,0,6.38,0.5862,12.5,95,da06be4-dirty
times_x0.5,"0.0215,0.0035,0.004,25,50,175",3,30,18.0,120.5,0,0,0,0,0,6.43,0.5913,12.5,95,da06be4-dirty
times_x0.5,"0.0215,0.0035,0.004,25,50,175",3,30,19.0,120.5,0,0,0,0,0,6.49,0.5965,12.5,95,da06be4-dirty
times_x0.5,"0.0215,0.0035,0.004,25,50,175",3,30,19.9,120.5,0,0,0,0,0,6.54,0.6011,12.5,95,da06be4-dirty
times_x0.5,"0.0215,0.0035,0.004,25,50,175",3,40,0.0,130.5,0,0,0,0,0,4.68,0.5768,12.5,95,da06be4-dirty
times_x0.5,"0.0215,0.0035,0.004,25,50,175",3,40,1.0,130.5,0,0,0,0,0,4.84,0.5792,12.5,95,da06be4-dirty
times_x0.5,"0.0215,0.0035,0.004,25,50,175",3,40,2.0,130.5,0,0,0,0,0,4.99,0.5815,12.5,95,da06be4-dirty
times_x0.5,"0.0215,0.0035,0.004,25,50,175",3,40,3.0,130.5,0,0,0,0,0,5.08,0.5839,12.5,95,da06be4-dirty
times_x0.5,"0.0215,0.0035,0.004,25,50,175",3,40,4.0,130.5,0,0,0,0,0,5.13,0.5864,12.5,95,da06be4-dirty
times_x0.5,"0.0215,0.0035,0.004,25,50,175",3,40,5.0,130.5,0,0,0,0,0,5.21,0.5889,12.5,95,da06be4-dirty
times_x0.5,"0.0215,0.0035,0.004,25,50,175",3,40,6.0,130.5,0,0,0,0,0,5.27,0.5914,12.5,95,da06be4-dirty
times_x0.5,"0.0215,0.0035,0.004,25,50,175",3,40,7.0,130.5,0,0,0,0,0,5.32,0.5939,12.5,95,da06be4-dirty
times_x0.5,"0.0215,0.0035,0.004,25,50,175",3,40,8.0,130.5,0,0,0,0,0,5.38,0.5965,12.5,95,da06be4-dirty
times_x0.5,"0.0215,0.0035,0.004,25,50,175",3,40,9.0,130.5,0,0,0,0,0,5.61,0.5991,12.5,95,da06be4-dirty
times_x0.5,"0.0215,0.0035,0.004,25,50,175",3,40,10.0,130.5,0,0,0,0,0,5.75,0.6036,12.5,95,da06be4-dirty
times_x0.5,"0.0215,0.0035,0.004,25,50,175",3,40,11.0,130.5,0,0,0,0,0,5.85,0.6063,12.5,95,da06be4-dirty
times_x0.5,"0.0215,0.0035,0.004,25,50,175",3,40,12.0,130.5,0,0,0,0,0,5.98,0.609,12.5,95,da06be4-dirty
times_x0.5,"0.0215,0.0035,0.004,25,50,175",3,40,13.0,130.5,0,0,0,0,0,6.04,0.6118,12.5,95,da06be4-dirty
times_x0.5,"0.0215,0.0035,0.004,25,50,175",3,40,14.0,130.5,0,0,0,0,0,6.15,0.6146,12.5,95,da06be4-dirty
times_x0.5,"0.0215,0.0035,0.004,25,50,175",3,40,15.0,130.5,0,0,0,0,0,6.23,0.6174,12.5,95,da06be4-dirty
times_x0.5,"0.0215,0.0035,0.004,25,50,175",3,40,16.0,130.5,0,0,0,0,0,6.28,0.6203,12.5,95,da06be4-dirty
times_x0.5,"0.0215,0.0035,0.004,25,50,175",3,40,17.0,130.5,0,0,0,0,0,6.36,0.6231,12.5,95,da06be4-dirty
times_x0.5,"0.0215,0.0035,0.004,25,50,175",3,40,18.0,130.5,0,0,0,0,0,6.45,0.6261,12.5,95,da06be4-dirty
times_x0.5,"0.0215,0.0035,0.004,25,50,175",3,40,19.0,130.5,0,0,0,0,0,6.52,0.629,12.5,95,da06be4-dirty
times_x0.5,"0.0215,0.0035,0.004,25,50,175",3,40,19.9,130.5,0,0,0,0,0,6.55,0.6317,12.5,95,da06be4-dirty
times_x0.5,"0.0215,0.0035,0.004,25,50,175",3,50,0.0,140.5,0,0,0,0,0,4.28,0.6564,12.5,95,da06be4-dirty
times_x0.5,"0.0215,0.0035,0.004,25,50,175",3,50,1.0,140.5,0,0,0,0,0,4.46,0.6593,12.5,95,da06be4-dirty
times_x0.5,"0.0215,0.0035,0.004,25,50,175",3,50,2.0,140.5,0,0,0,0,0,4.66,0.6621,12.5,95,da06be4-dirty
times_x0.5,"0.0215,0.0035,0.004,25,50,175",3,50,3.0,140.5,0,0,0,0,0,4.74,0.665,12.5,95,da06be4-dirty
times_x0.5,"0.0215,0.0035,0.004,25,50,175",3,50,4.0,140.5,0,0,0,0,0,4.8,0.6679,12.5,95,da06be4-dirty
times_x0.5,"0.0215,0.0035,0.004,25,50,175",3,50,5.0,140.5,0,0,0,0,0,4.86,0.6709,12.5,95,da06be4-dirty
times_x0.5,"0.0215,0.0035,0.004,25,50,175",3,50,6.0,140.5,0,0,0,0,0,4.92,0.6738,12.5,95,da06be4-dirty
times_x0.5,"0.0215,0.0035,0.004,25,50,175",3,50,7.0,140.5,0,0,0,0,0,5.0,0.6768,12.5,95,da06be4-dirty
times_x0.5,"0.0215,0.0035,0.004,25,50,175",3,50,8.0,140.5,0,0,0,0,0,5.03,0.6799,12.5,95,da06be4-dirty
times_x0.5,"0.0215,0.0035,0.004,25,50,175",3,50,9.0,140.5,0,0,0,0,0,5.29,0.6829,12.5,95,da06be4-dirty
times_x0.5,"0.0215,0.0035,0.004,25,50,175",3,50,10.0,140.5,0,0,0,0,0,5.45,0.6857,12.5,95,da06be4-dirty
times_x0.5,"0.0215,0.0035,0.004,25,50,175",3,50,11.0,140.5,0,0,0,0,0,5.56,0.6888,12.5,95,da06be4-dirty
times_x0.5,"0.0215,0.0035,0.004,25,50,175",3,50,12.0,140.5,0,0,0,0,0,5.64,0.6919,12.5,95,da06be4-dirty
times_x0.5,"0.0215,0.0035,0.004,25,50,175",3,50,13.0,140.5,0,0,0,0,0,5.76,0.6951,12.5,95,da06be4-dirty
times_x0.5,"0.0215,0.0035,0.004,25,50,175",3,50,14.0,140.5,0,0,0,0,0,5.84,0.6982,12.5,95,da06be4-dirty
times_x0.5,"0.0215,0.0035,0.004,25,50,175",3,50,15.0,140.5,0,0,0,0,0,5.93,0.7015,12.5,95,da06be4-dirty
times_x0.5,"0.0215,0.0035,0.004,25,50,175",3,50,16.0,140.5,0,0,0,0,0,6.17,0.7047,12.5,95,da06be4-dirty
times_x0.5,"0.0215,0.0035,0.004,25,50,175",3,50,17.0,140.5,0,0,0,0,0,6.34,0.708,12.5,95,da06be4-dirty
times_x0.5,"0.0215,0.0035,0.004,25,50,175",3,50,18.0,140.5,0,0,0,0,0,6.49,0.7113,12.5,95,da06be4-dirty
times_x0.5,"0.0215,0.0035,0.004,25,50,175",3,50,19.0,140.5,0,0,0,0,0,6.63,0.7146,12.5,95,da06be4-dirty
times_x0.5,"0.0215,0.0035,0.004,25,50,175",3,50,19.9,140.5,0,0,0,0,0,6.74,0.7176,12.5,95,da06be4-dirty
times_x0.5,"0.0215,0.0035,0.004,25,50,175",3,60,0.0,150.5,0,0,0,0,0,4.49,0.7276,12.5,95,da06be4-dirty
times_x0.5,"0.0215,0.0035,0.004,25,50,175",3,60,1.0,150.5,0,0,0,0,0,4.63,0.7308,12.5,95,da06be4-dirty
times_x0.5,"0.0215,0.0035,0.004,25,50,175",3,60,2.0,150.5,0,0,0,0,0,4.74,0.7341,12.5,95,da06be4-dirty
times_x0.5,"0.0215,0.0035,0.004,25,50,175",3,60,3.0,150.5,0,0,0,0,0,4.85,0.7374,12.5,95,da06be4-dirty
times_x0.5,"0.0215,0.0035,0.004,25,50,175",3,60,4.0,150.5,0,0,0,0,0,4.91,0.7408,12.5,95,da06be4-dirty
times_x0.5,"0.0215,0.0035,0.004,25,50,175",3,60,5.0,150.5,0,0,0,0,0,4.99,0.7441,12.5,95,da06be4-dirty
times_x0.5,"0.0215,0.0035,0.004,25,50,175",3,60,6.0,150.5,0,0,0,0,0,5.0,0.7475,12.5,95,da06be4-dirty
times_x0.5,"0.0215,0.0035,0.004,25,50,175",3,60,7.0,150.5,0,0,0,0,0,5.06,0.7509,12.5,95,da06be4-dirty
times_x0.5,"0.0215,0.0035,0.004,25,50,175",3,60,8.0,150.5,0,0,0,0,0,5.18,0.7543,12.5,95,da06be4-dirty
times_x0.5,"0.0215,0.0035,0.004,25,50,175",3,60,9.0,150.5,0,0,0,0,0,5.55,0.7578,12.5,95,da06be4-dirty
times_x0.5,"0.0215,0.0035,0.004,25,50,175",3,60,10.0,150.5,0,0,0,0,0,5.76,0.759,12.5,95,da06be4-dirty
times_x0.5,"0.0215,0.0035,0.004,25,50,175",3,60,11.0,150.5,0,0,0,0,0,5.91,0.7624,12.5,95,da06be4-dirty
times_x0.5,"0.0215,0.0035,0.004,25,50,175",3,60,12.0,150.5,0,0,0,0,0,6.03,0.7659,12.5,95,da06be4-dirty
times_x0.5,"0.0215,0.0035,0.004,25,50,175",3,60,13.0,150.5,0,0,0,0,0,6.17,0.7694,12.5,95,da06be4-dirty
times_x0.5,"0.0215,0.0035,0.004,25,50,175",3,60,14.0,150.5,0,0,0,0,0,6.29,0.773,12.5,95,da06be4-dirty
times_x0.5,"0.0215,0.0035,0.004,25,50,175",3,60,15.0,150.5,0,0,0,0,0,6.41,0.7765,12.5,95,da06be4-dirty
times_x0.5,"0.0215,0.0035,0.004,25,50,175",3,60,16.0,150.5,0,0,0,0,0,6.52,0.7801,12.5,95,da06be4-dirty
times_x0.5,"0.0215,0.0035,0.004,25,50,175",3,60,17.0,150.5,0,0,0,0,0,6.6,0.7837,12.5,95,da06be4-dirty
times_x0.5,"0.0215,0.0035,0.004,25,50,175",3,60,18.0,150.5,0,0,0,0,0,6.69,0.7874,12.5,95,da06be4-dirty
times_x0.5,"0.0215,0.0035,0.004,25,50,175",3,60,19.0,150.5,0,0,0,0,0,6.78,0.791,12.5,95,da06be4-dirty
times_x0.5,"0.0215,0.0035,0.004,25,50,175",3,60,19.9,150.5,0,0,0,0,0,6.85,0.7943,12.5,95,da06be4-dirty
times_x0.5,"0.0215,0.0035,0.004,25,50,175",3,70,0.0,160.5,0,0,0,0,0,5.01,0.7862,12.5,95,da06be4-dirty
times_x0.5,"0.0215,0.0035,0.004,25,50,175",3,70,1.0,160.5,0,0,0,0,0,5.17,0.7898,12.5,95,da06be4-dirty
times_x0.5,"0.0215,0.0035,0.004,25,50,175",3,70,2.0,160.5,0,0,0,0,0,5.28,0.7935,12.5,95,da06be4-dirty
times_x0.5,"0.0215,0.0035,0.004,25,50,175",3,70,3.0,160.5,0,0,0,0,0,5.42,0.7971,12.5,95,da06be4-dirty
times_x0.5,"0.0215,0.0035,0.004,25,50,175",3,70,4.0,160.5,3,0,0,0,3,5.58,0.8008,12.5,95,da06be4-dirty
times_x0.5,"0.0215,0.0035,0.004,25,50,175",3,70,5.0,160.5,9,0,0,0,9,5.69,0.8045,12.5,95,da06be4-dirty
times_x0.5,"0.0215,0.0035,0.004,25,50,175",3,70,6.0,160.5,11,1,0,0,10,5.81,0.8083,12.5,95,da06be4-dirty
times_x0.5,"0.0215,0.0035,0.004,25,50,175",3,70,7.0,160.5,14,2,0,0,12,5.87,0.812,12.5,95,da06be4-dirty
times_x0.5,"0.0215,0.0035,0.004,25,50,175",3,70,8.0,160.5,15,2,0,0,13,6.0,0.8158,12.5,95,da06be4-dirty
times_x0.5,"0.0215,0.0035,0.004,25,50,175",3,70,9.0,160.5,17,3,0,0,14,6.28,0.8196,12.5,95,da06be4-dirty
times_x0.5,"0.0215,0.0035,0.004,25,50,175",3,70,10.0,160.5,16,2,0,0,14,6.51,0.8177,12.5,95,da06be4-dirty
times_x0.5,"0.0215,0.0035,0.004,25,50,175",3,70,11.0,160.5,17,2,0,0,15,6.66,0.8215,12.5,95,da06be4-dirty
times_x0.5,"0.0215,0.0035,0.004,25,50,175",3,70,12.0,160.5,19,3,0,0,16,6.78,0.8253,12.5,95,da06be4-dirty
times_x0.5,"0.0215,0.0035,0.004,25,50,175",3,70,13.0,160.5,20,3,0,0,17,6.92,0.8291,12.5,95,da06be4-dirty
times_x0.5,"0.0215,0.0035,0.004,25,50,175",3,70,14.0,160.5,22,4,0,0,18,7.03,0.833,12.5,95,da06be4-dirty
times_x0.5,"0.0215,0.0035,0.004,25,50,175",3,70,15.0,160.5,23,4,0,0,19,7.16,0.8369,12.5,95,da06be4-dirty
times_x0.5,"0.0215,0.0035,0.004,25,50,175",3,70,16.0,160.5,25,5,0,0,20,7.23,0.8407,12.5,95,da06be4-dirty
times_x0.5,"0.0215,0.0035,0.004,25,50,175",3,70,17.0,160.5,26,5,0,0,21,7.34,0.8446,12.5,95,da06be4-dirty
times_x0.5,"0.0215,0.0035,0.004,25,50,175",3,70,18.0,160.5,27,5,0,0,22,7.41,0.8486,12.5,95,da06be4-dirty
times_x0.5,"0.0215,0.0035,0.004,25,50,175",3,70,19.0,160.5,28,6,0,0,22,7.49,0.8525,12.5,95,da06be4-dirty
times_x0.5,"0.0215,0.0035,0.004,25,50,175",3,70,19.9,160.5,29,6,0,0,23,7.58,0.8561,12.5,95,da06be4-dirty
times_x0.5,"0.0215,0.0035,0.004,25,50,175",3,80,0.0,170.5,23,5,0,0,18,6.09,0.8364,12.5,95,da06be4-dirty
times_x0.5,"0.0215,0.0035,0.004,25,50,175",3,80,1.0,170.5,24,5,0,0,19,6.22,0.8403,12.5,95,da06be4-dirty
times_x0.5,"0.0215,0.0035,0.004,25,50,175",3,80,2.0,170.5,25,6,0,0,19,6.31,0.8443,12.5,95,da06be4-dirty
times_x0.5,"0.0215,0.0035,0.004,25,50,175",3,80,3.0,170.5,26,6,0,0,20,6.42,0.8483,12.5,95,da06be4-dirty
times_x0.5,"0.0215,0.0035,0.004,25,50,175",3,80,4.0,170.5,27,6,0,0,21,6.51,0.8523,12.5,95,da06be4-dirty
times_x0.5,"0.0215,0.0035,0.004,25,50,175",3,80,5.0,170.5,28,7,0,0,21,6.58,0.8563,12.5,95,da06be4-dirty
times_x0.5,"0.0215,0.0035,0.004,25,50,175",3,80,6.0,170.5,29,7,0,0,22,6.64,0.8603,12.5,95,da06be4-dirty
times_x0.5,"0.0215,0.0035,0.004,25,50,175",3,80,7.0,170.5,30,7,0,0,23,6.69,0.8644,12.5,95,da06be4-dirty
times_x0.5,"0.0215,0.0035,0.004,25,50,175",3,80,8.0,170.5,31,8,0,0,23,6.76,0.8685,12.5,95,da06be4-dirty
times_x0.5,"0.0215,0.0035,0.004,25,50,175",3,80,9.0,170.5,32,8,0,0,24,7.02,0.8726,12.5,95,da06be4-dirty
times_x0.5,"0.0215,0.0035,0.004,25,50,175",3,80,10.0,170.5,32,7,0,0,25,7.24,0.8699,12.5,95,da06be4-dirty
times_x0.5,"0.0215,0.0035,0.004,25,50,175",3,80,11.0,170.5,32,7,0,0,25,7.36,0.874,12.5,95,da06be4-dirty
times_x0.5,"0.0215,0.0035,0.004,25,50,175",3,80,12.0,170.5,33,7,0,0,26,7.47,0.8781,12.5,95,da06be4-dirty
times_x0.5,"0.0215,0.0035,0.004,25,50,175",3,80,13.0,170.5,34,8,0,0,26,7.57,0.8822,12.5,95,da06be4-dirty
times_x0.5,"0.0215,0.0035,0.004,25,50,175",3,80,14.0,170.5,35,8,0,0,27,7.67,0.8864,12.5,95,da06be4-dirty
times_x0.5,"0.0215,0.0035,0.004,25,50,175",3,80,15.0,170.5,37,8,0,0,29,7.77,0.8905,12.5,95,da06be4-dirty
times_x0.5,"0.0215,0.0035,0.004,25,50,175",3,80,16.0,170.5,45,8,0,0,37,7.83,0.8947,12.5,95,da06be4-dirty
times_x0.5,"0.0215,0.0035,0.004,25,50,175",3,80,17.0,170.5,51,8,0,0,43,7.92,0.8989,12.5,95,da06be4-dirty
times_x0.5,"0.0215,0.0035,0.004,25,50,175",3,80,18.0,170.5,55,9,0,0,46,7.99,0.9031,12.5,95,da06be4-dirty
times_x0.5,"0.0215,0.0035,0.004,25,50,175",3,80,19.0,170.5,58,9,0,0,49,8.07,0.9073,12.5,95,da06be4-dirty
times_x0.5,"0.0215,0.0035,0.004,25,50,175",3,80,19.9,170.5,60,9,0,0,51,8.15,0.9111,12.5,95,da06be4-dirty
times_x0.5,"0.0215,0.0035,0.004,25,50,175",3,90,0.0,180.5,56,9,0,0,47,6.68,0.8859,12.5,95,da06be4-dirty
times_x0.5,"0.0215,0.0035,0.004,25,50,175",3,90,1.0,180.5,58,9,0,0,49,6.79,0.8902,12.5,95,da06be4-dirty
times_x0.5,"0.0215,0.0035,0.004,25,50,175",3,90,2.0,180.5,61,10,0,0,51,6.89,0.8945,12.5,95,da06be4-dirty
times_x0.5,"0.0215,0.0035,0.004,25,50,175",3,90,3.0,180.5,62,10,0,0,52,6.97,0.8988,12.5,95,da06be4-dirty
times_x0.5,"0.0215,0.0035,0.004,25,50,175",3,90,4.0,180.5,65,10,0,0,55,7.06,0.9031,12.5,95,da06be4-dirty
times_x0.5,"0.0215,0.0035,0.004,25,50,175",3,90,5.0,180.5,66,10,0,0,56,7.11,0.9074,12.5,95,da06be4-dirty
times_x0.5,"0.0215,0.0035,0.004,25,50,175",3,90,6.0,180.5,67,10,0,0,57,7.15,0.9117,12.5,95,da06be4-dirty
times_x0.5,"0.0215,0.0035,0.004,25,50,175",3,90,7.0,180.5,70,11,0,0,59,7.22,0.9161,12.5,95,da06be4-dirty
times_x0.5,"0.0215,0.0035,0.004,25,50,175",3,90,8.0,180.5,72,11,0,0,61,7.34,0.9205,12.5,95,da06be4-dirty
times_x0.5,"0.0215,0.0035,0.004,25,50,175",3,90,9.0,180.5,73,11,0,0,62,7.64,0.9249,12.5,95,da06be4-dirty
times_x0.5,"0.0215,0.0035,0.004,25,50,175",3,90,10.0,180.5,75,10,0,0,65,7.92,0.9207,12.5,95,da06be4-dirty
times_x0.5,"0.0215,0.0035,0.004,25,50,175",3,90,11.0,180.5,75,10,0,0,65,8.04,0.9251,12.5,95,da06be4-dirty
times_x0.5,"0.0215,0.0035,0.004,25,50,175",3,90,12.0,180.5,77,10,0,0,67,8.17,0.9295,12.5,95,da06be4-dirty
times_x0.5,"0.0215,0.0035,0.004,25,50,175",3,90,13.0,180.5,79,11,0,0,68,8.26,0.9339,12.5,95,da06be4-dirty
times_x0.5,"0.0215,0.0035,0.004,25,50,175",3,90,14.0,180.5,81,11,0,0,70,8.37,0.9383,12.5,95,da06be4-dirty
times_x0.5,"0.0215,0.0035,0.004,25,50,175",3,90,15.0,180.5,82,11,0,0,71,8.47,0.9427,12.5,95,da06be4-dirty
times_x0.5,"0.0215,0.0035,0.004,25,50,175",3,90,16.0,180.5,83,11,0,0,72,8.57,0.9472,12.5,95,da06be4-dirty
times_x0.5,"0.0215,0.0035,0.004,25,50,175",3,90,17.0,180.5,85,11,0,0,74,8.65,0.9517,12.5,95,da06be4-dirty
times_x0.5,"0.0215,0.0035,0.004,25,50,175",3,90,18.0,180.5,86,11,0,0,75,8.75,0.9561,12.5,95,da06be4-dirty
times_x0.5,"0.0215,0.0035,0.004,25,50,175",3,90,19.0,180.5,89,12,0,0,77,8.81,0.9606,12.5,95,da06be4-dirty
times_x0.5,"0.0215,0.0035,0.004,25,50,175",3,90,19.9,180.5,89,12,0,0,77,8.87,0.9647,12.5,95,da06be4-dirty
times_x0.5,"0.0215,0.0035,0.004,25,50,175",3,100,0.0,190.5,84,13,0,0,71,7.44,0.9413,12.5,95,da06be4-dirty
times_x0.5,"0.0215,0.0035,0.004,25,50,175",3,100,1.0,190.5,87,14,0,0,73,7.55,0.9459,12.5,95,da06be4-dirty
times_x0.5,"0.0215,0.0035,0.004,25,50,175",3,100,2.0,190.5,87,14,0,0,73,7.64,0.9504,12.5,95,da06be4-dirty
times_x0.5,"0.0215,0.0035,0.004,25,50,175",3,100,3.0,190.5,89,14,0,0,75,7.76,0.955,12.5,95,da06be4-dirty
times_x0.5,"0.0215,0.0035,0.004,25,50,175",3,100,4.0,190.5,89,14,0,0,75,7.81,0.9596,12.5,95,da06be4-dirty
times_x0.5,"0.0215,0.0035,0.004,25,50,175",3,100,5.0,190.5,91,14,0,0,77,7.91,0.9642,12.5,95,da06be4-dirty
times_x0.5,"0.0215,0.0035,0.004,25,50,175",3,100,6.0,190.5,92,14,0,0,78,7.93,0.9688,12.5,95,da06be4-dirty
times_x0.5,"0.0215,0.0035,0.004,25,50,175",3,100,7.0,190.5,93,14,0,0,79,8.0,0.9735,12.5,95,da06be4-dirty
times_x0.5,"0.0215,0.0035,0.004,25,50,175",3,100,8.0,190.5,95,15,0,0,80,8.05,0.9782,12.5,95,da06be4-dirty
times_x0.5,"0.0215,0.0035,0.004,25,50,175",3,100,9.0,190.5,96,15,0,0,81,8.33,0.9829,12.5,95,da06be4-dirty
times_x0.5,"0.0215,0.0035,0.004,25,50,175",3,100,10.0,190.5,96,14,0,0,82,8.56,0.9812,12.5,95,da06be4-dirty
times_x0.5,"0.0215,0.0035,0.004,25,50,175",3,100,11.0,190.5,97,14,0,0,83,8.67,0.9859,12.5,95,da06be4-dirty
times_x0.5,"0.0215,0.0035,0.004,25,50,175",3,100,12.0,190.5,98,14,0,0,84,8.75,0.9905,12.5,95,da06be4-dirty
times_x0.5,"0.0215,0.0035,0.004,25,50,175",3,100,13.0,190.5,100,14,0,0,86,8.84,0.9952,12.5,95,da06be4-dirty
times_x0.5,"0.0215,0.0035,0.004,25,50,175",3,100,14.0,190.5,100,14,0,0,86,8.97,1.0,12.5,95,da06be4-dirty
times_x0.5,"0.0215,0.0035,0.004,25,50,175",3,100,15.0,190.5,102,14,0,0,88,9.04,1.0047,12.5,95,da06be4-dirty
times_x0.5,"0.0215,0.0035,0.004,25,50,175",3,100,16.0,190.5,103,15,0,0,88,9.13,1.0094,12.5,95,da06be4-dirty
times_x0.5,"0.0215,0.0035,0.004,25,50,175",3,100,17.0,190.5,104,15,0,0,89,9.19,1.0142,12.5,95,da06be4-dirty
times_x0.5,"0.0215,0.0035,0.004,25,50,175",3,100,18.0,190.5,105,15,0,0,90,9.26,1.019,12.5,95,da06be4-dirty
times_x0.5,"0.0215,0.0035,0.004,25,50,175",3,100,19.0,190.5,105,15,0,0,90,9.35,1.0238,12.5,95,da06be4-dirty
times_x0.5,"0.0215,0.0035,0.004,25,50,175",3,100,19.9,190.5,106,15,0,0,91,9.41,1.0281,12.5,95,da06be4-dirty
times_x0.5,"0.0215,0.0035,0.004,25,50,175",2,60,0.0,150.5,0,0,0,0,0,4.86,0.4398,12.5,95,da06be4-dirty
times_x0.5,"0.0215,0.0035,0.004,25,50,175",2,60,1.0,150.5,0,0,0,0,0,4.93,0.4446,12.5,95,da06be4-dirty
times_x0.5,"0.0215,0.0035,0.004,25,50,175",2,60,2.0,150.5,0,0,0,0,0,4.98,0.4494,12.5,95,da06be4-dirty
times_x0.5,"0.0215,0.0035,0.004,25,50,175",2,60,3.0,150.5,0,0,0,0,0,5.02,0.4543,12.5,95,da06be4-dirty
times_x0.5,"0.0215,0.0035,0.004,25,50,175",2,60,4.0,150.5,0,0,0,0,0,5.06,0.4591,12.5,95,da06be4-dirty
times_x0.5,"0.0215,0.0035,0.004,25,50,175",2,60,5.0,150.5,0,0,0,0,0,5.11,0.4639,12.5,95,da06be4-dirty
times_x0.5,"0.0215,0.0035,0.004,25,50,175",2,60,6.0,150.5,0,0,0,0,0,5.15,0.4688,12.5,95,da06be4-dirty
times_x0.5,"0.0215,0.0035,0.004,25,50,175",2,60,7.0,150.5,0,0,0,0,0,5.22,0.4736,12.5,95,da06be4-dirty
times_x0.5,"0.0215,0.0035,0.004,25,50,175",2,60,8.0,150.5,0,0,0,0,0,5.25,0.4784,12.5,95,da06be4-dirty
times_x0.5,"0.0215,0.0035,0.004,25,50,175",2,60,9.0,150.5,0,0,0,0,0,5.27,0.4833,12.5,95,da06be4-dirty
times_x0.5,"0.0215,0.0035,0.004,25,50,175",2,60,10.0,150.5,0,0,0,0,0,5.34,0.4881,12.5,95,da06be4-dirty
times_x0.5,"0.0215,0.0035,0.004,25,50,175",2,60,11.0,150.5,0,0,0,0,0,5.43,0.493,12.5,95,da06be4-dirty
times_x0.5,"0.0215,0.0035,0.004,25,50,175",2,60,12.0,150.5,0,0,0,0,0,5.53,0.4978,12.5,95,da06be4-dirty
times_x0.5,"0.0215,0.0035,0.004,25,50,175",2,60,13.0,150.5,0,0,0,0,0,5.58,0.5027,12.5,95,da06be4-dirty
times_x0.5,"0.0215,0.0035,0.004,25,50,175",2,60,14.0,150.5,0,0,0,0,0,5.65,0.5075,12.5,95,da06be4-dirty
times_x0.5,"0.0215,0.0035,0.004,25,50,175",2,60,15.0,150.5,0,0,0,0,0,5.74,0.5124,12.5,95,da06be4-dirty
times_x0.5,"0.0215,0.0035,0.004,25,50,175",2,60,16.0,150.5,0,0,0,0,0,5.82,0.5172,12.5,95,da06be4-dirty
times_x0.5,"0.0215,0.0035,0.004,25,50,175",2,60,17.0,150.5,0,0,0,0,0,5.89,0.5221,12.5,95,da06be4-dirty
times_x0.5,"0.0215,0.0035,0.004,25,50,175",2,60,18.0,150.5,0,0,0,0,0,5.97,0.527,12.5,95,da06be4-dirty
times_x0.5,"0.0215,0.0035,0.004,25,50,175",2,60,19.0,150.5,0,0,0,0,0,6.06,0.5318,12.5,95,da06be4-dirty
times_x0.5,"0.0215,0.0035,0.004,25,50,175",2,60,19.9,150.5,0,0,0,0,0,6.14,0.5362,12.5,95,da06be4-dirty
times_x0.5,"0.0215,0.0035,0.004,25,50,175",2,70,0.0,160.5,0,0,0,0,0,5.23,0.4399,12.5,95,da06be4-dirty
times_x0.5,"0.0215,0.0035,0.004,25,50,175",2,70,1.0,160.5,0,0,0,0,0,5.29,0.4447,12.5,95,da06be4-dirty
times_x0.5,"0.0215,0.0035,0.004,25,50,175",2,70,2.0,160.5,0,0,0,0,0,5.37,0.4495,12.5,95,da06be4-dirty
times_x0.5,"0.0215,0.0035,0.004,25,50,175",2,70,3.0,160.5,0,0,0,0,0,5.43,0.4543,12.5,95,da06be4-dirty
times_x0.5,"0.0215,0.0035,0.004,25,50,175",2,70,4.0,160.5,0,0,0,0,0,5.46,0.4591,12.5,95,da06be4-dirty
times_x0.5,"0.0215,0.0035,0.004,25,50,175",2,70,5.0,160.5,0,0,0,0,0,5.53,0.464,12.5,95,da06be4-dirty
times_x0.5,"0.0215,0.0035,0.004,25,50,175",2,70,6.0,160.5,0,0,0,0,0,5.6,0.4688,12.5,95,da06be4-dirty
times_x0.5,"0.0215,0.0035,0.004,25,50,175",2,70,7.0,160.5,0,0,0,0,0,5.66,0.4737,12.5,95,da06be4-dirty
times_x0.5,"0.0215,0.0035,0.004,25,50,175",2,70,8.0,160.5,0,0,0,0,0,5.69,0.4785,12.5,95,da06be4-dirty
times_x0.5,"0.0215,0.0035,0.004,25,50,175",2,70,9.0,160.5,0,0,0,0,0,5.72,0.4833,12.5,95,da06be4-dirty
times_x0.5,"0.0215,0.0035,0.004,25,50,175",2,70,10.0,160.5,0,0,0,0,0,5.79,0.4882,12.5,95,da06be4-dirty
times_x0.5,"0.0215,0.0035,0.004,25,50,175",2,70,11.0,160.5,0,0,0,0,0,5.82,0.493,12.5,95,da06be4-dirty
times_x0.5,"0.0215,0.0035,0.004,25,50,175",2,70,12.0,160.5,0,0,0,0,0,5.87,0.4979,12.5,95,da06be4-dirty
times_x0.5,"0.0215,0.0035,0.004,25,50,175",2,70,13.0,160.5,0,0,0,0,0,5.91,0.5027,12.5,95,da06be4-dirty
times_x0.5,"0.0215,0.0035,0.004,25,50,175",2,70,14.0,160.5,0,0,0,0,0,5.97,0.5076,12.5,95,da06be4-dirty
times_x0.5,"0.0215,0.0035,0.004,25,50,175",2,70,15.0,160.5,0,0,0,0,0,6.03,0.5124,12.5,95,da06be4-dirty
times_x0.5,"0.0215,0.0035,0.004,25,50,175",2,70,16.0,160.5,0,0,0,0,0,6.08,0.5173,12.5,95,da06be4-dirty
times_x0.5,"0.0215,0.0035,0.004,25,50,175",2,70,17.0,160.5,0,0,0,0,0,6.17,0.5222,12.5,95,da06be4-dirty
times_x0.5,"0.0215,0.0035,0.004,25,50,175",2,70,18.0,160.5,0,0,0,0,0,6.23,0.527,12.5,95,da06be4-dirty
times_x0.5,"0.0215,0.0035,0.004,25,50,175",2,70,19.0,160.5,0,0,0,0,0,6.28,0.5319,12.5,95,da06be4-dirty
times_x0.5,"0.0215,0.0035,0.004,25,50,175",2,70,19.9,160.5,0,0,0,0,0,6.36,0.5363,12.5,95,da06be4-dirty
times_x0.5,"0.0215,0.0035,0.004,25,50,175",2,80,0.0,170.5,0,0,0,0,0,5.54,0.4398,12.5,95,da06be4-dirty
times_x0.5,"0.0215,0.0035,0.004,25,50,175",2,80,1.0,170.5,0,0,0,0,0,5.59,0.4447,12.5,95,da06be4-dirty
times_x0.5,"0.0215,0.0035,0.004,25,50,175",2,80,2.0,170.5,0,0,0,0,0,5.64,0.4495,12.5,95,da06be4-dirty
times_x0.5,"0.0215,0.0035,0.004,25,50,175",2,80,3.0,170.5,0,0,0,0,0,5.69,0.4543,12.5,95,da06be4-dirty
times_x0.5,"0.0215,0.0035,0.004,25,50,175",2,80,4.0,170.5,0,0,0,0,0,5.75,0.4591,12.5,95,da06be4-dirty
times_x0.5,"0.0215,0.0035,0.004,25,50,175",2,80,5.0,170.5,0,0,0,0,0,5.79,0.464,12.5,95,da06be4-dirty
times_x0.5,"0.0215,0.0035,0.004,25,50,175",2,80,6.0,170.5,0,0,0,0,0,5.83,0.4688,12.5,95,da06be4-dirty
times_x0.5,"0.0215,0.0035,0.004,25,50,175",2,80,7.0,170.5,0,0,0,0,0,5.89,0.4736,12.5,95,da06be4-dirty
times_x0.5,"0.0215,0.0035,0.004,25,50,175",2,80,8.0,170.5,0,0,0,0,0,5.92,0.4785,12.5,95,da06be4-dirty
times_x0.5,"0.0215,0.0035,0.004,25,50,175",2,80,9.0,170.5,0,0,0,0,0,5.95,0.4833,12.5,95,da06be4-dirty
times_x0.5,"0.0215,0.0035,0.004,25,50,175",2,80,10.0,170.5,0,0,0,0,0,6.0,0.4882,12.5,95,da06be4-dirty
times_x0.5,"0.0215,0.0035,0.004,25,50,175",2,80,11.0,170.5,0,0,0,0,0,6.05,0.493,12.5,95,da06be4-dirty
times_x0.5,"0.0215,0.0035,0.004,25,50,175",2,80,12.0,170.5,0,0,0,0,0,6.07,0.4979,12.5,95,da06be4-dirty
times_x0.5,"0.0215,0.0035,0.004,25,50,175",2,80,13.0,170.5,0,0,0,0,0,6.12,0.5027,12.5,95,da06be4-dirty
times_x0.5,"0.0215,0.0035,0.004,25,50,175",2,80,14.0,170.5,0,0,0,0,0,6.15,0.5076,12.5,95,da06be4-dirty
times_x0.5,"0.0215,0.0035,0.004,25,50,175",2,80,15.0,170.5,0,0,0,0,0,6.2,0.5124,12.5,95,da06be4-dirty
times_x0.5,"0.0215,0.0035,0.004,25,50,175",2,80,16.0,170.5,0,0,0,0,0,6.28,0.5173,12.5,95,da06be4-dirty
times_x0.5,"0.0215,0.0035,0.004,25,50,175",2,80,17.0,170.5,0,0,0,0,0,6.34,0.5221,12.5,95,da06be4-dirty
times_x0.5,"0.0215,0.0035,0.004,25,50,175",2,80,18.0,170.5,0,0,0,0,0,6.42,0.527,12.5,95,da06be4-dirty
times_x0.5,"0.0215,0.0035,0.004,25,50,175",2,80,19.0,170.5,0,0,0,0,0,6.47,0.5319,12.5,95,da06be4-dirty
times_x0.5,"0.0215,0.0035,0.004,25,50,175",2,80,19.9,170.5,0,0,0,0,0,6.54,0.5363,12.5,95,da06be4-dirty
times_x0.5,"0.0215,0.0035,0.004,25,50,175",2,90,0.0,180.5,0,0,0,0,0,5.92,0.4398,12.5,95,da06be4-dirty
times_x0.5,"0.0215,0.0035,0.004,25,50,175",2,90,1.0,180.5,0,0,0,0,0,5.98,0.4446,12.5,95,da06be4-dirty
times_x0.5,"0.0215,0.0035,0.004,25,50,175",2,90,2.0,180.5,0,0,0,0,0,6.05,0.4494,12.5,95,da06be4-dirty
times_x0.5,"0.0215,0.0035,0.004,25,50,175",2,90,3.0,180.5,0,0,0,0,0,6.12,0.4543,12.5,95,da06be4-dirty
times_x0.5,"0.0215,0.0035,0.004,25,50,175",2,90,4.0,180.5,0,0,0,0,0,6.16,0.4591,12.5,95,da06be4-dirty
times_x0.5,"0.0215,0.0035,0.004,25,50,175",2,90,5.0,180.5,0,0,0,0,0,6.22,0.4639,12.5,95,da06be4-dirty
times_x0.5,"0.0215,0.0035,0.004,25,50,175",2,90,6.0,180.5,0,0,0,0,0,6.28,0.4687,12.5,95,da06be4-dirty
times_x0.5,"0.0215,0.0035,0.004,25,50,175",2,90,7.0,180.5,0,0,0,0,0,6.36,0.4736,12.5,95,da06be4-dirty
times_x0.5,"0.0215,0.0035,0.004,25,50,175",2,90,8.0,180.5,0,0,0,0,0,6.39,0.4784,12.5,95,da06be4-dirty
times_x0.5,"0.0215,0.0035,0.004,25,50,175",2,90,9.0,180.5,0,0,0,0,0,6.4,0.4833,12.5,95,da06be4-dirty
times_x0.5,"0.0215,0.0035,0.004,25,50,175",2,90,10.0,180.5,0,0,0,0,0,6.56,0.4881,12.5,95,da06be4-dirty
times_x0.5,"0.0215,0.0035,0.004,25,50,175",2,90,11.0,180.5,0,0,0,0,0,6.62,0.493,12.5,95,da06be4-dirty
times_x0.5,"0.0215,0.0035,0.004,25,50,175",2,90,12.0,180.5,0,0,0,0,0,6.64,0.4978,12.5,95,da06be4-dirty
times_x0.5,"0.0215,0.0035,0.004,25,50,175",2,90,13.0,180.5,0,0,0,0,0,6.67,0.5027,12.5,95,da06be4-dirty
times_x0.5,"0.0215,0.0035,0.004,25,50,175",2,90,14.0,180.5,0,0,0,0,0,6.75,0.5075,12.5,95,da06be4-dirty
times_x0.5,"0.0215,0.0035,0.004,25,50,175",2,90,15.0,180.5,0,0,0,0,0,6.77,0.5124,12.5,95,da06be4-dirty
times_x0.5,"0.0215,0.0035,0.004,25,50,175",2,90,16.0,180.5,0,0,0,0,0,6.86,0.5172,12.5,95,da06be4-dirty
times_x0.5,"0.0215,0.0035,0.004,25,50,175",2,90,17.0,180.5,0,0,0,0,0,6.93,0.5221,12.5,95,da06be4-dirty
times_x0.5,"0.0215,0.0035,0.004,25,50,175",2,90,18.0,180.5,0,0,0,0,0,7.01,0.527,12.5,95,da06be4-dirty
times_x0.5,"0.0215,0.0035,0.004,25,50,175",2,90,19.0,180.5,0,0,0,0,0,7.06,0.5318,12.5,95,da06be4-dirty
times_x0.5,"0.0215,0.0035,0.004,25,50,175",2,90,19.9,180.5,0,0,0,0,0,7.13,0.5362,12.5,95,da06be4-dirty
times_x0.5,"0.0215,0.0035,0.004,25,50,175",2,100,0.0,190.5,0,0,0,0,0,6.6,0.4397,12.5,95,da06be4-dirty
times_x0.5,"0.0215,0.0035,0.004,25,50,175",2,100,1.0,190.5,0,0,0,0,0,6.66,0.4446,12.5,95,da06be4-dirty
times_x0.5,"0.0215,0.0035,0.004,25,50,175",2,100,2.0,190.5,0,0,0,0,0,6.72,0.4494,12.5,95,da06be4-dirty
times_x0.5,"0.0215,0.0035,0.004,25,50,175",2,100,3.0,190.5,0,0,0,0,0,6.77,0.4542,12.5,95,da06be4-dirty
times_x0.5,"0.0215,0.0035,0.004,25,50,175",2,100,4.0,190.5,0,0,0,0,0,6.84,0.459,12.5,95,da06be4-dirty
times_x0.5,"0.0215,0.0035,0.004,25,50,175",2,100,5.0,190.5,0,0,0,0,0,6.88,0.4639,12.5,95,da06be4-dirty
times_x0.5,"0.0215,0.0035,0.004,25,50,175",2,100,6.0,190.5,0,0,0,0,0,6.93,0.4687,12.5,95,da06be4-dirty
times_x0.5,"0.0215,0.0035,0.004,25,50,175",2,100,7.0,190.5,0,0,0,0,0,6.99,0.4735,12.5,95,da06be4-dirty
times_x0.5,"0.0215,0.0035,0.004,25,50,175",2,100,8.0,190.5,0,0,0,0,0,7.02,0.4784,12.5,95,da06be4-dirty
times_x0.5,"0.0215,0.0035,0.004,25,50,175",2,100,9.0,190.5,0,0,0,0,0,7.06,0.4832,12.5,95,da06be4-dirty
times_x0.5,"0.0215,0.0035,0.004,25,50,175",2,100,10.0,190.5,0,0,0,0,0,7.17,0.4881,12.5,95,da06be4-dirty
times_x0.5,"0.0215,0.0035,0.004,25,50,175",2,100,11.0,190.5,0,0,0,0,0,7.22,0.4929,12.5,95,da06be4-dirty
times_x0.5,"0.0215,0.0035,0.004,25,50,175",2,100,12.0,190.5,0,0,0,0,0,7.24,0.4978,12.5,95,da06be4-dirty
times_x0.5,"0.0215,0.0035,0.004,25,50,175",2,100,13.0,190.5,0,0,0,0,0,7.28,0.5026,12.5,95,da06be4-dirty
times_x0.5,"0.0215,0.0035,0.004,25,50,175",2,100,14.0,190.5,0,0,0,0,0,7.36,0.5075,12.5,95,da06be4-dirty
times_x0.5,"0.0215,0.0035,0.004,25,50,175",2,100,15.0,190.5,0,0,0,0,0,7.45,0.5123,12.5,95,da06be4-dirty
times_x0.5,"0.0215,0.0035,0.004,25,50,175",2,100,16.0,190.5,0,0,0,0,0,7.55,0.5172,12.5,95,da06be4-dirty
times_x0.5,"0.0215,0.0035,0.004,25,50,175",2,100,17.0,190.5,0,0,0,0,0,7.65,0.5221,12.5,95,da06be4-dirty
times_x0.5,"0.0215,0.0035,0.004,25,50,175",2,100,18.0,190.5,0,0,0,0,0,7.77,0.5269,12.5,95,da06be4-dirty
times_x0.5,"0.0215,0.0035,0.004,25,50,175",2,100,19.0,190.5,0,0,0,0,0,7.84,0.5318,12.5,95,da06be4-dirty
times_x0.5,"0.0215,0.0035,0.004,25,50,175",2,100,19.9,190.5,0,0,0,0,0,7.94,0.5362,12.5,95,da06be4-dirty
times_x0.5,"0.0215,0.0035,0.004,25,50,175",2,110,0.0,200.5,0,0,0,0,0,7.82,0.4395,12.5,95,da06be4-dirty
times_x0.5,"0.0215,0.0035,0.004,25,50,175",2,110,1.0,200.5,0,0,0,0,0,7.84,0.4443,12.5,95,da06be4-dirty
times_x0.5,"0.0215,0.0035,0.004,25,50,175",2,110,2.0,200.5,0,0,0,0,0,7.93,0.4491,12.5,95,da06be4-dirty
times_x0.5,"0.0215,0.0035,0.004,25,50,175",2,110,3.0,200.5,0,0,0,0,0,7.97,0.4539,12.5,95,da06be4-dirty
times_x0.5,"0.0215,0.0035,0.004,25,50,175",2,110,4.0,200.5,0,0,0,0,0,8.0,0.4588,12.5,95,da06be4-dirty
times_x0.5,"0.0215,0.0035,0.004,25,50,175",2,110,5.0,200.5,0,0,0,0,0,8.03,0.4636,12.5,95,da06be4-dirty
times_x0.5,"0.0215,0.0035,0.004,25,50,175",2,110,6.0,200.5,0,0,0,0,0,8.09,0.4684,12.5,95,da06be4-dirty
times_x0.5,"0.0215,0.0035,0.004,25,50,175",2,110,7.0,200.5,0,0,0,0,0,8.14,0.4733,12.5,95,da06be4-dirty
times_x0.5,"0.0215,0.0035,0.004,25,50,175",2,110,8.0,200.5,0,0,0,0,0,8.18,0.4781,12.5,95,da06be4-dirty
times_x0.5,"0.0215,0.0035,0.004,25,50,175",2,110,9.0,200.5,0,0,0,0,0,8.21,0.483,12.5,95,da06be4-dirty
times_x0.5,"0.0215,0.0035,0.004,25,50,175",2,110,10.0,200.5,0,0,0,0,0,8.29,0.4878,12.5,95,da06be4-dirty
times_x0.5,"0.0215,0.0035,0.004,25,50,175",2,110,11.0,200.5,0,0,0,0,0,8.35,0.4926,12.5,95,da06be4-dirty
times_x0.5,"0.0215,0.0035,0.004,25,50,175",2,110,12.0,200.5,0,0,0,0,0,8.38,0.4975,12.5,95,da06be4-dirty
times_x0.5,"0.0215,0.0035,0.004,25,50,175",2,110,13.0,200.5,0,0,0,0,0,8.4,0.5023,12.5,95,da06be4-dirty
times_x0.5,"0.0215,0.0035,0.004,25,50,175",2,110,14.0,200.5,0,0,0,0,0,8.47,0.5072,12.5,95,da06be4-dirty
times_x0.5,"0.0215,0.0035,0.004,25,50,175",2,110,15.0,200.5,0,0,0,0,0,8.52,0.512,12.5,95,da06be4-dirty
times_x0.5,"0.0215,0.0035,0.004,25,50,175",2,110,16.0,200.5,0,0,0,0,0,8.63,0.5169,12.5,95,da06be4-dirty
times_x0.5,"0.0215,0.0035,0.004,25,50,175",2,110,17.0,200.5,0,0,0,0,0,8.74,0.5218,12.5,95,da06be4-dirty
times_x0.5,"0.0215,0.0035,0.004,25,50,175",2,110,18.0,200.5,0,0,0,0,0,8.83,0.5266,12.5,95,da06be4-dirty
times_x0.5,"0.0215,0.0035,0.004,25,50,175",2,110,19.0,200.5,0,0,0,0,0,8.91,0.5315,12.5,95,da06be4-dirty
times_x0.5,"0.0215,0.0035,0.004,25,50,175",2,110,19.9,200.5,0,0,0,0,0,9.04,0.5359,12.5,95,da06be4-dirty
times_x0.5,"0.0215,0.0035,0.004,25,50,175",2,120,0.0,210.5,0,0,0,0,0,9.18,0.4868,12.5,95,da06be4-dirty
times_x0.5,"0.0215,0.0035,0.004,25,50,175",2,120,1.0,210.5,0,0,0,0,0,9.23,0.4894,12.5,95,da06be4-dirty
times_x0.5,"0.0215,0.0035,0.004,25,50,175",2,120,2.0,210.5,0,0,0,0,0,9.31,0.4919,12.5,95,da06be4-dirty
times_x0.5,"0.0215,0.0035,0.004,25,50,175",2,120,3.0,210.5,0,0,0,0,0,9.36,0.4945,12.5,95,da06be4-dirty
times_x0.5,"0.0215,0.0035,0.004,25,50,175",2,120,4.0,210.5,0,0,0,0,0,9.4,0.4971,12.5,95,da06be4-dirty
times_x0.5,"0.0215,0.0035,0.004,25,50,175",2,120,5.0,210.5,0,0,0,0,0,9.46,0.4997,12.5,95,da06be4-dirty
times_x0.5,"0.0215,0.0035,0.004,25,50,175",2,120,6.0,210.5,0,0,0,0,0,9.51,0.5023,12.5,95,da06be4-dirty
times_x0.5,"0.0215,0.0035,0.004,25,50,175",2,120,7.0,210.5,0,0,0,0,0,9.59,0.505,12.5,95,da06be4-dirty
times_x0.5,"0.0215,0.0035,0.004,25,50,175",2,120,8.0,210.5,0,0,0,0,0,9.64,0.5076,12.5,95,da06be4-dirty
times_x0.5,"0.0215,0.0035,0.004,25,50,175",2,120,9.0,210.5,0,0,0,0,0,9.65,0.5103,12.5,95,da06be4-dirty
times_x0.5,"0.0215,0.0035,0.004,25,50,175",2,120,10.0,210.5,0,0,0,0,0,9.79,0.5167,12.5,95,da06be4-dirty
times_x0.5,"0.0215,0.0035,0.004,25,50,175",2,120,11.0,210.5,0,0,0,0,0,9.83,0.5194,12.5,95,da06be4-dirty
times_x0.5,"0.0215,0.0035,0.004,25,50,175",2,120,12.0,210.5,0,0,0,0,0,9.85,0.522,12.5,95,da06be4-dirty
times_x0.5,"0.0215,0.0035,0.004,25,50,175",2,120,13.0,210.5,0,0,0,0,0,9.92,0.5247,12.5,95,da06be4-dirty
times_x0.5,"0.0215,0.0035,0.004,25,50,175",2,120,14.0,210.5,0,0,0,0,0,9.96,0.5274,12.5,95,da06be4-dirty
times_x0.5,"0.0215,0.0035,0.004,25,50,175",2,120,15.0,210.5,0,0,0,0,0,10.01,0.5301,12.5,95,da06be4-dirty
times_x0.5,"0.0215,0.0035,0.004,25,50,175",2,120,16.0,210.5,0,0,0,0,0,10.09,0.5328,12.5,95,da06be4-dirty
times_x0.5,"0.0215,0.0035,0.004,25,50,175",2,120,17.0,210.5,0,0,0,0,0,10.18,0.5355,12.5,95,da06be4-dirty
times_x0.5,"0.0215,0.0035,0.004,25,50,175",2,120,18.0,210.5,0,0,0,0,0,10.24,0.5383,12.5,95,da06be4-dirty
times_x0.5,"0.0215,0.0035,0.004,25,50,175",2,120,19.0,210.5,0,0,0,0,0,10.31,0.541,12.5,95,da06be4-dirty
times_x0.5,"0.0215,0.0035,0.004,25,50,175",2,120,19.9,210.5,0,0,0,0,0,10.4,0.5438,12.5,95,da06be4-dirty
times_x0.5,"0.0215,0.0035,0.004,25,50,175",2,130,0.0,220.5,0,0,0,0,0,10.85,0.5576,12.5,95,da06be4-dirty
times_x0.5,"0.0215,0.0035,0.004,25,50,175",2,130,1.0,220.5,0,0,0,0,0,10.91,0.5604,12.5,95,da06be4-dirty
times_x0.5,"0.0215,0.0035,0.004,25,50,175",2,130,2.0,220.5,0,0,0,0,0,10.97,0.5632,12.5,95,da06be4-dirty
times_x0.5,"0.0215,0.0035,0.004,25,50,175",2,130,3.0,220.5,0,0,0,0,0,11.0,0.566,12.5,95,da06be4-dirty
times_x0.5,"0.0215,0.0035,0.004,25,50,175",2,130,4.0,220.5,0,0,0,0,0,11.04,0.5688,12.5,95,da06be4-dirty
times_x0.5,"0.0215,0.0035,0.004,25,50,175",2,130,5.0,220.5,0,0,0,0,0,11.09,0.5716,12.5,95,da06be4-dirty
times_x0.5,"0.0215,0.0035,0.004,25,50,175",2,130,6.0,220.5,0,0,0,0,0,11.17,0.5745,12.5,95,da06be4-dirty
times_x0.5,"0.0215,0.0035,0.004,25,50,175",2,130,7.0,220.5,0,0,0,0,0,11.18,0.5773,12.5,95,da06be4-dirty
times_x0.5,"0.0215,0.0035,0.004,25,50,175",2,130,8.0,220.5,0,0,0,0,0,11.24,0.5802,12.5,95,da06be4-dirty
times_x0.5,"0.0215,0.0035,0.004,25,50,175",2,130,9.0,220.5,0,0,0,0,0,11.25,0.5831,12.5,95,da06be4-dirty
times_x0.5,"0.0215,0.0035,0.004,25,50,175",2,130,10.0,220.5,0,0,0,0,0,11.37,0.5898,12.5,95,da06be4-dirty
times_x0.5,"0.0215,0.0035,0.004,25,50,175",2,130,11.0,220.5,0,0,0,0,0,11.38,0.5926,12.5,95,da06be4-dirty
times_x0.5,"0.0215,0.0035,0.004,25,50,175",2,130,12.0,220.5,0,0,0,0,0,11.48,0.5955,12.5,95,da06be4-dirty
times_x0.5,"0.0215,0.0035,0.004,25,50,175",2,130,13.0,220.5,0,0,0,0,0,11.56,0.5984,12.5,95,da06be4-dirty
times_x0.5,"0.0215,0.0035,0.004,25,50,175",2,130,14.0,220.5,0,0,0,0,0,11.62,0.6013,12.5,95,da06be4-dirty
times_x0.5,"0.0215,0.0035,0.004,25,50,175",2,130,15.0,220.5,0,0,0,0,0,11.68,0.6042,12.5,95,da06be4-dirty
times_x0.5,"0.0215,0.0035,0.004,25,50,175",2,130,16.0,220.5,0,0,0,0,0,11.81,0.6071,12.5,95,da06be4-dirty
times_x0.5,"0.0215,0.0035,0.004,25,50,175",2,130,17.0,220.5,0,0,0,0,0,11.88,0.61,12.5,95,da06be4-dirty
times_x0.5,"0.0215,0.0035,0.004,25,50,175",2,130,18.0,220.5,0,0,0,0,0,12.0,0.613,12.5,95,da06be4-dirty
times_x0.5,"0.0215,0.0035,0.004,25,50,175",2,130,19.0,220.5,0,0,0,0,0,12.02,0.6159,12.5,95,da06be4-dirty
times_x0.5,"0.0215,0.0035,0.004,25,50,175",2,130,19.9,220.5,0,0,0,0,0,12.15,0.6187,12.5,95,da06be4-dirty
times_x0.5,"0.0215,0.0035,0.004,25,50,175",2,140,0.0,230.5,0,0,0,0,0,13.38,0.6414,12.5,95,da06be4-dirty
times_x0.5,"0.0215,0.0035,0.004,25,50,175",2,140,1.0,230.5,0,0,0,0,0,13.43,0.6445,12.5,95,da06be4-dirty
times_x0.5,"0.0215,0.0035,0.004,25,50,175",2,140,2.0,230.5,0,0,0,0,0,13.52,0.6476,12.5,95,da06be4-dirty
times_x0.5,"0.0215,0.0035,0.004,25,50,175",2,140,3.0,230.5,0,0,0,0,0,13.55,0.6507,12.5,95,da06be4-dirty
times_x0.5,"0.0215,0.0035,0.004,25,50,175",2,140,4.0,230.5,0,0,0,0,0,13.63,0.6538,12.5,95,da06be4-dirty
times_x0.5,"0.0215,0.0035,0.004,25,50,175",2,140,5.0,230.5,0,0,0,0,0,13.68,0.6569,12.5,95,da06be4-dirty
times_x0.5,"0.0215,0.0035,0.004,25,50,175",2,140,6.0,230.5,0,0,0,0,0,13.71,0.6601,12.5,95,da06be4-dirty
times_x0.5,"0.0215,0.0035,0.004,25,50,175",2,140,7.0,230.5,0,0,0,0,0,13.79,0.6632,12.5,95,da06be4-dirty
times_x0.5,"0.0215,0.0035,0.004,25,50,175",2,140,8.0,230.5,0,0,0,0,0,13.84,0.6664,12.5,95,da06be4-dirty
times_x0.5,"0.0215,0.0035,0.004,25,50,175",2,140,9.0,230.5,0,0,0,0,0,13.88,0.6696,12.5,95,da06be4-dirty
times_x0.5,"0.0215,0.0035,0.004,25,50,175",2,140,10.0,230.5,0,0,0,0,0,14.01,0.6766,12.5,95,da06be4-dirty
times_x0.5,"0.0215,0.0035,0.004,25,50,175",2,140,11.0,230.5,0,0,0,0,0,14.07,0.6798,12.5,95,da06be4-dirty
times_x0.5,"0.0215,0.0035,0.004,25,50,175",2,140,12.0,230.5,0,0,0,0,0,14.16,0.683,12.5,95,da06be4-dirty
times_x0.5,"0.0215,0.0035,0.004,25,50,175",2,140,13.0,230.5,0,0,0,0,0,14.2,0.6861,12.5,95,da06be4-dirty
times_x0.5,"0.0215,0.0035,0.004,25,50,175",2,140,14.0,230.5,0,0,0,0,0,14.24,0.6893,12.5,95,da06be4-dirty
times_x0.5,"0.0215,0.0035,0.004,25,50,175",2,140,15.0,230.5,0,0,0,0,0,14.29,0.6925,12.5,95,da06be4-dirty
times_x0.5,"0.0215,0.0035,0.004,25,50,175",2,140,16.0,230.5,0,0,0,0,0,14.38,0.6957,12.5,95,da06be4-dirty
times_x0.5,"0.0215,0.0035,0.004,25,50,175",2,140,17.0,230.5,0,0,0,0,0,14.49,0.6989,12.5,95,da06be4-dirty
times_x0.5,"0.0215,0.0035,0.004,25,50,175",2,140,18.0,230.5,0,0,0,0,0,14.58,0.7022,12.5,95,da06be4-dirty
times_x0.5,"0.0215,0.0035,0.004,25,50,175",2,140,19.0,230.5,0,0,0,0,0,14.62,0.7054,12.5,95,da06be4-dirty
times_x0.5,"0.0215,0.0035,0.004,25,50,175",2,140,19.9,230.5,0,0,0,0,0,14.74,0.709,12.5,95,da06be4-dirty
times_x0.5,"0.0215,0.0035,0.004,25,50,175",2,150,0.0,240.5,0,0,0,0,0,15.47,0.7385,12.5,95,da06be4-dirty
times_x0.5,"0.0215,0.0035,0.004,25,50,175",2,150,1.0,240.5,0,0,0,0,0,15.51,0.7419,12.5,95,da06be4-dirty
times_x0.5,"0.0215,0.0035,0.004,25,50,175",2,150,2.0,240.5,0,0,0,0,0,15.56,0.7454,12.5,95,da06be4-dirty
times_x0.5,"0.0215,0.0035,0.004,25,50,175",2,150,3.0,240.5,0,0,0,0,0,15.63,0.7488,12.5,95,da06be4-dirty
times_x0.5,"0.0215,0.0035,0.004,25,50,175",2,150,4.0,240.5,0,0,0,0,0,15.64,0.7523,12.5,95,da06be4-dirty
times_x0.5,"0.0215,0.0035,0.004,25,50,175",2,150,5.0,240.5,0,0,0,0,0,15.72,0.7558,12.5,95,da06be4-dirty
times_x0.5,"0.0215,0.0035,0.004,25,50,175",2,150,6.0,240.5,0,0,0,0,0,15.74,0.7593,12.5,95,da06be4-dirty
times_x0.5,"0.0215,0.0035,0.004,25,50,175",2,150,7.0,240.5,0,0,0,0,0,15.81,0.7628,12.5,95,da06be4-dirty
times_x0.5,"0.0215,0.0035,0.004,25,50,175",2,150,8.0,240.5,0,0,0,0,0,15.89,0.7664,12.5,95,da06be4-dirty
times_x0.5,"0.0215,0.0035,0.004,25,50,175",2,150,9.0,240.5,0,0,0,0,0,15.93,0.7699,12.5,95,da06be4-dirty
times_x0.5,"0.0215,0.0035,0.004,25,50,175",2,150,10.0,240.5,0,0,0,0,0,15.99,0.7775,12.5,95,da06be4-dirty
times_x0.5,"0.0215,0.0035,0.004,25,50,175",2,150,11.0,240.5,0,0,0,0,0,16.05,0.781,12.5,95,da06be4-dirty
times_x0.5,"0.0215,0.0035,0.004,25,50,175",2,150,12.0,240.5,0,0,0,0,0,16.06,0.7845,12.5,95,da06be4-dirty
times_x0.5,"0.0215,0.0035,0.004,25,50,175",2,150,13.0,240.5,0,0,0,0,0,16.15,0.7881,12.5,95,da06be4-dirty
times_x0.5,"0.0215,0.0035,0.004,25,50,175",2,150,14.0,240.5,0,0,0,0,0,16.26,0.7916,12.5,95,da06be4-dirty
times_x0.5,"0.0215,0.0035,0.004,25,50,175",2,150,15.0,240.5,0,0,0,0,0,16.37,0.7951,12.5,95,da06be4-dirty
times_x0.5,"0.0215,0.0035,0.004,25,50,175",2,150,16.0,240.5,0,0,0,0,0,16.49,0.7987,12.5,95,da06be4-dirty
times_x0.5,"0.0215,0.0035,0.004,25,50,175",2,150,17.0,240.5,7,0,7,0,0,16.66,0.8022,12.5,95,da06be4-dirty
times_x0.5,"0.0215,0.0035,0.004,25,50,175",2,150,18.0,240.5,11,0,11,0,0,16.73,0.8058,12.5,95,da06be4-dirty
times_x0.5,"0.0215,0.0035,0.004,25,50,175",2,150,19.0,240.5,14,0,14,0,0,16.91,0.8094,12.5,95,da06be4-dirty
times_x0.5,"0.0215,0.0035,0.004,25,50,175",2,150,19.9,240.5,18,0,18,0,0,17.16,0.8141,12.5,95,da06be4-dirty
times_x0.5,"0.0215,0.0035,0.004,25,50,175",2,160,0.0,250.5,32,0,32,0,0,17.55,0.8516,12.5,95,da06be4-dirty
times_x0.5,"0.0215,0.0035,0.004,25,50,175",2,160,1.0,250.5,33,0,33,0,0,17.6,0.8555,12.5,95,da06be4-dirty
times_x0.5,"0.0215,0.0035,0.004,25,50,175",2,160,2.0,250.5,35,0,35,0,0,17.68,0.8593,12.5,95,da06be4-dirty
times_x0.5,"0.0215,0.0035,0.004,25,50,175",2,160,3.0,250.5,36,0,36,0,0,17.77,0.8632,12.5,95,da06be4-dirty
times_x0.5,"0.0215,0.0035,0.004,25,50,175",2,160,4.0,250.5,38,0,38,0,0,17.85,0.8671,12.5,95,da06be4-dirty
times_x0.5,"0.0215,0.0035,0.004,25,50,175",2,160,5.0,250.5,38,0,38,0,0,17.93,0.871,12.5,95,da06be4-dirty
times_x0.5,"0.0215,0.0035,0.004,25,50,175",2,160,6.0,250.5,39,0,39,0,0,18.04,0.8749,12.5,95,da06be4-dirty
times_x0.5,"0.0215,0.0035,0.004,25,50,175",2,160,7.0,250.5,41,0,41,0,0,18.13,0.8788,12.5,95,da06be4-dirty
times_x0.5,"0.0215,0.0035,0.004,25,50,175",2,160,8.0,250.5,42,0,42,0,0,18.21,0.8827,12.5,95,da06be4-dirty
times_x0.5,"0.0215,0.0035,0.004,25,50,175",2,160,9.0,250.5,42,0,42,0,0,18.29,0.8866,12.5,95,da06be4-dirty
times_x0.5,"0.0215,0.0035,0.004,25,50,175",2,160,10.0,250.5,45,0,45,0,0,18.42,0.8949,12.5,95,da06be4-dirty
times_x0.5,"0.0215,0.0035,0.004,25,50,175",2,160,11.0,250.5,46,0,46,0,0,18.47,0.8988,12.5,95,da06be4-dirty
times_x0.5,"0.0215,0.0035,0.004,25,50,175",2,160,12.0,250.5,47,0,47,0,0,18.53,0.9027,12.5,95,da06be4-dirty
times_x0.5,"0.0215,0.0035,0.004,25,50,175",2,160,13.0,250.5,47,0,47,0,0,18.61,0.9066,12.5,95,da06be4-dirty
times_x0.5,"0.0215,0.0035,0.004,25,50,175",2,160,14.0,250.5,49,0,49,0,0,18.66,0.9105,12.5,95,da06be4-dirty
times_x0.5,"0.0215,0.0035,0.004,25,50,175",2,160,15.0,250.5,50,0,50,0,0,18.68,0.9144,12.5,95,da06be4-dirty
times_x0.5,"0.0215,0.0035,0.004,25,50,175",2,160,16.0,250.5,50,0,50,0,0,18.82,0.9184,12.5,95,da06be4-dirty
times_x0.5,"0.0215,0.0035,0.004,25,50,175",2,160,17.0,250.5,51,0,51,0,0,18.92,0.9223,12.5,95,da06be4-dirty
times_x0.5,"0.0215,0.0035,0.004,25,50,175",2,160,18.0,250.5,53,0,53,0,0,18.99,0.9262,12.5,95,da06be4-dirty
times_x0.5,"0.0215,0.0035,0.004,25,50,175",2,160,19.0,250.5,53,0,53,0,0,19.03,0.9302,12.5,95,da06be4-dirty
times_x0.5,"0.0215,0.0035,0.004,25,50,175",2,160,19.9,250.5,55,0,55,0,0,19.29,0.9355,12.5,95,da06be4-dirty
times_x0.5,"0.0215,0.0035,0.004,25,50,175",2,170,0.0,260.5,66,0,59,7,0,19.62,0.9787,12.5,95,da06be4-dirty
times_x0.5,"0.0215,0.0035,0.004,25,50,175",2,170,1.0,260.5,70,0,60,10,0,19.65,0.9829,12.5,95,da06be4-dirty
times_x0.5,"0.0215,0.0035,0.004,25,50,175",2,170,2.0,260.5,72,0,60,12,0,19.68,0.9872,12.5,95,da06be4-dirty
times_x0.5,"0.0215,0.0035,0.004,25,50,175",2,170,3.0,260.5,75,0,61,14,0,19.72,0.9915,12.5,95,da06be4-dirty
times_x0.5,"0.0215,0.0035,0.004,25,50,175",2,170,4.0,260.5,78,0,62,16,0,19.82,0.9959,12.5,95,da06be4-dirty
times_x0.5,"0.0215,0.0035,0.004,25,50,175",2,170,5.0,260.5,79,0,63,16,0,19.87,1.0002,12.5,95,da06be4-dirty
times_x0.5,"0.0215,0.0035,0.004,25,50,175",2,170,6.0,260.5,87,0,63,24,0,19.97,1.0045,12.5,95,da06be4-dirty
times_x0.5,"0.0215,0.0035,0.004,25,50,175",2,170,7.0,260.5,91,0,64,27,0,20.04,1.0088,12.5,95,da06be4-dirty
times_x0.5,"0.0215,0.0035,0.004,25,50,175",2,170,8.0,260.5,95,0,64,31,0,20.07,1.0132,12.5,95,da06be4-dirty
times_x0.5,"0.0215,0.0035,0.004,25,50,175",2,170,9.0,260.5,98,0,65,33,0,20.16,1.0176,12.5,95,da06be4-dirty
times_x0.5,"0.0215,0.0035,0.004,25,50,175",2,170,10.0,260.5,107,0,67,40,0,20.25,1.0264,12.5,95,da06be4-dirty
times_x0.5,"0.0215,0.0035,0.004,25,50,175",2,170,11.0,260.5,110,0,67,43,0,20.33,1.0307,12.5,95,da06be4-dirty
times_x0.5,"0.0215,0.0035,0.004,25,50,175",2,170,12.0,260.5,112,0,68,44,0,20.37,1.0351,12.5,95,da06be4-dirty
times_x0.5,"0.0215,0.0035,0.004,25,50,175",2,170,13.0,260.5,113,0,68,45,0,20.58,1.0394,12.5,95,da06be4-dirty
times_x0.5,"0.0215,0.0035,0.004,25,50,175",2,170,14.0,260.5,117,0,69,48,0,20.66,1.0437,12.5,95,da06be4-dirty
times_x0.5,"0.0215,0.0035,0.004,25,50,175",2,170,15.0,260.5,119,0,69,50,0,20.77,1.0481,12.5,95,da06be4-dirty
times_x0.5,"0.0215,0.0035,0.004,25,50,175",2,170,16.0,260.5,122,0,71,51,0,20.93,1.0524,12.5,95,da06be4-dirty
times_x0.5,"0.0215,0.0035,0.004,25,50,175",2,170,17.0,260.5,124,0,71,53,0,21.07,1.0568,12.5,95,da06be4-dirty
times_x0.5,"0.0215,0.0035,0.004,25,50,175",2,170,18.0,260.5,125,0,71,54,0,21.16,1.0611,12.5,95,da06be4-dirty
times_x0.5,"0.0215,0.0035,0.004,25,50,175",2,170,19.0,260.5,128,0,72,56,0,21.25,1.0655,12.5,95,da06be4-dirty
times_x0.5,"0.0215,0.0035,0.004,25,50,175",2,170,19.9,260.5,132,0,73,59,0,21.47,1.0703,12.5,95,da06be4-dirty
times_x0.5,"0.0215,0.0035,0.004,25,50,175",2,180,0.0,270.5,322,0,73,249,0,21.47,1.1132,12.5,95,da06be4-dirty
times_x0.5,"0.0215,0.0035,0.004,25,50,175",2,180,1.0,270.5,327,0,75,252,0,21.58,1.118,12.5,95,da06be4-dirty
times_x0.5,"0.0215,0.0035,0.004,25,50,175",2,180,2.0,270.5,329,0,75,254,0,21.68,1.1227,12.5,95,da06be4-dirty
times_x0.5,"0.0215,0.0035,0.004,25,50,175",2,180,3.0,270.5,332,0,76,256,0,21.78,1.1275,12.5,95,da06be4-dirty
times_x0.5,"0.0215,0.0035,0.004,25,50,175",2,180,4.0,270.5,335,0,76,259,0,21.85,1.1322,12.5,95,da06be4-dirty
times_x0.5,"0.0215,0.0035,0.004,25,50,175",2,180,5.0,270.5,336,0,76,260,0,22.11,1.137,12.5,95,da06be4-dirty
times_x0.5,"0.0215,0.0035,0.004,25,50,175",2,180,6.0,270.5,343,0,77,266,0,22.24,1.1418,12.5,95,da06be4-dirty
times_x0.5,"0.0215,0.0035,0.004,25,50,175",2,180,7.0,270.5,347,0,77,270,0,22.36,1.1466,12.5,95,da06be4-dirty
times_x0.5,"0.0215,0.0035,0.004,25,50,175",2,180,8.0,270.5,347,0,77,270,0,22.47,1.1514,12.5,95,da06be4-dirty
times_x0.5,"0.0215,0.0035,0.004,25,50,175",2,180,9.0,270.5,352,0,79,273,0,22.56,1.1562,12.5,95,da06be4-dirty
times_x0.5,"0.0215,0.0035,0.004,25,50,175",2,180,10.0,270.5,359,0,80,279,0,22.95,1.1657,12.5,95,da06be4-dirty
times_x0.5,"0.0215,0.0035,0.004,25,50,175",2,180,11.0,270.5,363,0,80,283,0,23.06,1.1705,12.5,95,da06be4-dirty
times_x0.5,"0.0215,0.0035,0.004,25,50,175",2,180,12.0,270.5,364,0,80,284,0,23.17,1.1752,12.5,95,da06be4-dirty
times_x0.5,"0.0215,0.0035,0.004,25,50,175",2,180,13.0,270.5,367,0,81,286,0,23.32,1.18,12.5,95,da06be4-dirty
times_x0.5,"0.0215,0.0035,0.004,25,50,175",2,180,14.0,270.5,370,0,81,289,0,23.45,1.1848,12.5,95,da06be4-dirty
times_x0.5,"0.0215,0.0035,0.004,25,50,175",2,180,15.0,270.5,372,0,81,291,0,23.67,1.1895,12.5,95,da06be4-dirty
times_x0.5,"0.0215,0.0035,0.004,25,50,175",2,180,16.0,270.5,376,0,81,295,0,23.8,1.1943,12.5,95,da06be4-dirty
times_x0.5,"0.0215,0.0035,0.004,25,50,175",2,180,17.0,270.5,380,0,83,297,0,23.91,1.1991,12.5,95,da06be4-dirty
times_x0.5,"0.0215,0.0035,0.004,25,50,175",2,180,18.0,270.5,383,0,83,300,0,24.03,1.2039,12.5,95,da06be4-dirty
times_x0.5,"0.0215,0.0035,0.004,25,50,175",2,180,19.0,270.5,384,0,83,301,0,24.18,1.2087,12.5,95,da06be4-dirty
times_x0.5,"0.0215,0.0035,0.004,25,50,175",2,180,19.9,270.5,389,0,84,305,0,24.4,1.213,12.5,95,da06be4-dirty
times_x0.5,"0.0215,0.0035,0.004,25,50,175",2,190,0.0,280.5,567,0,121,446,0,26.51,1.2511,12.5,95,da06be4-dirty
times_x0.5,"0.0215,0.0035,0.004,25,50,175",2,190,1.0,280.5,573,0,124,449,0,26.59,1.2563,12.5,95,da06be4-dirty
times_x0.5,"0.0215,0.0035,0.004,25,50,175",2,190,2.0,280.5,574,0,125,449,0,26.68,1.2615,12.5,95,da06be4-dirty
times_x0.5,"0.0215,0.0035,0.004,25,50,175",2,190,3.0,280.5,578,0,125,453,0,26.76,1.2667,12.5,95,da06be4-dirty
times_x0.5,"0.0215,0.0035,0.004,25,50,175",2,190,4.0,280.5,580,0,126,454,0,26.86,1.2719,12.5,95,da06be4-dirty
times_x0.5,"0.0215,0.0035,0.004,25,50,175",2,190,5.0,280.5,583,0,128,455,0,26.96,1.2771,12.5,95,da06be4-dirty
times_x0.5,"0.0215,0.0035,0.004,25,50,175",2,190,6.0,280.5,587,0,129,458,0,27.02,1.2823,12.5,95,da06be4-dirty
times_x0.5,"0.0215,0.0035,0.004,25,50,175",2,190,7.0,280.5,588,0,129,459,0,27.09,1.2876,12.5,95,da06be4-dirty
times_x0.5,"0.0215,0.0035,0.004,25,50,175",2,190,8.0,280.5,593,0,134,459,0,27.13,1.2928,12.5,95,da06be4-dirty
times_x0.5,"0.0215,0.0035,0.004,25,50,175",2,190,9.0,280.5,602,0,141,461,0,27.35,1.2981,12.5,95,da06be4-dirty
times_x0.5,"0.0215,0.0035,0.004,25,50,175",2,190,10.0,280.5,614,0,149,465,0,27.81,1.3081,12.5,95,da06be4-dirty
times_x0.5,"0.0215,0.0035,0.004,25,50,175",2,190,11.0,280.5,620,0,152,468,0,28.06,1.3133,12.5,95,da06be4-dirty
times_x0.5,"0.0215,0.0035,0.004,25,50,175",2,190,12.0,280.5,623,0,155,468,0,28.2,1.3185,12.5,95,da06be4-dirty
times_x0.5,"0.0215,0.0035,0.004,25,50,175",2,190,13.0,280.5,635,0,158,477,0,28.38,1.3237,12.5,95,da06be4-dirty
times_x0.5,"0.0215,0.0035,0.004,25,50,175",2,190,14.0,280.5,643,0,159,484,0,28.63,1.3289,12.5,95,da06be4-dirty
times_x0.5,"0.0215,0.0035,0.004,25,50,175",2,190,15.0,280.5,650,0,162,488,0,28.79,1.3342,12.5,95,da06be4-dirty
times_x0.5,"0.0215,0.0035,0.004,25,50,175",2,190,16.0,280.5,655,0,163,492,0,28.93,1.3394,12.5,95,da06be4-dirty
times_x0.5,"0.0215,0.0035,0.004,25,50,175",2,190,17.0,280.5,660,0,166,494,0,29.04,1.3446,12.5,95,da06be4-dirty
times_x0.5,"0.0215,0.0035,0.004,25,50,175",2,190,18.0,280.5,667,0,168,499,0,29.25,1.3499,12.5,95,da06be4-dirty
times_x0.5,"0.0215,0.0035,0.004,25,50,175",2,190,19.0,280.5,671,0,170,501,0,29.43,1.3551,12.5,95,da06be4-dirty
times_x0.5,"0.0215,0.0035,0.004,25,50,175",2,190,19.9,280.5,677,0,173,504,0,29.61,1.3555,12.5,95,da06be4-dirty
times_x0.5,"0.0215,0.0035,0.004,25,50,175",2,200,0.0,290.5,801,12,197,592,0,30.16,1.4952,12.5,95,da06be4-dirty
times_x0.5,"0.0215,0.0035,0.004,25,50,175",2,200,1.0,290.5,807,14,198,595,0,30.28,1.4997,12.5,95,da06be4-dirty
times_x0.5,"0.0215,0.0035,0.004,25,50,175",2,200,2.0,290.5,813,16,200,597,0,30.4,1.5041,12.5,95,da06be4-dirty
times_x0.5,"0.0215,0.0035,0.004,25,50,175",2,200,3.0,290.5,819,18,203,598,0,30.54,1.5085,12.5,95,da06be4-dirty
times_x0.5,"0.0215,0.0035,0.004,25,50,175",2,200,4.0,290.5,827,18,203,606,0,30.73,1.5129,12.5,95,da06be4-dirty
times_x0.5,"0.0215,0.0035,0.004,25,50,175",2,200,5.0,290.5,833,20,205,608,0,30.85,1.5174,12.5,95,da06be4-dirty
times_x0.5,"0.0215,0.0035,0.004,25,50,175",2,200,6.0,290.5,840,21,205,614,0,31.06,1.5218,12.5,95,da06be4-dirty
times_x0.5,"0.0215,0.0035,0.004,25,50,175",2,200,7.0,290.5,849,22,209,618,0,31.22,1.5262,12.5,95,da06be4-dirty
times_x0.5,"0.0215,0.0035,0.004,25,50,175",2,200,8.0,290.5,854,24,209,621,0,31.43,1.5307,12.5,95,da06be4-dirty
times_x0.5,"0.0215,0.0035,0.004,25,50,175",2,200,9.0,290.5,859,24,212,623,0,31.6,1.5351,12.5,95,da06be4-dirty
times_x0.5,"0.0215,0.0035,0.004,25,50,175",2,200,10.0,290.5,872,28,215,629,0,32.07,1.547,12.5,95,da06be4-dirty
times_x0.5,"0.0215,0.0035,0.004,25,50,175",2,200,11.0,290.5,876,29,216,631,0,32.28,1.5515,12.5,95,da06be4-dirty
times_x0.5,"0.0215,0.0035,0.004,25,50,175",2,200,12.0,290.5,883,30,218,635,0,32.51,1.5559,12.5,95,da06be4-dirty
times_x0.5,"0.0215,0.0035,0.004,25,50,175",2,200,13.0,290.5,883,30,218,635,0,32.65,1.5604,12.5,95,da06be4-dirty
times_x0.5,"0.0215,0.0035,0.004,25,50,175",2,200,14.0,290.5,888,31,219,638,0,32.82,1.5648,12.5,95,da06be4-dirty
times_x0.5,"0.0215,0.0035,0.004,25,50,175",2,200,15.0,290.5,895,32,221,642,0,32.99,1.5693,12.5,95,da06be4-dirty
times_x0.5,"0.0215,0.0035,0.004,25,50,175",2,200,16.0,290.5,899,32,222,645,0,33.16,1.5737,12.5,95,da06be4-dirty
times_x0.5,"0.0215,0.0035,0.004,25,50,175",2,200,17.0,290.5,903,33,224,646,0,33.31,1.5782,12.5,95,da06be4-dirty
times_x0.5,"0.0215,0.0035,0.004,25,50,175",2,200,18.0,290.5,904,34,224,646,0,33.41,1.5827,12.5,95,da06be4-dirty
times_x0.5,"0.0215,0.0035,0.004,25,50,175",2,200,19.0,290.5,910,34,225,651,0,33.56,1.5871,12.5,95,da06be4-dirty
times_x0.5,"0.0215,0.0035,0.004,25,50,175",2,200,19.9,290.5,915,35,228,652,0,33.77,1.5842,12.5,95,da06be4-dirty
times_x1.5,"0.0215,0.0035,0.004,75,150,525",3,20,0.0,110.5,0,0,0,0,0,4.67,0.4844,12.5,95,da06be4-dirty
times_x1.5,"0.0215,0.0035,0.004,75,150,525",3,20,1.0,110.5,0,0,0,0,0,4.77,0.4894,12.5,95,da06be4-dirty
times_x1.5,"0.0215,0.0035,0.004,75,150,525",3,20,2.0,110.5,0,0,0,0,0,4.83,0.4945,12.5,95,da06be4-dirty
times_x1.5,"0.0215,0.0035,0.004,75,150,525",3,20,3.0,110.5,0,0,0,0,0,4.85,0.4995,12.5,95,da06be4-dirty
times_x1.5,"0.0215,0.0035,0.004,75,150,525",3,20,4.0,110.5,0,0,0,0,0,5.09,0.5045,12.5,95,da06be4-dirty
times_x1.5,"0.0215,0.0035,0.004,75,150,525",3,20,5.0,110.5,0,0,0,0,0,5.25,0.5096,12.5,95,da06be4-dirty
times_x1.5,"0.0215,0.0035,0.004,75,150,525",3,20,6.0,110.5,0,0,0,0,0,5.33,0.5146,12.5,95,da06be4-dirty
times_x1.5,"0.0215,0.0035,0.004,75,150,525",3,20,7.0,110.5,0,0,0,0,0,5.44,0.5196,12.5,95,da06be4-dirty
times_x1.5,"0.0215,0.0035,0.004,75,150,525",3,20,8.0,110.5,0,0,0,0,0,5.52,0.5247,12.5,95,da06be4-dirty
times_x1.5,"0.0215,0.0035,0.004,75,150,525",3,20,9.0,110.5,0,0,0,0,0,5.63,0.5297,12.5,95,da06be4-dirty
times_x1.5,"0.0215,0.0035,0.004,75,150,525",3,20,10.0,110.5,0,0,0,0,0,5.73,0.5347,12.5,95,da06be4-dirty
times_x1.5,"0.0215,0.0035,0.004,75,150,525",3,20,11.0,110.5,0,0,0,0,0,5.79,0.5398,12.5,95,da06be4-dirty
times_x1.5,"0.0215,0.0035,0.004,75,150,525",3,20,12.0,110.5,0,0,0,0,0,5.84,0.5448,12.5,95,da06be4-dirty
times_x1.5,"0.0215,0.0035,0.004,75,150,525",3,20,13.0,110.5,0,0,0,0,0,5.95,0.5499,12.5,95,da06be4-dirty
times_x1.5,"0.0215,0.0035,0.004,75,150,525",3,20,14.0,110.5,0,0,0,0,0,6.0,0.5549,12.5,95,da06be4-dirty
times_x1.5,"0.0215,0.0035,0.004,75,150,525",3,20,15.0,110.5,0,0,0,0,0,6.08,0.5599,12.5,95,da06be4-dirty
times_x1.5,"0.0215,0.0035,0.004,75,150,525",3,20,16.0,110.5,0,0,0,0,0,6.15,0.5649,12.5,95,da06be4-dirty
times_x1.5,"0.0215,0.0035,0.004,75,150,525",3,20,17.0,110.5,0,0,0,0,0,6.22,0.57,12.5,95,da06be4-dirty
times_x1.5,"0.0215,0.0035,0.004,75,150,525",3,20,18.0,110.5,0,0,0,0,0,6.27,0.575,12.5,95,da06be4-dirty
times_x1.5,"0.0215,0.0035,0.004,75,150,525",3,20,19.0,110.5,0,0,0,0,0,6.34,0.5801,12.5,95,da06be4-dirty
times_x1.5,"0.0215,0.0035,0.004,75,150,525",3,20,19.9,110.5,0,0,0,0,0,6.4,0.5846,12.5,95,da06be4-dirty
times_x1.5,"0.0215,0.0035,0.004,75,150,525",3,30,0.0,120.5,0,0,0,0,0,5.43,0.4989,12.5,95,da06be4-dirty
times_x1.5,"0.0215,0.0035,0.004,75,150,525",3,30,1.0,120.5,0,0,0,0,0,5.47,0.504,12.5,95,da06be4-dirty
times_x1.5,"0.0215,0.0035,0.004,75,150,525",3,30,2.0,120.5,0,0,0,0,0,5.73,0.5091,12.5,95,da06be4-dirty
times_x1.5,"0.0215,0.0035,0.004,75,150,525",3,30,3.0,120.5,0,0,0,0,0,5.85,0.5142,12.5,95,da06be4-dirty
times_x1.5,"0.0215,0.0035,0.004,75,150,525",3,30,4.0,120.5,0,0,0,0,0,5.97,0.5193,12.5,95,da06be4-dirty
times_x1.5,"0.0215,0.0035,0.004,75,150,525",3,30,5.0,120.5,0,0,0,0,0,6.12,0.5245,12.5,95,da06be4-dirty
times_x1.5,"0.0215,0.0035,0.004,75,150,525",3,30,6.0,120.5,0,0,0,0,0,6.17,0.5296,12.5,95,da06be4-dirty
times_x1.5,"0.0215,0.0035,0.004,75,150,525",3,30,7.0,120.5,0,0,0,0,0,6.24,0.5347,12.5,95,da06be4-dirty
times_x1.5,"0.0215,0.0035,0.004,75,150,525",3,30,8.0,120.5,0,0,0,0,0,6.32,0.5398,12.5,95,da06be4-dirty
times_x1.5,"0.0215,0.0035,0.004,75,150,525",3,30,9.0,120.5,0,0,0,0,0,6.4,0.5449,12.5,95,da06be4-dirty
times_x1.5,"0.0215,0.0035,0.004,75,150,525",3,30,10.0,120.5,0,0,0,0,0,6.49,0.5501,12.5,95,da06be4-dirty
times_x1.5,"0.0215,0.0035,0.004,75,150,525",3,30,11.0,120.5,0,0,0,0,0,6.56,0.5552,12.5,95,da06be4-dirty
times_x1.5,"0.0215,0.0035,0.004,75,150,525",3,30,12.0,120.5,0,0,0,0,0,6.62,0.5603,12.5,95,da06be4-dirty
times_x1.5,"0.0215,0.0035,0.004,75,150,525",3,30,13.0,120.5,0,0,0,0,0,6.68,0.5654,12.5,95,da06be4-dirty
times_x1.5,"0.0215,0.0035,0.004,75,150,525",3,30,14.0,120.5,0,0,0,0,0,6.73,0.5706,12.5,95,da06be4-dirty
times_x1.5,"0.0215,0.0035,0.004,75,150,525",3,30,15.0,120.5,0,0,0,0,0,6.8,0.5756,12.5,95,da06be4-dirty
times_x1.5,"0.0215,0.0035,0.004,75,150,525",3,30,16.0,120.5,0,0,0,0,0,6.86,0.5808,12.5,95,da06be4-dirty
times_x1.5,"0.0215,0.0035,0.004,75,150,525",3,30,17.0,120.5,0,0,0,0,0,7.02,0.5859,12.5,95,da06be4-dirty
times_x1.5,"0.0215,0.0035,0.004,75,150,525",3,30,18.0,120.5,0,0,0,0,0,7.13,0.591,12.5,95,da06be4-dirty
times_x1.5,"0.0215,0.0035,0.004,75,150,525",3,30,19.0,120.5,0,0,0,0,0,7.23,0.5962,12.5,95,da06be4-dirty
times_x1.5,"0.0215,0.0035,0.004,75,150,525",3,30,19.9,120.5,0,0,0,0,0,7.32,0.6008,12.5,95,da06be4-dirty
times_x1.5,"0.0215,0.0035,0.004,75,150,525",3,40,0.0,130.5,0,0,0,0,0,6.04,0.5598,12.5,95,da06be4-dirty
times_x1.5,"0.0215,0.0035,0.004,75,150,525",3,40,1.0,130.5,0,0,0,0,0,6.21,0.5618,12.5,95,da06be4-dirty
times_x1.5,"0.0215,0.0035,0.004,75,150,525",3,40,2.0,130.5,0,0,0,0,0,6.32,0.5639,12.5,95,da06be4-dirty
times_x1.5,"0.0215,0.0035,0.004,75,150,525",3,40,3.0,130.5,0,0,0,0,0,6.42,0.5659,12.5,95,da06be4-dirty
times_x1.5,"0.0215,0.0035,0.004,75,150,525",3,40,4.0,130.5,0,0,0,0,0,6.54,0.568,12.5,95,da06be4-dirty
times_x1.5,"0.0215,0.0035,0.004,75,150,525",3,40,5.0,130.5,0,0,0,0,0,6.64,0.5701,12.5,95,da06be4-dirty
times_x1.5,"0.0215,0.0035,0.004,75,150,525",3,40,6.0,130.5,0,0,0,0,0,6.74,0.5723,12.5,95,da06be4-dirty
times_x1.5,"0.0215,0.0035,0.004,75,150,525",3,40,7.0,130.5,0,0,0,0,0,6.82,0.5744,12.5,95,da06be4-dirty
times_x1.5,"0.0215,0.0035,0.004,75,150,525",3,40,8.0,130.5,0,0,0,0,0,6.91,0.5766,12.5,95,da06be4-dirty
times_x1.5,"0.0215,0.0035,0.004,75,150,525",3,40,9.0,130.5,0,0,0,0,0,7.04,0.5789,12.5,95,da06be4-dirty
times_x1.5,"0.0215,0.0035,0.004,75,150,525",3,40,10.0,130.5,0,0,0,0,0,7.21,0.5811,12.5,95,da06be4-dirty
times_x1.5,"0.0215,0.0035,0.004,75,150,525",3,40,11.0,130.5,0,0,0,0,0,7.31,0.5834,12.5,95,da06be4-dirty
times_x1.5,"0.0215,0.0035,0.004,75,150,525",3,40,12.0,130.5,0,0,0,0,0,7.43,0.5857,12.5,95,da06be4-dirty
times_x1.5,"0.0215,0.0035,0.004,75,150,525",3,40,13.0,130.5,0,0,0,0,0,7.53,0.5881,12.5,95,da06be4-dirty
times_x1.5,"0.0215,0.0035,0.004,75,150,525",3,40,14.0,130.5,0,0,0,0,0,7.59,0.5904,12.5,95,da06be4-dirty
times_x1.5,"0.0215,0.0035,0.004,75,150,525",3,40,15.0,130.5,0,0,0,0,0,7.72,0.5928,12.5,95,da06be4-dirty
times_x1.5,"0.0215,0.0035,0.004,75,150,525",3,40,16.0,130.5,0,0,0,0,0,7.78,0.5952,12.5,95,da06be4-dirty
times_x1.5,"0.0215,0.0035,0.004,75,150,525",3,40,17.0,130.5,0,0,0,0,0,7.91,0.5977,12.5,95,da06be4-dirty
times_x1.5,"0.0215,0.0035,0.004,75,150,525",3,40,18.0,130.5,0,0,0,0,0,8.12,0.6023,12.5,95,da06be4-dirty
times_x1.5,"0.0215,0.0035,0.004,75,150,525",3,40,19.0,130.5,0,0,0,0,0,8.24,0.6075,12.5,95,da06be4-dirty
times_x1.5,"0.0215,0.0035,0.004,75,150,525",3,40,19.9,130.5,0,0,0,0,0,8.34,0.6122,12.5,95,da06be4-dirty
times_x1.5,"0.0215,0.0035,0.004,75,150,525",3,50,0.0,140.5,0,0,0,0,0,6.38,0.6378,12.5,95,da06be4-dirty
times_x1.5,"0.0215,0.0035,0.004,75,150,525",3,50,1.0,140.5,0,0,0,0,0,6.58,0.6403,12.5,95,da06be4-dirty
times_x1.5,"0.0215,0.0035,0.004,75,150,525",3,50,2.0,140.5,0,0,0,0,0,6.75,0.6429,12.5,95,da06be4-dirty
times_x1.5,"0.0215,0.0035,0.004,75,150,525",3,50,3.0,140.5,0,0,0,0,0,6.92,0.6454,12.5,95,da06be4-dirty
times_x1.5,"0.0215,0.0035,0.004,75,150,525",3,50,4.0,140.5,0,0,0,0,0,7.05,0.6481,12.5,95,da06be4-dirty
times_x1.5,"0.0215,0.0035,0.004,75,150,525",3,50,5.0,140.5,0,0,0,0,0,7.22,0.6507,12.5,95,da06be4-dirty
times_x1.5,"0.0215,0.0035,0.004,75,150,525",3,50,6.0,140.5,0,0,0,0,0,7.32,0.6533,12.5,95,da06be4-dirty
times_x1.5,"0.0215,0.0035,0.004,75,150,525",3,50,7.0,140.5,0,0,0,0,0,7.44,0.656,12.5,95,da06be4-dirty
times_x1.5,"0.0215,0.0035,0.004,75,150,525",3,50,8.0,140.5,0,0,0,0,0,7.55,0.6587,12.5,95,da06be4-dirty
times_x1.5,"0.0215,0.0035,0.004,75,150,525",3,50,9.0,140.5,0,0,0,0,0,7.63,0.6615,12.5,95,da06be4-dirty
times_x1.5,"0.0215,0.0035,0.004,75,150,525",3,50,10.0,140.5,0,0,0,0,0,7.85,0.6642,12.5,95,da06be4-dirty
times_x1.5,"0.0215,0.0035,0.004,75,150,525",3,50,11.0,140.5,0,0,0,0,0,8.0,0.667,12.5,95,da06be4-dirty
times_x1.5,"0.0215,0.0035,0.004,75,150,525",3,50,12.0,140.5,0,0,0,0,0,8.14,0.6698,12.5,95,da06be4-dirty
times_x1.5,"0.0215,0.0035,0.004,75,150,525",3,50,13.0,140.5,0,0,0,0,0,8.23,0.6727,12.5,95,da06be4-dirty
times_x1.5,"0.0215,0.0035,0.004,75,150,525",3,50,14.0,140.5,0,0,0,0,0,8.34,0.6755,12.5,95,da06be4-dirty
times_x1.5,"0.0215,0.0035,0.004,75,150,525",3,50,15.0,140.5,0,0,0,0,0,8.49,0.6784,12.5,95,da06be4-dirty
times_x1.5,"0.0215,0.0035,0.004,75,150,525",3,50,16.0,140.5,0,0,0,0,0,8.57,0.6813,12.5,95,da06be4-dirty
times_x1.5,"0.0215,0.0035,0.004,75,150,525",3,50,17.0,140.5,0,0,0,0,0,8.66,0.6842,12.5,95,da06be4-dirty
times_x1.5,"0.0215,0.0035,0.004,75,150,525",3,50,18.0,140.5,0,0,0,0,0,8.77,0.6872,12.5,95,da06be4-dirty
times_x1.5,"0.0215,0.0035,0.004,75,150,525",3,50,19.0,140.5,0,0,0,0,0,8.86,0.6902,12.5,95,da06be4-dirty
times_x1.5,"0.0215,0.0035,0.004,75,150,525",3,50,19.9,140.5,0,0,0,0,0,8.96,0.6929,12.5,95,da06be4-dirty
times_x1.5,"0.0215,0.0035,0.004,75,150,525",3,60,0.0,150.5,0,0,0,0,0,7.46,0.7129,12.5,95,da06be4-dirty
times_x1.5,"0.0215,0.0035,0.004,75,150,525",3,60,1.0,150.5,0,0,0,0,0,7.66,0.7159,12.5,95,da06be4-dirty
times_x1.5,"0.0215,0.0035,0.004,75,150,525",3,60,2.0,150.5,0,0,0,0,0,7.83,0.719,12.5,95,da06be4-dirty
times_x1.5,"0.0215,0.0035,0.004,75,150,525",3,60,3.0,150.5,0,0,0,0,0,7.99,0.7221,12.5,95,da06be4-dirty
times_x1.5,"0.0215,0.0035,0.004,75,150,525",3,60,4.0,150.5,0,0,0,0,0,8.07,0.7252,12.5,95,da06be4-dirty
times_x1.5,"0.0215,0.0035,0.004,75,150,525",3,60,5.0,150.5,0,0,0,0,0,8.24,0.7284,12.5,95,da06be4-dirty
times_x1.5,"0.0215,0.0035,0.004,75,150,525",3,60,6.0,150.5,0,0,0,0,0,8.31,0.7316,12.5,95,da06be4-dirty
times_x1.5,"0.0215,0.0035,0.004,75,150,525",3,60,7.0,150.5,0,0,0,0,0,8.4,0.7348,12.5,95,da06be4-dirty
times_x1.5,"0.0215,0.0035,0.004,75,150,525",3,60,8.0,150.5,0,0,0,0,0,8.49,0.738,12.5,95,da06be4-dirty
times_x1.5,"0.0215,0.0035,0.004,75,150,525",3,60,9.0,150.5,0,0,0,0,0,8.6,0.7412,12.5,95,da06be4-dirty
times_x1.5,"0.0215,0.0035,0.004,75,150,525",3,60,10.0,150.5,0,0,0,0,0,8.68,0.7445,12.5,95,da06be4-dirty
times_x1.5,"0.0215,0.0035,0.004,75,150,525",3,60,11.0,150.5,0,0,0,0,0,8.78,0.7478,12.5,95,da06be4-dirty
times_x1.5,"0.0215,0.0035,0.004,75,150,525",3,60,12.0,150.5,0,0,0,0,0,8.85,0.7511,12.5,95,da06be4-dirty
times_x1.5,"0.0215,0.0035,0.004,75,150,525",3,60,13.0,150.5,0,0,0,0,0,8.92,0.7545,12.5,95,da06be4-dirty
times_x1.5,"0.0215,0.0035,0.004,75,150,525",3,60,14.0,150.5,0,0,0,0,0,9.0,0.7578,12.5,95,da06be4-dirty
times_x1.5,"0.0215,0.0035,0.004,75,150,525",3,60,15.0,150.5,0,0,0,0,0,9.11,0.7612,12.5,95,da06be4-dirty
times_x1.5,"0.0215,0.0035,0.004,75,150,525",3,60,16.0,150.5,0,0,0,0,0,9.17,0.7646,12.5,95,da06be4-dirty
times_x1.5,"0.0215,0.0035,0.004,75,150,525",3,60,17.0,150.5,0,0,0,0,0,9.28,0.768,12.5,95,da06be4-dirty
times_x1.5,"0.0215,0.0035,0.004,75,150,525",3,60,18.0,150.5,0,0,0,0,0,9.33,0.7715,12.5,95,da06be4-dirty
times_x1.5,"0.0215,0.0035,0.004,75,150,525",3,60,19.0,150.5,0,0,0,0,0,9.4,0.775,12.5,95,da06be4-dirty
times_x1.5,"0.0215,0.0035,0.004,75,150,525",3,60,19.9,150.5,0,0,0,0,0,9.44,0.7781,12.5,95,da06be4-dirty
times_x1.5,"0.0215,0.0035,0.004,75,150,525",3,70,0.0,160.5,0,0,0,0,0,8.88,0.7818,12.5,95,da06be4-dirty
times_x1.5,"0.0215,0.0035,0.004,75,150,525",3,70,1.0,160.5,0,0,0,0,0,8.98,0.7853,12.5,95,da06be4-dirty
times_x1.5,"0.0215,0.0035,0.004,75,150,525",3,70,2.0,160.5,0,0,0,0,0,9.11,0.7889,12.5,95,da06be4-dirty
times_x1.5,"0.0215,0.0035,0.004,75,150,525",3,70,3.0,160.5,0,0,0,0,0,9.16,0.7925,12.5,95,da06be4-dirty
times_x1.5,"0.0215,0.0035,0.004,75,150,525",3,70,4.0,160.5,0,0,0,0,0,9.23,0.7962,12.5,95,da06be4-dirty
times_x1.5,"0.0215,0.0035,0.004,75,150,525",3,70,5.0,160.5,0,0,0,0,0,9.37,0.7998,12.5,95,da06be4-dirty
times_x1.5,"0.0215,0.0035,0.004,75,150,525",3,70,6.0,160.5,6,0,0,0,6,9.46,0.8035,12.5,95,da06be4-dirty
times_x1.5,"0.0215,0.0035,0.004,75,150,525",3,70,7.0,160.5,8,0,0,0,8,9.53,0.8072,12.5,95,da06be4-dirty
times_x1.5,"0.0215,0.0035,0.004,75,150,525",3,70,8.0,160.5,11,0,0,0,11,9.61,0.8109,12.5,95,da06be4-dirty
times_x1.5,"0.0215,0.0035,0.004,75,150,525",3,70,9.0,160.5,13,0,0,0,13,9.71,0.8147,12.5,95,da06be4-dirty
times_x1.5,"0.0215,0.0035,0.004,75,150,525",3,70,10.0,160.5,13,0,0,0,13,9.76,0.8185,12.5,95,da06be4-dirty
times_x1.5,"0.0215,0.0035,0.004,75,150,525",3,70,11.0,160.5,15,0,0,0,15,9.83,0.8223,12.5,95,da06be4-dirty
times_x1.5,"0.0215,0.0035,0.004,75,150,525",3,70,12.0,160.5,16,0,0,0,16,9.91,0.8261,12.5,95,da06be4-dirty
times_x1.5,"0.0215,0.0035,0.004,75,150,525",3,70,13.0,160.5,18,0,0,0,18,9.99,0.8299,12.5,95,da06be4-dirty
times_x1.5,"0.0215,0.0035,0.004,75,150,525",3,70,14.0,160.5,18,0,0,0,18,10.06,0.8338,12.5,95,da06be4-dirty
times_x1.5,"0.0215,0.0035,0.004,75,150,525",3,70,15.0,160.5,19,0,0,0,19,10.16,0.8375,12.5,95,da06be4-dirty
times_x1.5,"0.0215,0.0035,0.004,75,150,525",3,70,16.0,160.5,21,0,0,0,21,10.2,0.8414,12.5,95,da06be4-dirty
times_x1.5,"0.0215,0.0035,0.004,75,150,525",3,70,17.0,160.5,21,0,0,0,21,10.29,0.8454,12.5,95,da06be4-dirty
times_x1.5,"0.0215,0.0035,0.004,75,150,525",3,70,18.0,160.5,22,0,0,0,22,10.35,0.8493,12.5,95,da06be4-dirty
times_x1.5,"0.0215,0.0035,0.004,75,150,525",3,70,19.0,160.5,23,0,0,0,23,10.41,0.8533,12.5,95,da06be4-dirty
times_x1.5,"0.0215,0.0035,0.004,75,150,525",3,70,19.9,160.5,24,0,0,0,24,10.47,0.8568,12.5,95,da06be4-dirty
times_x1.5,"0.0215,0.0035,0.004,75,150,525",3,80,0.0,170.5,21,0,0,0,21,9.97,0.8434,12.5,95,da06be4-dirty
times_x1.5,"0.0215,0.0035,0.004,75,150,525",3,80,1.0,170.5,23,0,0,0,23,10.05,0.8474,12.5,95,da06be4-dirty
times_x1.5,"0.0215,0.0035,0.004,75,150,525",3,80,2.0,170.5,23,0,0,0,23,10.13,0.8515,12.5,95,da06be4-dirty
times_x1.5,"0.0215,0.0035,0.004,75,150,525",3,80,3.0,170.5,24,0,0,0,24,10.18,0.8555,12.5,95,da06be4-dirty
times_x1.5,"0.0215,0.0035,0.004,75,150,525",3,80,4.0,170.5,24,0,0,0,24,10.25,0.8596,12.5,95,da06be4-dirty
times_x1.5,"0.0215,0.0035,0.004,75,150,525",3,80,5.0,170.5,26,0,0,0,26,10.33,0.8637,12.5,95,da06be4-dirty
times_x1.5,"0.0215,0.0035,0.004,75,150,525",3,80,6.0,170.5,26,0,0,0,26,10.4,0.8679,12.5,95,da06be4-dirty
times_x1.5,"0.0215,0.0035,0.004,75,150,525",3,80,7.0,170.5,27,0,0,0,27,10.45,0.872,12.5,95,da06be4-dirty
times_x1.5,"0.0215,0.0035,0.004,75,150,525",3,80,8.0,170.5,27,0,0,0,27,10.54,0.8762,12.5,95,da06be4-dirty
times_x1.5,"0.0215,0.0035,0.004,75,150,525",3,80,9.0,170.5,29,0,0,0,29,10.58,0.8804,12.5,95,da06be4-dirty
times_x1.5,"0.0215,0.0035,0.004,75,150,525",3,80,10.0,170.5,29,0,0,0,29,10.65,0.8846,12.5,95,da06be4-dirty
times_x1.5,"0.0215,0.0035,0.004,75,150,525",3,80,11.0,170.5,30,0,0,0,30,10.68,0.8889,12.5,95,da06be4-dirty
times_x1.5,"0.0215,0.0035,0.004,75,150,525",3,80,12.0,170.5,30,0,0,0,30,10.78,0.8931,12.5,95,da06be4-dirty
times_x1.5,"0.0215,0.0035,0.004,75,150,525",3,80,13.0,170.5,32,0,0,0,32,10.83,0.8974,12.5,95,da06be4-dirty
times_x1.5,"0.0215,0.0035,0.004,75,150,525",3,80,14.0,170.5,32,0,0,0,32,10.87,0.9017,12.5,95,da06be4-dirty
times_x1.5,"0.0215,0.0035,0.004,75,150,525",3,80,15.0,170.5,33,0,0,0,33,10.95,0.9059,12.5,95,da06be4-dirty
times_x1.5,"0.0215,0.0035,0.004,75,150,525",3,80,16.0,170.5,42,0,0,0,42,10.99,0.9102,12.5,95,da06be4-dirty
times_x1.5,"0.0215,0.0035,0.004,75,150,525",3,80,17.0,170.5,47,0,0,0,47,11.05,0.9146,12.5,95,da06be4-dirty
times_x1.5,"0.0215,0.0035,0.004,75,150,525",3,80,18.0,170.5,51,0,0,0,51,11.09,0.919,12.5,95,da06be4-dirty
times_x1.5,"0.0215,0.0035,0.004,75,150,525",3,80,19.0,170.5,54,0,0,0,54,11.18,0.9233,12.5,95,da06be4-dirty
times_x1.5,"0.0215,0.0035,0.004,75,150,525",3,80,19.9,170.5,56,0,0,0,56,11.22,0.9273,12.5,95,da06be4-dirty
times_x1.5,"0.0215,0.0035,0.004,75,150,525",3,90,0.0,180.5,54,0,0,0,54,10.65,0.8993,12.5,95,da06be4-dirty
times_x1.5,"0.0215,0.0035,0.004,75,150,525",3,90,1.0,180.5,56,0,0,0,56,10.74,0.9038,12.5,95,da06be4-dirty
times_x1.5,"0.0215,0.0035,0.004,75,150,525",3,90,2.0,180.5,58,0,0,0,58,10.8,0.9082,12.5,95,da06be4-dirty
times_x1.5,"0.0215,0.0035,0.004,75,150,525",3,90,3.0,180.5,59,0,0,0,59,10.87,0.9127,12.5,95,da06be4-dirty
times_x1.5,"0.0215,0.0035,0.004,75,150,525",3,90,4.0,180.5,63,0,0,0,63,10.92,0.9172,12.5,95,da06be4-dirty
times_x1.5,"0.0215,0.0035,0.004,75,150,525",3,90,5.0,180.5,64,0,0,0,64,10.98,0.9217,12.5,95,da06be4-dirty
times_x1.5,"0.0215,0.0035,0.004,75,150,525",3,90,6.0,180.5,65,0,0,0,65,11.02,0.9262,12.5,95,da06be4-dirty
times_x1.5,"0.0215,0.0035,0.004,75,150,525",3,90,7.0,180.5,67,0,0,0,67,11.12,0.9308,12.5,95,da06be4-dirty
times_x1.5,"0.0215,0.0035,0.004,75,150,525",3,90,8.0,180.5,68,0,0,0,68,11.17,0.9353,12.5,95,da06be4-dirty
times_x1.5,"0.0215,0.0035,0.004,75,150,525",3,90,9.0,180.5,71,0,0,0,71,11.23,0.9399,12.5,95,da06be4-dirty
times_x1.5,"0.0215,0.0035,0.004,75,150,525",3,90,10.0,180.5,73,0,0,0,73,11.26,0.9445,12.5,95,da06be4-dirty
times_x1.5,"0.0215,0.0035,0.004,75,150,525",3,90,11.0,180.5,74,0,0,0,74,11.29,0.9492,12.5,95,da06be4-dirty
times_x1.5,"0.0215,0.0035,0.004,75,150,525",3,90,12.0,180.5,75,0,0,0,75,11.39,0.9538,12.5,95,da06be4-dirty
times_x1.5,"0.0215,0.0035,0.004,75,150,525",3,90,13.0,180.5,76,0,0,0,76,11.41,0.9585,12.5,95,da06be4-dirty
times_x1.5,"0.0215,0.0035,0.004,75,150,525",3,90,14.0,180.5,78,0,0,0,78,11.47,0.9632,12.5,95,da06be4-dirty
times_x1.5,"0.0215,0.0035,0.004,75,150,525",3,90,15.0,180.5,80,0,0,0,80,11.54,0.9677,12.5,95,da06be4-dirty
times_x1.5,"0.0215,0.0035,0.004,75,150,525",3,90,16.0,180.5,81,0,0,0,81,11.58,0.9724,12.5,95,da06be4-dirty
times_x1.5,"0.0215,0.0035,0.004,75,150,525",3,90,17.0,180.5,82,0,0,0,82,11.62,0.9771,12.5,95,da06be4-dirty
times_x1.5,"0.0215,0.0035,0.004,75,150,525",3,90,18.0,180.5,84,0,0,0,84,11.66,0.9819,12.5,95,da06be4-dirty
times_x1.5,"0.0215,0.0035,0.004,75,150,525",3,90,19.0,180.5,85,0,0,0,85,11.72,0.9867,12.5,95,da06be4-dirty
times_x1.5,"0.0215,0.0035,0.004,75,150,525",3,90,19.9,180.5,86,0,0,0,86,11.75,0.991,12.5,95,da06be4-dirty
times_x1.5,"0.0215,0.0035,0.004,75,150,525",3,100,0.0,190.5,82,0,0,0,82,11.12,0.9523,12.5,95,da06be4-dirty
times_x1.5,"0.0215,0.0035,0.004,75,150,525",3,100,1.0,190.5,84,0,0,0,84,11.16,0.9571,12.5,95,da06be4-dirty
times_x1.5,"0.0215,0.0035,0.004,75,150,525",3,100,2.0,190.5,84,0,0,0,84,11.19,0.9618,12.5,95,da06be4-dirty
times_x1.5,"0.0215,0.0035,0.004,75,150,525",3,100,3.0,190.5,85,0,0,0,85,11.27,0.9666,12.5,95,da06be4-dirty
times_x1.5,"0.0215,0.0035,0.004,75,150,525",3,100,4.0,190.5,86,0,0,0,86,11.33,0.9714,12.5,95,da06be4-dirty
times_x1.5,"0.0215,0.0035,0.004,75,150,525",3,100,5.0,190.5,87,0,0,0,87,11.38,0.9762,12.5,95,da06be4-dirty
times_x1.5,"0.0215,0.0035,0.004,75,150,525",3,100,6.0,190.5,90,0,0,0,90,11.44,0.9811,12.5,95,da06be4-dirty
times_x1.5,"0.0215,0.0035,0.004,75,150,525",3,100,7.0,190.5,94,0,0,0,94,11.48,0.9859,12.5,95,da06be4-dirty
times_x1.5,"0.0215,0.0035,0.004,75,150,525",3,100,8.0,190.5,97,0,0,0,97,11.54,0.9908,12.5,95,da06be4-dirty
times_x1.5,"0.0215,0.0035,0.004,75,150,525",3,100,9.0,190.5,100,0,0,0,100,11.6,0.9957,12.5,95,da06be4-dirty
times_x1.5,"0.0215,0.0035,0.004,75,150,525",3,100,10.0,190.5,101,0,0,0,101,11.65,1.0007,12.5,95,da06be4-dirty
times_x1.5,"0.0215,0.0035,0.004,75,150,525",3,100,11.0,190.5,104,0,0,0,104,11.68,1.0056,12.5,95,da06be4-dirty
times_x1.5,"0.0215,0.0035,0.004,75,150,525",3,100,12.0,190.5,105,0,0,0,105,11.71,1.0105,12.5,95,da06be4-dirty
times_x1.5,"0.0215,0.0035,0.004,75,150,525",3,100,13.0,190.5,108,0,0,0,108,11.79,1.0155,12.5,95,da06be4-dirty
times_x1.5,"0.0215,0.0035,0.004,75,150,525",3,100,14.0,190.5,110,0,0,0,110,11.83,1.0205,12.5,95,da06be4-dirty
times_x1.5,"0.0215,0.0035,0.004,75,150,525",3,100,15.0,190.5,113,0,0,0,113,11.88,1.0253,12.5,95,da06be4-dirty
times_x1.5,"0.0215,0.0035,0.004,75,150,525",3,100,16.0,190.5,113,0,0,0,113,11.91,1.0303,12.5,95,da06be4-dirty
times_x1.5,"0.0215,0.0035,0.004,75,150,525",3,100,17.0,190.5,115,0,0,0,115,11.98,1.0354,12.5,95,da06be4-dirty
times_x1.5,"0.0215,0.0035,0.004,75,150,525",3,100,18.0,190.5,117,0,0,0,117,12.02,1.0404,12.5,95,da06be4-dirty
times_x1.5,"0.0215,0.0035,0.004,75,150,525",3,100,19.0,190.5,118,0,0,0,118,12.04,1.0455,12.5,95,da06be4-dirty
times_x1.5,"0.0215,0.0035,0.004,75,150,525",3,100,19.9,190.5,119,0,0,0,119,12.14,1.0501,12.5,95,da06be4-dirty
times_x1.5,"0.0215,0.0035,0.004,75,150,525",2,60,0.0,150.5,0,0,0,0,0,4.44,0.4398,12.5,95,da06be4-dirty
times_x1.5,"0.0215,0.0035,0.004,75,150,525",2,60,1.0,150.5,0,0,0,0,0,4.48,0.4446,12.5,95,da06be4-dirty
times_x1.5,"0.0215,0.0035,0.004,75,150,525",2,60,2.0,150.5,0,0,0,0,0,4.54,0.4494,12.5,95,da06be4-dirty
times_x1.5,"0.0215,0.0035,0.004,75,150,525",2,60,3.0,150.5,0,0,0,0,0,4.61,0.4543,12.5,95,da06be4-dirty
times_x1.5,"0.0215,0.0035,0.004,75,150,525",2,60,4.0,150.5,0,0,0,0,0,4.65,0.4591,12.5,95,da06be4-dirty
times_x1.5,"0.0215,0.0035,0.004,75,150,525",2,60,5.0,150.5,0,0,0,0,0,4.71,0.4639,12.5,95,da06be4-dirty
times_x1.5,"0.0215,0.0035,0.004,75,150,525",2,60,6.0,150.5,0,0,0,0,0,4.76,0.4687,12.5,95,da06be4-dirty
times_x1.5,"0.0215,0.0035,0.004,75,150,525",2,60,7.0,150.5,0,0,0,0,0,4.84,0.4736,12.5,95,da06be4-dirty
times_x1.5,"0.0215,0.0035,0.004,75,150,525",2,60,8.0,150.5,0,0,0,0,0,4.85,0.4784,12.5,95,da06be4-dirty
times_x1.5,"0.0215,0.0035,0.004,75,150,525",2,60,9.0,150.5,0,0,0,0,0,4.89,0.4833,12.5,95,da06be4-dirty
times_x1.5,"0.0215,0.0035,0.004,75,150,525",2,60,10.0,150.5,0,0,0,0,0,4.98,0.4881,12.5,95,da06be4-dirty
times_x1.5,"0.0215,0.0035,0.004,75,150,525",2,60,11.0,150.5,0,0,0,0,0,5.08,0.4929,12.5,95,da06be4-dirty
times_x1.5,"0.0215,0.0035,0.004,75,150,525",2,60,12.0,150.5,0,0,0,0,0,5.17,0.4978,12.5,95,da06be4-dirty
times_x1.5,"0.0215,0.0035,0.004,75,150,525",2,60,13.0,150.5,0,0,0,0,0,5.24,0.5027,12.5,95,da06be4-dirty
times_x1.5,"0.0215,0.0035,0.004,75,150,525",2,60,14.0,150.5,0,0,0,0,0,5.33,0.5075,12.5,95,da06be4-dirty
times_x1.5,"0.0215,0.0035,0.004,75,150,525",2,60,15.0,150.5,0,0,0,0,0,5.4,0.5124,12.5,95,da06be4-dirty
times_x1.5,"0.0215,0.0035,0.004,75,150,525",2,60,16.0,150.5,0,0,0,0,0,5.48,0.5172,12.5,95,da06be4-dirty
times_x1.5,"0.0215,0.0035,0.004,75,150,525",2,60,17.0,150.5,0,0,0,0,0,5.59,0.5221,12.5,95,da06be4-dirty
times_x1.5,"0.0215,0.0035,0.004,75,150,525",2,60,18.0,150.5,0,0,0,0,0,5.68,0.527,12.5,95,da06be4-dirty
times_x1.5,"0.0215,0.0035,0.004,75,150,525",2,60,19.0,150.5,0,0,0,0,0,5.77,0.5318,12.5,95,da06be4-dirty
times_x1.5,"0.0215,0.0035,0.004,75,150,525",2,60,19.9,150.5,0,0,0,0,0,5.84,0.5362,12.5,95,da06be4-dirty
times_x1.5,"0.0215,0.0035,0.004,75,150,525",2,70,0.0,160.5,0,0,0,0,0,4.76,0.4399,12.5,95,da06be4-dirty
times_x1.5,"0.0215,0.0035,0.004,75,150,525",2,70,1.0,160.5,0,0,0,0,0,4.82,0.4447,12.5,95,da06be4-dirty
times_x1.5,"0.0215,0.0035,0.004,75,150,525",2,70,2.0,160.5,0,0,0,0,0,4.92,0.4495,12.5,95,da06be4-dirty
times_x1.5,"0.0215,0.0035,0.004,75,150,525",2,70,3.0,160.5,0,0,0,0,0,4.99,0.4543,12.5,95,da06be4-dirty
times_x1.5,"0.0215,0.0035,0.004,75,150,525",2,70,4.0,160.5,0,0,0,0,0,5.03,0.4591,12.5,95,da06be4-dirty
times_x1.5,"0.0215,0.0035,0.004,75,150,525",2,70,5.0,160.5,0,0,0,0,0,5.09,0.464,12.5,95,da06be4-dirty
times_x1.5,"0.0215,0.0035,0.004,75,150,525",2,70,6.0,160.5,0,0,0,0,0,5.17,0.4688,12.5,95,da06be4-dirty
times_x1.5,"0.0215,0.0035,0.004,75,150,525",2,70,7.0,160.5,0,0,0,0,0,5.23,0.4736,12.5,95,da06be4-dirty
times_x1.5,"0.0215,0.0035,0.004,75,150,525",2,70,8.0,160.5,0,0,0,0,0,5.28,0.4785,12.5,95,da06be4-dirty
times_x1.5,"0.0215,0.0035,0.004,75,150,525",2,70,9.0,160.5,0,0,0,0,0,5.33,0.4833,12.5,95,da06be4-dirty
times_x1.5,"0.0215,0.0035,0.004,75,150,525",2,70,10.0,160.5,0,0,0,0,0,5.4,0.4882,12.5,95,da06be4-dirty
times_x1.5,"0.0215,0.0035,0.004,75,150,525",2,70,11.0,160.5,0,0,0,0,0,5.44,0.493,12.5,95,da06be4-dirty
times_x1.5,"0.0215,0.0035,0.004,75,150,525",2,70,12.0,160.5,0,0,0,0,0,5.52,0.4979,12.5,95,da06be4-dirty
times_x1.5,"0.0215,0.0035,0.004,75,150,525",2,70,13.0,160.5,0,0,0,0,0,5.53,0.5027,12.5,95,da06be4-dirty
times_x1.5,"0.0215,0.0035,0.004,75,150,525",2,70,14.0,160.5,0,0,0,0,0,5.61,0.5076,12.5,95,da06be4-dirty
times_x1.5,"0.0215,0.0035,0.004,75,150,525",2,70,15.0,160.5,0,0,0,0,0,5.67,0.5124,12.5,95,da06be4-dirty
times_x1.5,"0.0215,0.0035,0.004,75,150,525",2,70,16.0,160.5,0,0,0,0,0,5.74,0.5173,12.5,95,da06be4-dirty
times_x1.5,"0.0215,0.0035,0.004,75,150,525",2,70,17.0,160.5,0,0,0,0,0,5.82,0.5222,12.5,95,da06be4-dirty
times_x1.5,"0.0215,0.0035,0.004,75,150,525",2,70,18.0,160.5,0,0,0,0,0,5.92,0.527,12.5,95,da06be4-dirty
times_x1.5,"0.0215,0.0035,0.004,75,150,525",2,70,19.0,160.5,0,0,0,0,0,6.0,0.5319,12.5,95,da06be4-dirty
times_x1.5,"0.0215,0.0035,0.004,75,150,525",2,70,19.9,160.5,0,0,0,0,0,6.05,0.5363,12.5,95,da06be4-dirty
times_x1.5,"0.0215,0.0035,0.004,75,150,525",2,80,0.0,170.5,0,0,0,0,0,5.04,0.4398,12.5,95,da06be4-dirty
times_x1.5,"0.0215,0.0035,0.004,75,150,525",2,80,1.0,170.5,0,0,0,0,0,5.09,0.4447,12.5,95,da06be4-dirty
times_x1.5,"0.0215,0.0035,0.004,75,150,525",2,80,2.0,170.5,0,0,0,0,0,5.15,0.4495,12.5,95,da06be4-dirty
times_x1.5,"0.0215,0.0035,0.004,75,150,525",2,80,3.0,170.5,0,0,0,0,0,5.23,0.4543,12.5,95,da06be4-dirty
times_x1.5,"0.0215,0.0035,0.004,75,150,525",2,80,4.0,170.5,0,0,0,0,0,5.26,0.4591,12.5,95,da06be4-dirty
times_x1.5,"0.0215,0.0035,0.004,75,150,525",2,80,5.0,170.5,0,0,0,0,0,5.33,0.464,12.5,95,da06be4-dirty
times_x1.5,"0.0215,0.0035,0.004,75,150,525",2,80,6.0,170.5,0,0,0,0,0,5.37,0.4688,12.5,95,da06be4-dirty
times_x1.5,"0.0215,0.0035,0.004,75,150,525",2,80,7.0,170.5,0,0,0,0,0,5.42,0.4736,12.5,95,da06be4-dirty
times_x1.5,"0.0215,0.0035,0.004,75,150,525",2,80,8.0,170.5,0,0,0,0,0,5.48,0.4785,12.5,95,da06be4-dirty
times_x1.5,"0.0215,0.0035,0.004,75,150,525",2,80,9.0,170.5,0,0,0,0,0,5.52,0.4833,12.5,95,da06be4-dirty
times_x1.5,"0.0215,0.0035,0.004,75,150,525",2,80,10.0,170.5,0,0,0,0,0,5.58,0.4882,12.5,95,da06be4-dirty
times_x1.5,"0.0215,0.0035,0.004,75,150,525",2,80,11.0,170.5,0,0,0,0,0,5.64,0.493,12.5,95,da06be4-dirty
times_x1.5,"0.0215,0.0035,0.004,75,150,525",2,80,12.0,170.5,0,0,0,0,0,5.68,0.4979,12.5,95,da06be4-dirty
times_x1.5,"0.0215,0.0035,0.004,75,150,525",2,80,13.0,170.5,0,0,0,0,0,5.71,0.5027,12.5,95,da06be4-dirty
times_x1.5,"0.0215,0.0035,0.004,75,150,525",2,80,14.0,170.5,0,0,0,0,0,5.77,0.5076,12.5,95,da06be4-dirty
times_x1.5,"0.0215,0.0035,0.004,75,150,525",2,80,15.0,170.5,0,0,0,0,0,5.83,0.5124,12.5,95,da06be4-dirty
times_x1.5,"0.0215,0.0035,0.004,75,150,525",2,80,16.0,170.5,0,0,0,0,0,5.91,0.5173,12.5,95,da06be4-dirty
times_x1.5,"0.0215,0.0035,0.004,75,150,525",2,80,17.0,170.5,0,0,0,0,0,5.97,0.5221,12.5,95,da06be4-dirty
times_x1.5,"0.0215,0.0035,0.004,75,150,525",2,80,18.0,170.5,0,0,0,0,0,6.06,0.527,12.5,95,da06be4-dirty
times_x1.5,"0.0215,0.0035,0.004,75,150,525",2,80,19.0,170.5,0,0,0,0,0,6.13,0.5319,12.5,95,da06be4-dirty
times_x1.5,"0.0215,0.0035,0.004,75,150,525",2,80,19.9,170.5,0,0,0,0,0,6.18,0.5363,12.5,95,da06be4-dirty
times_x1.5,"0.0215,0.0035,0.004,75,150,525",2,90,0.0,180.5,0,0,0,0,0,5.22,0.4398,12.5,95,da06be4-dirty
times_x1.5,"0.0215,0.0035,0.004,75,150,525",2,90,1.0,180.5,0,0,0,0,0,5.26,0.4446,12.5,95,da06be4-dirty
times_x1.5,"0.0215,0.0035,0.004,75,150,525",2,90,2.0,180.5,0,0,0,0,0,5.33,0.4494,12.5,95,da06be4-dirty
times_x1.5,"0.0215,0.0035,0.004,75,150,525",2,90,3.0,180.5,0,0,0,0,0,5.38,0.4543,12.5,95,da06be4-dirty
times_x1.5,"0.0215,0.0035,0.004,75,150,525",2,90,4.0,180.5,0,0,0,0,0,5.43,0.4591,12.5,95,da06be4-dirty
times_x1.5,"0.0215,0.0035,0.004,75,150,525",2,90,5.0,180.5,0,0,0,0,0,5.46,0.4639,12.5,95,da06be4-dirty
times_x1.5,"0.0215,0.0035,0.004,75,150,525",2,90,6.0,180.5,0,0,0,0,0,5.54,0.4688,12.5,95,da06be4-dirty
times_x1.5,"0.0215,0.0035,0.004,75,150,525",2,90,7.0,180.5,0,0,0,0,0,5.59,0.4736,12.5,95,da06be4-dirty
times_x1.5,"0.0215,0.0035,0.004,75,150,525",2,90,8.0,180.5,0,0,0,0,0,5.6,0.4784,12.5,95,da06be4-dirty
times_x1.5,"0.0215,0.0035,0.004,75,150,525",2,90,9.0,180.5,0,0,0,0,0,5.66,0.4833,12.5,95,da06be4-dirty
times_x1.5,"0.0215,0.0035,0.004,75,150,525",2,90,10.0,180.5,0,0,0,0,0,5.71,0.4881,12.5,95,da06be4-dirty
times_x1.5,"0.0215,0.0035,0.004,75,150,525",2,90,11.0,180.5,0,0,0,0,0,5.77,0.493,12.5,95,da06be4-dirty
times_x1.5,"0.0215,0.0035,0.004,75,150,525",2,90,12.0,180.5,0,0,0,0,0,5.81,0.4978,12.5,95,da06be4-dirty
times_x1.5,"0.0215,0.0035,0.004,75,150,525",2,90,13.0,180.5,0,0,0,0,0,5.84,0.5027,12.5,95,da06be4-dirty
times_x1.5,"0.0215,0.0035,0.004,75,150,525",2,90,14.0,180.5,0,0,0,0,0,5.89,0.5075,12.5,95,da06be4-dirty
times_x1.5,"0.0215,0.0035,0.004,75,150,525",2,90,15.0,180.5,0,0,0,0,0,5.94,0.5124,12.5,95,da06be4-dirty
times_x1.5,"0.0215,0.0035,0.004,75,150,525",2,90,16.0,180.5,0,0,0,0,0,6.02,0.5173,12.5,95,da06be4-dirty
times_x1.5,"0.0215,0.0035,0.004,75,150,525",2,90,17.0,180.5,0,0,0,0,0,6.09,0.5221,12.5,95,da06be4-dirty
times_x1.5,"0.0215,0.0035,0.004,75,150,525",2,90,18.0,180.5,0,0,0,0,0,6.18,0.527,12.5,95,da06be4-dirty
times_x1.5,"0.0215,0.0035,0.004,75,150,525",2,90,19.0,180.5,0,0,0,0,0,6.24,0.5319,12.5,95,da06be4-dirty
times_x1.5,"0.0215,0.0035,0.004,75,150,525",2,90,19.9,180.5,0,0,0,0,0,6.29,0.5363,12.5,95,da06be4-dirty
times_x1.5,"0.0215,0.0035,0.004,75,150,525",2,100,0.0,190.5,0,0,0,0,0,5.37,0.4398,12.5,95,da06be4-dirty
times_x1.5,"0.0215,0.0035,0.004,75,150,525",2,100,1.0,190.5,0,0,0,0,0,5.4,0.4446,12.5,95,da06be4-dirty
times_x1.5,"0.0215,0.0035,0.004,75,150,525",2,100,2.0,190.5,0,0,0,0,0,5.46,0.4494,12.5,95,da06be4-dirty
times_x1.5,"0.0215,0.0035,0.004,75,150,525",2,100,3.0,190.5,0,0,0,0,0,5.52,0.4543,12.5,95,da06be4-dirty
times_x1.5,"0.0215,0.0035,0.004,75,150,525",2,100,4.0,190.5,0,0,0,0,0,5.56,0.4591,12.5,95,da06be4-dirty
times_x1.5,"0.0215,0.0035,0.004,75,150,525",2,100,5.0,190.5,0,0,0,0,0,5.61,0.4639,12.5,95,da06be4-dirty
times_x1.5,"0.0215,0.0035,0.004,75,150,525",2,100,6.0,190.5,0,0,0,0,0,5.64,0.4687,12.5,95,da06be4-dirty
times_x1.5,"0.0215,0.0035,0.004,75,150,525",2,100,7.0,190.5,0,0,0,0,0,5.72,0.4736,12.5,95,da06be4-dirty
times_x1.5,"0.0215,0.0035,0.004,75,150,525",2,100,8.0,190.5,0,0,0,0,0,5.75,0.4784,12.5,95,da06be4-dirty
times_x1.5,"0.0215,0.0035,0.004,75,150,525",2,100,9.0,190.5,0,0,0,0,0,5.78,0.4833,12.5,95,da06be4-dirty
times_x1.5,"0.0215,0.0035,0.004,75,150,525",2,100,10.0,190.5,0,0,0,0,0,5.84,0.4881,12.5,95,da06be4-dirty
times_x1.5,"0.0215,0.0035,0.004,75,150,525",2,100,11.0,190.5,0,0,0,0,0,5.87,0.4929,12.5,95,da06be4-dirty
times_x1.5,"0.0215,0.0035,0.004,75,150,525",2,100,12.0,190.5,0,0,0,0,0,5.93,0.4978,12.5,95,da06be4-dirty
times_x1.5,"0.0215,0.0035,0.004,75,150,525",2,100,13.0,190.5,0,0,0,0,0,5.95,0.5026,12.5,95,da06be4-dirty
times_x1.5,"0.0215,0.0035,0.004,75,150,525",2,100,14.0,190.5,0,0,0,0,0,6.01,0.5075,12.5,95,da06be4-dirty
times_x1.5,"0.0215,0.0035,0.004,75,150,525",2,100,15.0,190.5,0,0,0,0,0,6.04,0.5124,12.5,95,da06be4-dirty
times_x1.5,"0.0215,0.0035,0.004,75,150,525",2,100,16.0,190.5,0,0,0,0,0,6.12,0.5172,12.5,95,da06be4-dirty
times_x1.5,"0.0215,0.0035,0.004,75,150,525",2,100,17.0,190.5,0,0,0,0,0,6.18,0.5221,12.5,95,da06be4-dirty
times_x1.5,"0.0215,0.0035,0.004,75,150,525",2,100,18.0,190.5,0,0,0,0,0,6.28,0.527,12.5,95,da06be4-dirty
times_x1.5,"0.0215,0.0035,0.004,75,150,525",2,100,19.0,190.5,0,0,0,0,0,6.34,0.5318,12.5,95,da06be4-dirty
times_x1.5,"0.0215,0.0035,0.004,75,150,525",2,100,19.9,190.5,0,0,0,0,0,6.39,0.5362,12.5,95,da06be4-dirty
times_x1.5,"0.0215,0.0035,0.004,75,150,525",2,110,0.0,200.5,0,0,0,0,0,5.48,0.4396,12.5,95,da06be4-dirty
times_x1.5,"0.0215,0.0035,0.004,75,150,525",2,110,1.0,200.5,0,0,0,0,0,5.52,0.4444,12.5,95,da06be4-dirty
times_x1.5,"0.0215,0.0035,0.004,75,150,525",2,110,2.0,200.5,0,0,0,0,0,5.59,0.4492,12.5,95,da06be4-dirty
times_x1.5,"0.0215,0.0035,0.004,75,150,525",2,110,3.0,200.5,0,0,0,0,0,5.64,0.454,12.5,95,da06be4-dirty
times_x1.5,"0.0215,0.0035,0.004,75,150,525",2,110,4.0,200.5,0,0,0,0,0,5.67,0.4589,12.5,95,da06be4-dirty
times_x1.5,"0.0215,0.0035,0.004,75,150,525",2,110,5.0,200.5,0,0,0,0,0,5.69,0.4637,12.5,95,da06be4-dirty
times_x1.5,"0.0215,0.0035,0.004,75,150,525",2,110,6.0,200.5,0,0,0,0,0,5.77,0.4685,12.5,95,da06be4-dirty
times_x1.5,"0.0215,0.0035,0.004,75,150,525",2,110,7.0,200.5,0,0,0,0,0,5.81,0.4734,12.5,95,da06be4-dirty
times_x1.5,"0.0215,0.0035,0.004,75,150,525",2,110,8.0,200.5,0,0,0,0,0,5.85,0.4782,12.5,95,da06be4-dirty
times_x1.5,"0.0215,0.0035,0.004,75,150,525",2,110,9.0,200.5,0,0,0,0,0,5.88,0.4831,12.5,95,da06be4-dirty
times_x1.5,"0.0215,0.0035,0.004,75,150,525",2,110,10.0,200.5,0,0,0,0,0,5.95,0.4879,12.5,95,da06be4-dirty
times_x1.5,"0.0215,0.0035,0.004,75,150,525",2,110,11.0,200.5,0,0,0,0,0,6.01,0.4927,12.5,95,da06be4-dirty
times_x1.5,"0.0215,0.0035,0.004,75,150,525",2,110,12.0,200.5,0,0,0,0,0,6.02,0.4976,12.5,95,da06be4-dirty
times_x1.5,"0.0215,0.0035,0.004,75,150,525",2,110,13.0,200.5,0,0,0,0,0,6.06,0.5024,12.5,95,da06be4-dirty
times_x1.5,"0.0215,0.0035,0.004,75,150,525",2,110,14.0,200.5,0,0,0,0,0,6.11,0.5073,12.5,95,da06be4-dirty
times_x1.5,"0.0215,0.0035,0.004,75,150,525",2,110,15.0,200.5,0,0,0,0,0,6.14,0.5122,12.5,95,da06be4-dirty
times_x1.5,"0.0215,0.0035,0.004,75,150,525",2,110,16.0,200.5,0,0,0,0,0,6.21,0.517,12.5,95,da06be4-dirty
times_x1.5,"0.0215,0.0035,0.004,75,150,525",2,110,17.0,200.5,0,0,0,0,0,6.29,0.5219,12.5,95,da06be4-dirty
times_x1.5,"0.0215,0.0035,0.004,75,150,525",2,110,18.0,200.5,0,0,0,0,0,6.36,0.5268,12.5,95,da06be4-dirty
times_x1.5,"0.0215,0.0035,0.004,75,150,525",2,110,19.0,200.5,0,0,0,0,0,6.43,0.5316,12.5,95,da06be4-dirty
times_x1.5,"0.0215,0.0035,0.004,75,150,525",2,110,19.9,200.5,0,0,0,0,0,6.48,0.536,12.5,95,da06be4-dirty
times_x1.5,"0.0215,0.0035,0.004,75,150,525",2,120,0.0,210.5,0,0,0,0,0,5.59,0.4392,12.5,95,da06be4-dirty
times_x1.5,"0.0215,0.0035,0.004,75,150,525",2,120,1.0,210.5,0,0,0,0,0,5.63,0.444,12.5,95,da06be4-dirty
times_x1.5,"0.0215,0.0035,0.004,75,150,525",2,120,2.0,210.5,0,0,0,0,0,5.69,0.4488,12.5,95,da06be4-dirty
times_x1.5,"0.0215,0.0035,0.004,75,150,525",2,120,3.0,210.5,0,0,0,0,0,5.73,0.4536,12.5,95,da06be4-dirty
times_x1.5,"0.0215,0.0035,0.004,75,150,525",2,120,4.0,210.5,0,0,0,0,0,5.78,0.4585,12.5,95,da06be4-dirty
times_x1.5,"0.0215,0.0035,0.004,75,150,525",2,120,5.0,210.5,0,0,0,0,0,5.82,0.4633,12.5,95,da06be4-dirty
times_x1.5,"0.0215,0.0035,0.004,75,150,525",2,120,6.0,210.5,0,0,0,0,0,5.85,0.4681,12.5,95,da06be4-dirty
times_x1.5,"0.0215,0.0035,0.004,75,150,525",2,120,7.0,210.5,0,0,0,0,0,5.92,0.473,12.5,95,da06be4-dirty
times_x1.5,"0.0215,0.0035,0.004,75,150,525",2,120,8.0,210.5,0,0,0,0,0,5.97,0.4778,12.5,95,da06be4-dirty
times_x1.5,"0.0215,0.0035,0.004,75,150,525",2,120,9.0,210.5,0,0,0,0,0,5.98,0.4827,12.5,95,da06be4-dirty
times_x1.5,"0.0215,0.0035,0.004,75,150,525",2,120,10.0,210.5,0,0,0,0,0,6.03,0.4875,12.5,95,da06be4-dirty
times_x1.5,"0.0215,0.0035,0.004,75,150,525",2,120,11.0,210.5,0,0,0,0,0,6.09,0.4923,12.5,95,da06be4-dirty
times_x1.5,"0.0215,0.0035,0.004,75,150,525",2,120,12.0,210.5,0,0,0,0,0,6.12,0.4972,12.5,95,da06be4-dirty
times_x1.5,"0.0215,0.0035,0.004,75,150,525",2,120,13.0,210.5,0,0,0,0,0,6.16,0.502,12.5,95,da06be4-dirty
times_x1.5,"0.0215,0.0035,0.004,75,150,525",2,120,14.0,210.5,0,0,0,0,0,6.19,0.5069,12.5,95,da06be4-dirty
times_x1.5,"0.0215,0.0035,0.004,75,150,525",2,120,15.0,210.5,0,0,0,0,0,6.23,0.5118,12.5,95,da06be4-dirty
times_x1.5,"0.0215,0.0035,0.004,75,150,525",2,120,16.0,210.5,0,0,0,0,0,6.33,0.5166,12.5,95,da06be4-dirty
times_x1.5,"0.0215,0.0035,0.004,75,150,525",2,120,17.0,210.5,0,0,0,0,0,6.46,0.5215,12.5,95,da06be4-dirty
times_x1.5,"0.0215,0.0035,0.004,75,150,525",2,120,18.0,210.5,0,0,0,0,0,6.55,0.5264,12.5,95,da06be4-dirty
times_x1.5,"0.0215,0.0035,0.004,75,150,525",2,120,19.0,210.5,0,0,0,0,0,6.64,0.5312,12.5,95,da06be4-dirty
times_x1.5,"0.0215,0.0035,0.004,75,150,525",2,120,19.9,210.5,0,0,0,0,0,6.67,0.5356,12.5,95,da06be4-dirty
times_x1.5,"0.0215,0.0035,0.004,75,150,525",2,130,0.0,220.5,0,0,0,0,0,5.72,0.4385,12.5,95,da06be4-dirty
times_x1.5,"0.0215,0.0035,0.004,75,150,525",2,130,1.0,220.5,0,0,0,0,0,5.74,0.4433,12.5,95,da06be4-dirty
times_x1.5,"0.0215,0.0035,0.004,75,150,525",2,130,2.0,220.5,0,0,0,0,0,5.78,0.4482,12.5,95,da06be4-dirty
times_x1.5,"0.0215,0.0035,0.004,75,150,525",2,130,3.0,220.5,0,0,0,0,0,5.83,0.453,12.5,95,da06be4-dirty
times_x1.5,"0.0215,0.0035,0.004,75,150,525",2,130,4.0,220.5,0,0,0,0,0,5.87,0.4578,12.5,95,da06be4-dirty
times_x1.5,"0.0215,0.0035,0.004,75,150,525",2,130,5.0,220.5,0,0,0,0,0,5.89,0.4627,12.5,95,da06be4-dirty
times_x1.5,"0.0215,0.0035,0.004,75,150,525",2,130,6.0,220.5,0,0,0,0,0,5.97,0.4675,12.5,95,da06be4-dirty
times_x1.5,"0.0215,0.0035,0.004,75,150,525",2,130,7.0,220.5,0,0,0,0,0,6.01,0.4723,12.5,95,da06be4-dirty
times_x1.5,"0.0215,0.0035,0.004,75,150,525",2,130,8.0,220.5,0,0,0,0,0,6.04,0.4772,12.5,95,da06be4-dirty
times_x1.5,"0.0215,0.0035,0.004,75,150,525",2,130,9.0,220.5,0,0,0,0,0,6.08,0.482,12.5,95,da06be4-dirty
times_x1.5,"0.0215,0.0035,0.004,75,150,525",2,130,10.0,220.5,0,0,0,0,0,6.36,0.4868,12.5,95,da06be4-dirty
times_x1.5,"0.0215,0.0035,0.004,75,150,525",2,130,11.0,220.5,0,0,0,0,0,6.41,0.4917,12.5,95,da06be4-dirty
times_x1.5,"0.0215,0.0035,0.004,75,150,525",2,130,12.0,220.5,0,0,0,0,0,6.45,0.4965,12.5,95,da06be4-dirty
times_x1.5,"0.0215,0.0035,0.004,75,150,525",2,130,13.0,220.5,0,0,0,0,0,6.52,0.5014,12.5,95,da06be4-dirty
times_x1.5,"0.0215,0.0035,0.004,75,150,525",2,130,14.0,220.5,0,0,0,0,0,6.55,0.5062,12.5,95,da06be4-dirty
times_x1.5,"0.0215,0.0035,0.004,75,150,525",2,130,15.0,220.5,0,0,0,0,0,6.6,0.5111,12.5,95,da06be4-dirty
times_x1.5,"0.0215,0.0035,0.004,75,150,525",2,130,16.0,220.5,0,0,0,0,0,6.72,0.516,12.5,95,da06be4-dirty
times_x1.5,"0.0215,0.0035,0.004,75,150,525",2,130,17.0,220.5,0,0,0,0,0,6.76,0.5208,12.5,95,da06be4-dirty
times_x1.5,"0.0215,0.0035,0.004,75,150,525",2,130,18.0,220.5,0,0,0,0,0,6.84,0.5257,12.5,95,da06be4-dirty
times_x1.5,"0.0215,0.0035,0.004,75,150,525",2,130,19.0,220.5,0,0,0,0,0,6.92,0.5306,12.5,95,da06be4-dirty
times_x1.5,"0.0215,0.0035,0.004,75,150,525",2,130,19.9,220.5,0,0,0,0,0,6.96,0.535,12.5,95,da06be4-dirty
times_x1.5,"0.0215,0.0035,0.004,75,150,525",2,140,0.0,230.5,0,0,0,0,0,5.78,0.4376,12.5,95,da06be4-dirty
times_x1.5,"0.0215,0.0035,0.004,75,150,525",2,140,1.0,230.5,0,0,0,0,0,5.92,0.4424,12.5,95,da06be4-dirty
times_x1.5,"0.0215,0.0035,0.004,75,150,525",2,140,2.0,230.5,0,0,0,0,0,6.0,0.4472,12.5,95,da06be4-dirty
times_x1.5,"0.0215,0.0035,0.004,75,150,525",2,140,3.0,230.5,0,0,0,0,0,6.07,0.4521,12.5,95,da06be4-dirty
times_x1.5,"0.0215,0.0035,0.004,75,150,525",2,140,4.0,230.5,0,0,0,0,0,6.14,0.4569,12.5,95,da06be4-dirty
times_x1.5,"0.0215,0.0035,0.004,75,150,525",2,140,5.0,230.5,0,0,0,0,0,6.19,0.4617,12.5,95,da06be4-dirty
times_x1.5,"0.0215,0.0035,0.004,75,150,525",2,140,6.0,230.5,0,0,0,0,0,6.26,0.4666,12.5,95,da06be4-dirty
times_x1.5,"0.0215,0.0035,0.004,75,150,525",2,140,7.0,230.5,0,0,0,0,0,6.31,0.4714,12.5,95,da06be4-dirty
times_x1.5,"0.0215,0.0035,0.004,75,150,525",2,140,8.0,230.5,0,0,0,0,0,6.36,0.4762,12.5,95,da06be4-dirty
times_x1.5,"0.0215,0.0035,0.004,75,150,525",2,140,9.0,230.5,0,0,0,0,0,6.42,0.4811,12.5,95,da06be4-dirty
times_x1.5,"0.0215,0.0035,0.004,75,150,525",2,140,10.0,230.5,0,0,0,0,0,6.57,0.4859,12.5,95,da06be4-dirty
times_x1.5,"0.0215,0.0035,0.004,75,150,525",2,140,11.0,230.5,0,0,0,0,0,6.61,0.4907,12.5,95,da06be4-dirty
times_x1.5,"0.0215,0.0035,0.004,75,150,525",2,140,12.0,230.5,0,0,0,0,0,6.64,0.4956,12.5,95,da06be4-dirty
times_x1.5,"0.0215,0.0035,0.004,75,150,525",2,140,13.0,230.5,0,0,0,0,0,6.71,0.5004,12.5,95,da06be4-dirty
times_x1.5,"0.0215,0.0035,0.004,75,150,525",2,140,14.0,230.5,0,0,0,0,0,6.73,0.5053,12.5,95,da06be4-dirty
times_x1.5,"0.0215,0.0035,0.004,75,150,525",2,140,15.0,230.5,0,0,0,0,0,6.81,0.5102,12.5,95,da06be4-dirty
times_x1.5,"0.0215,0.0035,0.004,75,150,525",2,140,16.0,230.5,0,0,0,0,0,6.91,0.515,12.5,95,da06be4-dirty
times_x1.5,"0.0215,0.0035,0.004,75,150,525",2,140,17.0,230.5,0,0,0,0,0,6.99,0.5199,12.5,95,da06be4-dirty
times_x1.5,"0.0215,0.0035,0.004,75,150,525",2,140,18.0,230.5,0,0,0,0,0,7.04,0.5248,12.5,95,da06be4-dirty
times_x1.5,"0.0215,0.0035,0.004,75,150,525",2,140,19.0,230.5,0,0,0,0,0,7.12,0.5296,12.5,95,da06be4-dirty
times_x1.5,"0.0215,0.0035,0.004,75,150,525",2,140,19.9,230.5,0,0,0,0,0,7.17,0.5341,12.5,95,da06be4-dirty
times_x1.5,"0.0215,0.0035,0.004,75,150,525",2,150,0.0,240.5,0,0,0,0,0,6.13,0.4367,12.5,95,da06be4-dirty
times_x1.5,"0.0215,0.0035,0.004,75,150,525",2,150,1.0,240.5,0,0,0,0,0,6.18,0.4415,12.5,95,da06be4-dirty
times_x1.5,"0.0215,0.0035,0.004,75,150,525",2,150,2.0,240.5,0,0,0,0,0,6.25,0.4464,12.5,95,da06be4-dirty
times_x1.5,"0.0215,0.0035,0.004,75,150,525",2,150,3.0,240.5,0,0,0,0,0,6.28,0.4512,12.5,95,da06be4-dirty
times_x1.5,"0.0215,0.0035,0.004,75,150,525",2,150,4.0,240.5,0,0,0,0,0,6.35,0.456,12.5,95,da06be4-dirty
times_x1.5,"0.0215,0.0035,0.004,75,150,525",2,150,5.0,240.5,0,0,0,0,0,6.39,0.4608,12.5,95,da06be4-dirty
times_x1.5,"0.0215,0.0035,0.004,75,150,525",2,150,6.0,240.5,0,0,0,0,0,6.46,0.4657,12.5,95,da06be4-dirty
times_x1.5,"0.0215,0.0035,0.004,75,150,525",2,150,7.0,240.5,0,0,0,0,0,6.53,0.4705,12.5,95,da06be4-dirty
times_x1.5,"0.0215,0.0035,0.004,75,150,525",2,150,8.0,240.5,0,0,0,0,0,6.58,0.4754,12.5,95,da06be4-dirty
times_x1.5,"0.0215,0.0035,0.004,75,150,525",2,150,9.0,240.5,0,0,0,0,0,6.6,0.4802,12.5,95,da06be4-dirty
times_x1.5,"0.0215,0.0035,0.004,75,150,525",2,150,10.0,240.5,0,0,0,0,0,6.74,0.485,12.5,95,da06be4-dirty
times_x1.5,"0.0215,0.0035,0.004,75,150,525",2,150,11.0,240.5,0,0,0,0,0,6.79,0.4898,12.5,95,da06be4-dirty
times_x1.5,"0.0215,0.0035,0.004,75,150,525",2,150,12.0,240.5,0,0,0,0,0,6.82,0.4947,12.5,95,da06be4-dirty
times_x1.5,"0.0215,0.0035,0.004,75,150,525",2,150,13.0,240.5,0,0,0,0,0,6.94,0.4995,12.5,95,da06be4-dirty
times_x1.5,"0.0215,0.0035,0.004,75,150,525",2,150,14.0,240.5,0,0,0,0,0,7.03,0.5044,12.5,95,da06be4-dirty
times_x1.5,"0.0215,0.0035,0.004,75,150,525",2,150,15.0,240.5,0,0,0,0,0,7.13,0.5093,12.5,95,da06be4-dirty
times_x1.5,"0.0215,0.0035,0.004,75,150,525",2,150,16.0,240.5,0,0,0,0,0,7.24,0.5141,12.5,95,da06be4-dirty
times_x1.5,"0.0215,0.0035,0.004,75,150,525",2,150,17.0,240.5,0,0,0,0,0,7.37,0.519,12.5,95,da06be4-dirty
times_x1.5,"0.0215,0.0035,0.004,75,150,525",2,150,18.0,240.5,0,0,0,0,0,7.43,0.5239,12.5,95,da06be4-dirty
times_x1.5,"0.0215,0.0035,0.004,75,150,525",2,150,19.0,240.5,0,0,0,0,0,7.52,0.5287,12.5,95,da06be4-dirty
times_x1.5,"0.0215,0.0035,0.004,75,150,525",2,150,19.9,240.5,0,0,0,0,0,7.52,0.5332,12.5,95,da06be4-dirty
times_x1.5,"0.0215,0.0035,0.004,75,150,525",2,160,0.0,250.5,0,0,0,0,0,6.51,0.4375,12.5,95,da06be4-dirty
times_x1.5,"0.0215,0.0035,0.004,75,150,525",2,160,1.0,250.5,0,0,0,0,0,6.58,0.4408,12.5,95,da06be4-dirty
times_x1.5,"0.0215,0.0035,0.004,75,150,525",2,160,2.0,250.5,0,0,0,0,0,6.68,0.4454,12.5,95,da06be4-dirty
times_x1.5,"0.0215,0.0035,0.004,75,150,525",2,160,3.0,250.5,0,0,0,0,0,6.73,0.4502,12.5,95,da06be4-dirty
times_x1.5,"0.0215,0.0035,0.004,75,150,525",2,160,4.0,250.5,0,0,0,0,0,6.79,0.4551,12.5,95,da06be4-dirty
times_x1.5,"0.0215,0.0035,0.004,75,150,525",2,160,5.0,250.5,0,0,0,0,0,6.86,0.4599,12.5,95,da06be4-dirty
times_x1.5,"0.0215,0.0035,0.004,75,150,525",2,160,6.0,250.5,0,0,0,0,0,6.94,0.4647,12.5,95,da06be4-dirty
times_x1.5,"0.0215,0.0035,0.004,75,150,525",2,160,7.0,250.5,0,0,0,0,0,6.96,0.4696,12.5,95,da06be4-dirty
times_x1.5,"0.0215,0.0035,0.004,75,150,525",2,160,8.0,250.5,0,0,0,0,0,7.14,0.4744,12.5,95,da06be4-dirty
times_x1.5,"0.0215,0.0035,0.004,75,150,525",2,160,9.0,250.5,0,0,0,0,0,7.22,0.4792,12.5,95,da06be4-dirty
times_x1.5,"0.0215,0.0035,0.004,75,150,525",2,160,10.0,250.5,0,0,0,0,0,7.47,0.484,12.5,95,da06be4-dirty
times_x1.5,"0.0215,0.0035,0.004,75,150,525",2,160,11.0,250.5,0,0,0,0,0,7.55,0.4888,12.5,95,da06be4-dirty
times_x1.5,"0.0215,0.0035,0.004,75,150,525",2,160,12.0,250.5,0,0,0,0,0,7.61,0.4937,12.5,95,da06be4-dirty
times_x1.5,"0.0215,0.0035,0.004,75,150,525",2,160,13.0,250.5,0,0,0,0,0,7.65,0.4985,12.5,95,da06be4-dirty
times_x1.5,"0.0215,0.0035,0.004,75,150,525",2,160,14.0,250.5,0,0,0,0,0,7.72,0.5034,12.5,95,da06be4-dirty
times_x1.5,"0.0215,0.0035,0.004,75,150,525",2,160,15.0,250.5,0,0,0,0,0,7.78,0.5083,12.5,95,da06be4-dirty
times_x1.5,"0.0215,0.0035,0.004,75,150,525",2,160,16.0,250.5,0,0,0,0,0,7.87,0.5132,12.5,95,da06be4-dirty
times_x1.5,"0.0215,0.0035,0.004,75,150,525",2,160,17.0,250.5,0,0,0,0,0,7.97,0.518,12.5,95,da06be4-dirty
times_x1.5,"0.0215,0.0035,0.004,75,150,525",2,160,18.0,250.5,0,0,0,0,0,8.11,0.5229,12.5,95,da06be4-dirty
times_x1.5,"0.0215,0.0035,0.004,75,150,525",2,160,19.0,250.5,0,0,0,0,0,8.22,0.5278,12.5,95,da06be4-dirty
times_x1.5,"0.0215,0.0035,0.004,75,150,525",2,160,19.9,250.5,0,0,0,0,0,8.34,0.5322,12.5,95,da06be4-dirty
times_x1.5,"0.0215,0.0035,0.004,75,150,525",2,170,0.0,260.5,0,0,0,0,0,7.63,0.4609,12.5,95,da06be4-dirty
times_x1.5,"0.0215,0.0035,0.004,75,150,525",2,170,1.0,260.5,0,0,0,0,0,7.74,0.4644,12.5,95,da06be4-dirty
times_x1.5,"0.0215,0.0035,0.004,75,150,525",2,170,2.0,260.5,0,0,0,0,0,7.83,0.4679,12.5,95,da06be4-dirty
times_x1.5,"0.0215,0.0035,0.004,75,150,525",2,170,3.0,260.5,0,0,0,0,0,7.95,0.4714,12.5,95,da06be4-dirty
times_x1.5,"0.0215,0.0035,0.004,75,150,525",2,170,4.0,260.5,0,0,0,0,0,8.04,0.4749,12.5,95,da06be4-dirty
times_x1.5,"0.0215,0.0035,0.004,75,150,525",2,170,5.0,260.5,0,0,0,0,0,8.19,0.4784,12.5,95,da06be4-dirty
times_x1.5,"0.0215,0.0035,0.004,75,150,525",2,170,6.0,260.5,0,0,0,0,0,8.33,0.4819,12.5,95,da06be4-dirty
times_x1.5,"0.0215,0.0035,0.004,75,150,525",2,170,7.0,260.5,0,0,0,0,0,8.48,0.4854,12.5,95,da06be4-dirty
times_x1.5,"0.0215,0.0035,0.004,75,150,525",2,170,8.0,260.5,0,0,0,0,0,8.71,0.4889,12.5,95,da06be4-dirty
times_x1.5,"0.0215,0.0035,0.004,75,150,525",2,170,9.0,260.5,0,0,0,0,0,8.89,0.4925,12.5,95,da06be4-dirty
times_x1.5,"0.0215,0.0035,0.004,75,150,525",2,170,10.0,260.5,0,0,0,0,0,9.31,0.4964,12.5,95,da06be4-dirty
times_x1.5,"0.0215,0.0035,0.004,75,150,525",2,170,11.0,260.5,0,0,0,0,0,9.41,0.5,12.5,95,da06be4-dirty
times_x1.5,"0.0215,0.0035,0.004,75,150,525",2,170,12.0,260.5,0,0,0,0,0,9.54,0.5035,12.5,95,da06be4-dirty
times_x1.5,"0.0215,0.0035,0.004,75,150,525",2,170,13.0,260.5,0,0,0,0,0,9.59,0.507,12.5,95,da06be4-dirty
times_x1.5,"0.0215,0.0035,0.004,75,150,525",2,170,14.0,260.5,0,0,0,0,0,9.82,0.5105,12.5,95,da06be4-dirty
times_x1.5,"0.0215,0.0035,0.004,75,150,525",2,170,15.0,260.5,0,0,0,0,0,9.82,0.514,12.5,95,da06be4-dirty
times_x1.5,"0.0215,0.0035,0.004,75,150,525",2,170,16.0,260.5,0,0,0,0,0,10.08,0.5176,12.5,95,da06be4-dirty
times_x1.5,"0.0215,0.0035,0.004,75,150,525",2,170,17.0,260.5,0,0,0,0,0,10.28,0.5211,12.5,95,da06be4-dirty
times_x1.5,"0.0215,0.0035,0.004,75,150,525",2,170,18.0,260.5,0,0,0,0,0,10.37,0.5246,12.5,95,da06be4-dirty
times_x1.5,"0.0215,0.0035,0.004,75,150,525",2,170,19.0,260.5,0,0,0,0,0,10.53,0.5282,12.5,95,da06be4-dirty
times_x1.5,"0.0215,0.0035,0.004,75,150,525",2,170,19.9,260.5,0,0,0,0,0,10.59,0.534,12.5,95,da06be4-dirty
times_x1.5,"0.0215,0.0035,0.004,75,150,525",2,180,0.0,270.5,0,0,0,0,0,10.29,0.4841,12.5,95,da06be4-dirty
times_x1.5,"0.0215,0.0035,0.004,75,150,525",2,180,1.0,270.5,0,0,0,0,0,10.4,0.4878,12.5,95,da06be4-dirty
times_x1.5,"0.0215,0.0035,0.004,75,150,525",2,180,2.0,270.5,0,0,0,0,0,10.49,0.4914,12.5,95,da06be4-dirty
times_x1.5,"0.0215,0.0035,0.004,75,150,525",2,180,3.0,270.5,0,0,0,0,0,10.59,0.495,12.5,95,da06be4-dirty
times_x1.5,"0.0215,0.0035,0.004,75,150,525",2,180,4.0,270.5,0,0,0,0,0,10.73,0.4987,12.5,95,da06be4-dirty
times_x1.5,"0.0215,0.0035,0.004,75,150,525",2,180,5.0,270.5,0,0,0,0,0,10.84,0.5024,12.5,95,da06be4-dirty
times_x1.5,"0.0215,0.0035,0.004,75,150,525",2,180,6.0,270.5,0,0,0,0,0,10.94,0.506,12.5,95,da06be4-dirty
times_x1.5,"0.0215,0.0035,0.004,75,150,525",2,180,7.0,270.5,0,0,0,0,0,11.01,0.5097,12.5,95,da06be4-dirty
times_x1.5,"0.0215,0.0035,0.004,75,150,525",2,180,8.0,270.5,0,0,0,0,0,11.13,0.5133,12.5,95,da06be4-dirty
times_x1.5,"0.0215,0.0035,0.004,75,150,525",2,180,9.0,270.5,0,0,0,0,0,11.22,0.517,12.5,95,da06be4-dirty
times_x1.5,"0.0215,0.0035,0.004,75,150,525",2,180,10.0,270.5,0,0,0,0,0,11.44,0.5212,12.5,95,da06be4-dirty
times_x1.5,"0.0215,0.0035,0.004,75,150,525",2,180,11.0,270.5,0,0,0,0,0,11.58,0.5249,12.5,95,da06be4-dirty
times_x1.5,"0.0215,0.0035,0.004,75,150,525",2,180,12.0,270.5,0,0,0,0,0,11.64,0.5285,12.5,95,da06be4-dirty
times_x1.5,"0.0215,0.0035,0.004,75,150,525",2,180,13.0,270.5,0,0,0,0,0,11.69,0.5322,12.5,95,da06be4-dirty
times_x1.5,"0.0215,0.0035,0.004,75,150,525",2,180,14.0,270.5,0,0,0,0,0,11.78,0.5358,12.5,95,da06be4-dirty
times_x1.5,"0.0215,0.0035,0.004,75,150,525",2,180,15.0,270.5,0,0,0,0,0,11.97,0.5395,12.5,95,da06be4-dirty
times_x1.5,"0.0215,0.0035,0.004,75,150,525",2,180,16.0,270.5,0,0,0,0,0,12.16,0.5431,12.5,95,da06be4-dirty
times_x1.5,"0.0215,0.0035,0.004,75,150,525",2,180,17.0,270.5,0,0,0,0,0,12.35,0.5468,12.5,95,da06be4-dirty
times_x1.5,"0.0215,0.0035,0.004,75,150,525",2,180,18.0,270.5,0,0,0,0,0,12.47,0.5504,12.5,95,da06be4-dirty
times_x1.5,"0.0215,0.0035,0.004,75,150,525",2,180,19.0,270.5,0,0,0,0,0,12.6,0.5541,12.5,95,da06be4-dirty
times_x1.5,"0.0215,0.0035,0.004,75,150,525",2,180,19.9,270.5,0,0,0,0,0,12.77,0.5599,12.5,95,da06be4-dirty
times_x1.5,"0.0215,0.0035,0.004,75,150,525",2,190,0.0,280.5,0,0,0,0,0,12.08,0.5071,12.5,95,da06be4-dirty
times_x1.5,"0.0215,0.0035,0.004,75,150,525",2,190,1.0,280.5,0,0,0,0,0,12.21,0.5109,12.5,95,da06be4-dirty
times_x1.5,"0.0215,0.0035,0.004,75,150,525",2,190,2.0,280.5,0,0,0,0,0,12.28,0.5147,12.5,95,da06be4-dirty
times_x1.5,"0.0215,0.0035,0.004,75,150,525",2,190,3.0,280.5,0,0,0,0,0,12.37,0.5185,12.5,95,da06be4-dirty
times_x1.5,"0.0215,0.0035,0.004,75,150,525",2,190,4.0,280.5,0,0,0,0,0,12.47,0.5222,12.5,95,da06be4-dirty
times_x1.5,"0.0215,0.0035,0.004,75,150,525",2,190,5.0,280.5,0,0,0,0,0,12.58,0.5261,12.5,95,da06be4-dirty
times_x1.5,"0.0215,0.0035,0.004,75,150,525",2,190,6.0,280.5,0,0,0,0,0,12.65,0.5299,12.5,95,da06be4-dirty
times_x1.5,"0.0215,0.0035,0.004,75,150,525",2,190,7.0,280.5,0,0,0,0,0,12.77,0.5337,12.5,95,da06be4-dirty
times_x1.5,"0.0215,0.0035,0.004,75,150,525",2,190,8.0,280.5,0,0,0,0,0,12.8,0.5374,12.5,95,da06be4-dirty
times_x1.5,"0.0215,0.0035,0.004,75,150,525",2,190,9.0,280.5,0,0,0,0,0,13.05,0.5412,12.5,95,da06be4-dirty
times_x1.5,"0.0215,0.0035,0.004,75,150,525",2,190,10.0,280.5,0,0,0,0,0,13.38,0.5456,12.5,95,da06be4-dirty
times_x1.5,"0.0215,0.0035,0.004,75,150,525",2,190,11.0,280.5,0,0,0,0,0,13.47,0.5493,12.5,95,da06be4-dirty
times_x1.5,"0.0215,0.0035,0.004,75,150,525",2,190,12.0,280.5,0,0,0,0,0,13.61,0.5531,12.5,95,da06be4-dirty
times_x1.5,"0.0215,0.0035,0.004,75,150,525",2,190,13.0,280.5,0,0,0,0,0,13.75,0.5569,12.5,95,da06be4-dirty
times_x1.5,"0.0215,0.0035,0.004,75,150,525",2,190,14.0,280.5,0,0,0,0,0,13.89,0.5607,12.5,95,da06be4-dirty
times_x1.5,"0.0215,0.0035,0.004,75,150,525",2,190,15.0,280.5,0,0,0,0,0,13.99,0.5645,12.5,95,da06be4-dirty
times_x1.5,"0.0215,0.0035,0.004,75,150,525",2,190,16.0,280.5,0,0,0,0,0,14.16,0.5683,12.5,95,da06be4-dirty
times_x1.5,"0.0215,0.0035,0.004,75,150,525",2,190,17.0,280.5,0,0,0,0,0,14.31,0.5721,12.5,95,da06be4-dirty
times_x1.5,"0.0215,0.0035,0.004,75,150,525",2,190,18.0,280.5,0,0,0,0,0,14.43,0.5759,12.5,95,da06be4-dirty
times_x1.5,"0.0215,0.0035,0.004,75,150,525",2,190,19.0,280.5,0,0,0,0,0,14.56,0.5796,12.5,95,da06be4-dirty
times_x1.5,"0.0215,0.0035,0.004,75,150,525",2,190,19.9,280.5,0,0,0,0,0,14.75,0.5861,12.5,95,da06be4-dirty
times_x1.5,"0.0215,0.0035,0.004,75,150,525",2,200,0.0,290.5,0,0,0,0,0,14.4,0.5332,12.5,95,da06be4-dirty
times_x1.5,"0.0215,0.0035,0.004,75,150,525",2,200,1.0,290.5,0,0,0,0,0,14.54,0.5371,12.5,95,da06be4-dirty
times_x1.5,"0.0215,0.0035,0.004,75,150,525",2,200,2.0,290.5,0,0,0,0,0,14.67,0.541,12.5,95,da06be4-dirty
times_x1.5,"0.0215,0.0035,0.004,75,150,525",2,200,3.0,290.5,0,0,0,0,0,14.75,0.5449,12.5,95,da06be4-dirty
times_x1.5,"0.0215,0.0035,0.004,75,150,525",2,200,4.0,290.5,0,0,0,0,0,14.88,0.5489,12.5,95,da06be4-dirty
times_x1.5,"0.0215,0.0035,0.004,75,150,525",2,200,5.0,290.5,0,0,0,0,0,15.04,0.5531,12.5,95,da06be4-dirty
times_x1.5,"0.0215,0.0035,0.004,75,150,525",2,200,6.0,290.5,0,0,0,0,0,15.18,0.557,12.5,95,da06be4-dirty
times_x1.5,"0.0215,0.0035,0.004,75,150,525",2,200,7.0,290.5,0,0,0,0,0,15.28,0.5609,12.5,95,da06be4-dirty
times_x1.5,"0.0215,0.0035,0.004,75,150,525",2,200,8.0,290.5,0,0,0,0,0,15.52,0.5649,12.5,95,da06be4-dirty
times_x1.5,"0.0215,0.0035,0.004,75,150,525",2,200,9.0,290.5,0,0,0,0,0,15.67,0.5688,12.5,95,da06be4-dirty
times_x1.5,"0.0215,0.0035,0.004,75,150,525",2,200,10.0,290.5,0,0,0,0,0,16.47,0.5735,12.5,95,da06be4-dirty
times_x1.5,"0.0215,0.0035,0.004,75,150,525",2,200,11.0,290.5,0,0,0,0,0,16.62,0.5774,12.5,95,da06be4-dirty
times_x1.5,"0.0215,0.0035,0.004,75,150,525",2,200,12.0,290.5,0,0,0,0,0,16.86,0.5813,12.5,95,da06be4-dirty
times_x1.5,"0.0215,0.0035,0.004,75,150,525",2,200,13.0,290.5,0,0,0,0,0,17.07,0.5852,12.5,95,da06be4-dirty
times_x1.5,"0.0215,0.0035,0.004,75,150,525",2,200,14.0,290.5,0,0,0,0,0,17.25,0.5892,12.5,95,da06be4-dirty
times_x1.5,"0.0215,0.0035,0.004,75,150,525",2,200,15.0,290.5,0,0,0,0,0,17.47,0.5931,12.5,95,da06be4-dirty
times_x1.5,"0.0215,0.0035,0.004,75,150,525",2,200,16.0,290.5,0,0,0,0,0,17.64,0.597,12.5,95,da06be4-dirty
times_x1.5,"0.0215,0.0035,0.004,75,150,525",2,200,17.0,290.5,0,0,0,0,0,17.82,0.601,12.5,95,da06be4-dirty
times_x1.5,"0.0215,0.0035,0.004,75,150,525",2,200,18.0,290.5,0,0,0,0,0,17.98,0.6049,12.5,95,da06be4-dirty
times_x1.5,"0.0215,0.0035,0.004,75,150,525",2,200,19.0,290.5,0,0,0,0,0,18.18,0.6088,12.5,95,da06be4-dirty
times_x1.5,"0.0215,0.0035,0.004,75,150,525",2,200,19.9,290.5,0,0,0,0,0,18.44,0.6151,12.5,95,da06be4-dirty
